device.id,highestPrice,purchaseCount,first_purchase_time,last_purchase_time,observation_period_end
0001E7ED9ECB34E9A1D31DE15B334E32001B32BD,488,7,1406267187342,1406267278630,1412120576524
0007D808995A3A3F9A061A185D0652DC854D7883,760,23,1405089477485,1409163145798,1412120576524
001027BFD879422D2F6274979EF168C89BD5D079,440,2,1406650900146,1406650900146,1412120576524
00158208B67E7A227CC59E9FD3585C517C56E2CC,400,1,1406473755988,1406473755988,1412120576524
0015A3F1BE681A2A532EF874ACBDF523A6366EB1,760,23,1405469368367,1405469582393,1412120576524
0016525E1F5FA93B6465FC8165A1088F709F12EF,760,7,1405558449746,1405558461780,1412120576524
0024610E1D72A3990D1F6FAC362C2DF11DF6164E,400,2,1405472349438,1405472477306,1412120576524
0024F0A96CBB0535495C96A2E34C769A4C442B8C,2000,44,1405490881240,1406688343276,1412120576524
002656FB9D10D16019B4AA6A19F182BE2EF0A92E,608,9,1405015194198,1405015464281,1412120576524
002711381E686D2B35513BF959AF844FECB15B6F,544,8,1405259207641,1405259331336,1412120576524
002F0591620BD388691B4AF2C98CA4947E409CDE,760,11,1405322412895,1405416249440,1412120576524
00351569926E1A45064AA0B77A4FB513E75EFBCB,608,6,1405652362525,1405709938349,1412120576524
003B0A44E393B8C83D047AB2B4C908929862F2AF,760,14,1404951407222,1405234543316,1412120576524
003EB02280C5FB1BF2E308F793CCC977810614BE,400,3,1406394398206,1406394651236,1412120576524
00448EB3FA9DC0ACD75842246BC6E2DFC9A21B99,5000,18,1405533737652,1406434163726,1412120576524
0049767DA701E98EFD37FC21D661033560B49380,440,11,1405198192979,1405198512497,1412120576524
004A3F9359169DA79654882A34638778CD71CB9A,760,12,1405997707220,1405998115850,1412120576524
004B8A6F083E4C5F17B45473BDBFCD4B1E709F37,440,10,1405061341301,1405061545132,1412120576524
0053BB42AEE5BA8F79E4F5AF2DD3E0185F0CBFF8,760,21,1405884281448,1405884870053,1412120576524
00574E86D55DE43338039C72011D55B9AC9DEF3D,680,12,1405146763248,1406253666980,1412120576524
005B56C80276C6F0E77B261AEEB734B5A46B0FF5,5000,29,1404955648089,1406426604777,1412120576524
005BA7C414C5234389740B6AA7639B4AB30B8865,8000,55,1404582270343,1404611774799,1412120576524
005FBC64BBBE23C12A47864AB14AD556874D45CE,400,1,1405231288495,1405231288495,1412120576524
0066387A416683192CD6E9E2BFB79127FF2A03B6,5000,7,1404702594810,1404703371760,1412120576524
006A50EEC9BAEA0ACF020A72492207658DB8EB0D,5000,54,1405385346961,1405733698963,1412120576524
0078F355D26FBC433EBAF85152A91A3B31EDFF7B,400,1,1405790017007,1405790017007,1412120576524
00802BD5AA4ACF2BBDFA623CB9C3FB441712EAB1,400,1,1406750513712,1406750513712,1412120576524
008D940984467589501CEC59B1ACB8A8B5FDAE11,5000,30,1405080822394,1405248467393,1412120576524
0093591DDC9FFC16854DBCB9FB4EE0492D2A9ECD,5000,27,1405388579442,1407110728342,1412120576524
0096527E8627B40678E210844ABE377729187AB1,608,10,1406728697917,1406728817706,1412120576524
00A0A5803679DC397D73E0279F35E21171895AF4,400,1,1405127008755,1405127008755,1412120576524
00A235963BB1F98F59CD4766B732EA874A824F19,2000,31,1405317131297,1405512276448,1412120576524
00A33519934927FC783DCC67C1219F5B50B45AA8,2000,13,1404955130718,1406515972669,1412120576524
00AC7B9B90228CA4A814CDBFF872F4F6B21FEAEF,440,5,1406507261147,1406605621827,1412120576524
00B170BE239231B2FC56A4FDE77142A096931E45,760,19,1405364164929,1405365185283,1412120576524
00BB18E0D2B7658D84121F0C4BB5D5A4FA65E7AB,5000,25,1405168263222,1405255330932,1412120576524
00C932F56DF0C7CEA89F29A351916806D1CDD082,544,8,1404663700304,1404663721295,1412120576524
00D681BC4F2E09D803A71B299ACD2769974B2742,5000,18,1404932585482,1405023274431,1412120576524
00E31D33648EC4664586039757C535A5AC76EB60,5000,56,1405160754672,1405167721977,1412120576524
00E9D46AD6158CB1309ABC8B474AEACAD4E54E41,400,1,1405970504000,1405970504000,1412120576524
00EE04F15BFB16FB81798CA20FDF261C062B30B0,5000,30,1404962719419,1405885969684,1412120576524
00FFBDF82B979EDFF0D5215D0B7F2B8EE2CBCC0D,2000,24,1405145673013,1405170096562,1412120576524
010902AAD06AA140AABC1B9197E004728EE6C21B,400,4,1405311491676,1405311530482,1412120576524
011215F73228FF248204F5D4FD8EE44E29FF4B0D,400,1,1404959752969,1404959752969,1412120576524
011B05A7DB926303A361E9BDFBD11C307ABADD43,400,1,1405213629624,1405213629624,1412120576524
011BF66EE9E746F0E70AF29E761C01728268540A,488,9,1406255878471,1406256068690,1412120576524
011E57D8830D6940D9F98F3D7EC8D808E88B9E4C,544,12,1405460476886,1405460522144,1412120576524
01216CE036E3B596687F714C2473CA82537C6978,760,23,1405745953108,1405746592628,1412120576524
012B9ECB864EF37A0E8CC7023E9A1328520EF9EE,400,1,1405617730896,1405617730896,1412120576524
0131A79A947DDD4570D6CC80DA8874022EBF3C2E,440,10,1407461257852,1408325523155,1412120576524
01321473BA62BEAA07C591D64F8BAD092974C644,760,23,1405313942044,1405397633761,1412120576524
0136F949B80888F30EFCA210D9FEA15FD8D52AB7,400,1,1405590796019,1405590796019,1412120576524
0137A2F73CD6572DDF2CFC30BFD1968C10786824,760,23,1406741161854,1407163064705,1412120576524
01397BEB0EC63343A54F1F57793D90D58FF0FE9C,680,19,1405430463817,1405430966019,1412120576524
014688CC1D076182E4A2ECBD805EB1D611B43995,760,14,1406638507099,1406639008367,1412120576524
01506B8DD9904C6BE546642E145B33D2DC59167B,488,9,1405396408568,1405396416229,1412120576524
01562CCC278C4608140E5D43E626F14EEEEC5D53,440,5,1405385173185,1405385603249,1412120576524
015935F89271D4667822DE51BED57363A66AE2E0,400,2,1404713137562,1404713137562,1412120576524
015C88BA187432197D4E974B43B1FE325F4B03B0,400,1,1405303664256,1405303664256,1412120576524
01636D443379E65121C7ED665DB9C82E6F7C22A1,400,1,1404280584445,1404280584445,1412120576524
016AB0B79108472497536406FC84A219E2B9E453,488,8,1404946979421,1404947003875,1412120576524
016CC05A664F8EFD275FF164AC606915A5E9E567,440,2,1405254922931,1405255088108,1412120576524
0172E50731BC759EE6BCBE4C3FEC16FCC7E845E9,5000,24,1405202955482,1405643931817,1412120576524
017D8E20CED60E8920E39EF84170E0203BEEE7DF,2000,25,1406763595193,1406823327193,1412120576524
018447EFCF05035DC36F2908D19A6247F6B0F9FF,70000,188,1406123948337,1408554319016,1412120576524
018D4FE95EDDF0A95C764BC27B725EF898D4C6B8,400,2,1405991066591,1405991066591,1412120576524
0190E5BA8BC63BDDF98873B7CEA208FCF994331C,2000,3,1406270083335,1406277559121,1412120576524
0196C3906E32FBE4EF8DF7FB9075E6349C4ACFFD,5000,6,1405574350029,1405574692339,1412120576524
0199CF16165723FC6C27B7FF919AC2EEB70C5A54,544,11,1404646560068,1404646669210,1412120576524
019C103E47AD13E32AF4B4B0FDD474385EDE707E,544,13,1406007231747,1406007747267,1412120576524
01A2DE223289C285F9A4224D997D7689DF208D70,760,7,1405045110683,1405045171188,1412120576524
01A5A215AAC1141E03ACB26BE8E6B7F528D43B0B,5000,4,1405741216399,1405792727494,1412120576524
01AEF656CC5596F9FF230635A74DFAD37550EC34,5000,49,1405666528969,1405824772550,1412120576524
01B9CD994711FE21BB766533572C177FB9BA0EC7,15000,61,1405302652585,1405447204553,1412120576524
01BD1040C6B0CD0B2068E3CE3997F0FF2E10A20D,760,7,1405529727102,1405748837080,1412120576524
01BD5F5826D14078456D273FCF240E2F1A1BF73F,5000,2,1405108278135,1405108541874,1412120576524
01C5C3957F28650491B561F6DFC7A9A9F3BD87C1,760,8,1405910372694,1405910375482,1412120576524
01D1B6BC586CE8AF440AB7654CA317918EAFEAF8,608,7,1404483024464,1404483939339,1412120576524
01D6A8CE07D46F15CB51DAD8CB6680FE4D3EAB58,400,5,1405450186313,1405450241894,1412120576524
01E35B1CD6117D54D1D3D4BCF6A2E1E862D1780D,760,16,1404635983547,1404745984030,1412120576524
01F2458863F741F4C4943F5D7E49D38B780EC02E,440,9,1405275443754,1405275561317,1412120576524
01F415E30ECE4C8C6361CF10FE13BD8936BD25F5,400,1,1405556824392,1405556824392,1412120576524
01F46A9CD62EF2DDFE520FFDBCE94DFD3AE790BB,760,18,1405714565098,1405714988587,1412120576524
01F69B3979FA4E2738563AF5AD2356A27E318F70,680,14,1405387078989,1405387429804,1412120576524
022594156EB86CB14E170FED6595FEBF47D8676F,1050,6,1405384817207,1405385187470,1412120576524
02417A0BF8B6D586530446BF015B71DEF83FE7FE,440,10,1406134995255,1406135264860,1412120576524
0250AB125DC27E23ED95B0BA732FD3B81EF2124A,20000,27,1405481776282,1405546648850,1412120576524
02528B6B8FBD378170E8AB54604E78E451C8BB1F,2000,32,1405388525769,1405630029188,1412120576524
02530DEB6DEAD93647A8AA7DFB110CC877C166F9,400,2,1405643515147,1410996082849,1412120576524
0258E7AA2AA6D6B528109D544F3CBDBCF795691D,440,10,1405737304476,1405737377697,1412120576524
0271CFD06298A375C872E5FE0A36FFCE200F8330,2000,28,1405529288668,1405616400009,1412120576524
02725BC98C4DE3AB34FC90591DD641ADE4621AAE,2000,1,1405660149534,1405660149534,1412120576524
0272969AE6246F4DDB74685976C35E9F30F617BD,5000,14,1405001988115,1405003070610,1412120576524
02776182279D83291420649AEB9C1B861C0A7A48,488,8,1405231718671,1405231744479,1412120576524
028A49AE91986882B1DBAA813E1C76DE7CD7BB43,400,5,1406065908799,1406065908799,1412120576524
028E608122431A6500158E912C72804E370D13DC,488,7,1404886452221,1405149936327,1412120576524
0297A853BA2B2713B46C0E2A0683023877C96AFF,5000,62,1406659535883,1406816565270,1412120576524
02ABA548452E13DA620900D54342DA781FDAB778,440,5,1405617648424,1405617669024,1412120576524
02B1B4B44A9E2EF7008B29B74E132705A510F7C9,400,2,1406077572971,1406077572971,1412120576524
02BB962353D77FA28D712FA5EB30EF2AA6360718,400,1,1405040806423,1405040806423,1412120576524
02BF8FD5D987B49F0E3C2012A412B53EA521A4E1,20000,115,1406080241444,1406181180957,1412120576524
02C91D1C07B45FBC9DB80C4891F7153AA32D46A7,5000,62,1405048690894,1405194195869,1412120576524
02CCE87C2B540041AD5FD02AAE29E8BBE66E0973,400,1,1405510747832,1405510747832,1412120576524
02CF6A9B483A8E24CE907E4EDE6652A6D8F1EA21,15000,55,1405223611881,1411951700277,1412120576524
02D26BBF4458EC5E021C71ABF7C6AAA6A01B24D8,130000,281,1405686678357,1408707608084,1412120576524
02D94150370D01E3D8EFABC5275EE2ECAF11FA12,608,16,1405273350497,1405273853934,1412120576524
02E1DFFF9E656938D9CACDDA8EFDF1BD1D5AD16E,2000,26,1406908826018,1408890431475,1412120576524
02E423E27040B8827A26729458C3DAE8C04D9583,608,5,1405427922067,1405427922067,1412120576524
02E64F0791561AB221354EE27FB4DC6DE69D95F3,760,12,1405275318604,1405275556014,1412120576524
02EE6727E799D1675910A4AC4235418D4BF00336,760,23,1406302445291,1406311591815,1412120576524
02EED2B4E033ABF3F29D685C513842C1F07E4C56,400,1,1404965810984,1404965810984,1412120576524
02F0A9D81C5B54BF6A36588C9293F2C98B467AC1,70000,187,1405403448671,1411056356743,1412120576524
02FA5594C26011766B1DC79A2225EAB8056E2F76,400,2,1406019251603,1406019320471,1412120576524
030202F49C3B29B27C527A237C2CA5FB9490F9BF,760,47,1406095740372,1406096811731,1412120576524
0304E67EFED1FD78DD31B1A0E4887380C7C084F0,680,6,1406311698034,1406311707994,1412120576524
030F459D86DC2FA6F8B8948E6CC64BF75E65952D,760,36,1405189953376,1405269003249,1412120576524
0319F34EDD4969565FD68DA16E959A218A24B380,760,31,1406170542412,1406243187267,1412120576524
03239773EA6D8979B40884B6AFF581A17CE9994A,544,12,1406171255203,1406171426612,1412120576524
0328508C69302730605E95690AB3971759C7D564,400,1,1406498825261,1406498825261,1412120576524
033137FA151EC1DC4F2340CC0250CDDBD762B61E,488,8,1405222823057,1405222843057,1412120576524
03360753995DA3CC1EEE6782F53A108B55835792,20000,53,1405052321772,1405565860824,1412120576524
0339315B2CAC1A6EDE7FF7E88815E1B604F8D39E,2000,31,1405362299668,1407963735551,1412120576524
033ADF74341DFCDC087B277E5F37482170DD8EC6,400,1,1405971675272,1405971675272,1412120576524
0340E84BAB44333786EC0E9FE93C0512D6159F54,440,3,1405370612585,1405370612585,1412120576524
03415EF822DDEC90C4B8B96BA5E0F875A9979417,544,11,1405131067240,1405131170723,1412120576524
03488D19C87899754B69A48BC5CC30BF863E69FB,2000,23,1405392168405,1405393929851,1412120576524
0349BB9E32B1AABBACE91F774749E7A33B8C231D,5000,20,1404962395769,1404963214586,1412120576524
034D76AE183E6871510FE79743C955450619C427,400,1,1405638552214,1405638552214,1412120576524
0355E3C45EFB377FDF9645B34FB7304C53845FD3,20000,64,1404773796535,1405902805067,1412120576524
035A87554F2063E0A54C4CA439A14220D21F2009,400,1,1406424257542,1406424257542,1412120576524
035E3E211E8CE73992DAE471CB8C51D0D1D60C12,8000,5,1405050532896,1405276613262,1412120576524
035FF2967D4FCA6DA91CFBE5F29D3DDF5AC9EF95,400,1,1405149132307,1405149132307,1412120576524
03660D06B3B817007AB830F200525D9AB97952F0,488,15,1405394848254,1405395401354,1412120576524
036AB8A14174DF3C324268BD9C9D18E1C33CCF0C,5000,13,1404887581429,1407632549719,1412120576524
036BDA45C65AEEAA200D501E84A810DC106F7EB6,760,16,1406228351401,1406228863030,1412120576524
036CC10CCFC29C591151C0491DEBDDC4A1D8824E,2000,35,1406421487345,1406472695772,1412120576524
03712B7E7A9EAD1C4D89859430D92EE2F31B84A5,400,1,1405222841198,1405222841198,1412120576524
0372FBF5A4F105125EAA8D7DD9268390E4ED443C,70000,172,1404909508664,1408227596193,1412120576524
03809080C4F8F5C82339633881C2A3B9C530C833,680,16,1406439396844,1406572734474,1412120576524
03817BC343F43A7BF19D5401B9C51C9745CDCF0F,760,25,1405061325863,1405061418352,1412120576524
038F9C5DE7C7A57D679AEC603AFBB348262BAED2,760,11,1405575777871,1406269929255,1412120576524
0399A21E0636B725B15529D41D9349127338E25D,400,1,1405491484257,1405491484257,1412120576524
03A500D1D2F4748C332F96D16028827194E4EDB6,20000,176,1404927031634,1405007986828,1412120576524
03A58CF1E3DF04F02783F92EA4A894A49ACC8E4E,2000,28,1405448384880,1406046582955,1412120576524
03AF4A06C3752EA5E58C6D58FF3161FAE0CA59DF,5000,11,1405491245620,1405625361231,1412120576524
03B7F57D760B7E3DAA7E370E05409163B255CCF4,2000,95,1405001093794,1407431705448,1412120576524
03BCDB8BBF13303CCFE74DF41B855FF51E36895D,400,2,1405275861528,1405275910121,1412120576524
03C2B5D97EA285187C0AFC771F599EB4A3A13978,488,3,1405312875115,1405312875115,1412120576524
03CE633B17616A67C8718CA8A95128BD0724B2CF,400,1,1405805707904,1405805707904,1412120576524
03EB563A15FF1FC349F705C99B94F11D9CE1528A,5000,11,1405013484010,1405014018613,1412120576524
03F1B1701BFCB2F33801904BEEBD09A510037C7E,5000,20,1405285259714,1405316719708,1412120576524
03F337A3DD6C49D9DF067972D473F25F668E36BF,20000,232,1406050758529,1406052092053,1412120576524
03F4958C6A767C0FE122ABE911EB4E4F79699460,5000,25,1405040246684,1405255280410,1412120576524
03F8B4A539365892B91716F1540A2D326F7E020A,2000,33,1405560808245,1405637109652,1412120576524
040ACB00DF1F57C416888A90BC88313C64ECAE74,400,1,1406348333711,1406348333711,1412120576524
040E0058A78CFEF8883054FB95378C75546DAB02,15000,60,1405307766324,1405641449251,1412120576524
04131775C3A293A4C79FCC6C6D57B0EC8C62798D,760,8,1406100567957,1406100796897,1412120576524
0414BE46B2838A32142281FC2AB96820E08065A8,2000,40,1405475905115,1405784798518,1412120576524
04256FA4432B67935CFB7238D4EE88F60D2783EB,400,1,1404261664590,1404261664590,1412120576524
042CECA058D023F2F206779B143E770240271F3D,2000,37,1404866906735,1405301686933,1412120576524
042FF5E25E31F4DACD4CF19C5CE0B062D4909D88,760,38,1405777624177,1405777755254,1412120576524
043ACF235CB173485462CFC6F33DBFB633077DB3,488,12,1405286390654,1405286523752,1412120576524
044CC3A4E510CCAC61D4F3DDF55B9DE4D2945FF6,40000,172,1405184570478,1409916614996,1412120576524
044D72B5E5A2C1B30856ABD9AD6B348915E2A37A,760,9,1404380412345,1404455585493,1412120576524
04589F6D94ECE90D06C1A8E2811D79DF6BB58DDE,680,6,1404262073920,1404262090778,1412120576524
045B6A6DEE5AE7A92CDB5B6CF8FF7CC7A12C4C95,5000,6,1406689894535,1406690413338,1412120576524
045CEB7429594D36C9B7E80830266B5B2A64E126,608,12,1404953096051,1404953621465,1412120576524
046205F204887D240ECE46D09817E12934DCD893,2000,49,1405307559050,1405460254461,1412120576524
0463C0EB2F288C5FF51F22024B8BC1C67F254D38,680,7,1405627597832,1405627745208,1412120576524
0463C9C27D2D4923399C458F36A14F7CCBA71C9F,5000,15,1406498659336,1406702884136,1412120576524
04651FADA09E2540D05EF7393734E6CF94CA543A,2000,20,1404856782942,1404967012195,1412120576524
04680B7923F9A82FBA741272E9512F9A9DC06374,544,14,1405097426060,1405098170689,1412120576524
04689C265B75B1BDCDE9061D80E1B71A49857D78,760,12,1405053841242,1405108397579,1412120576524
0468D21C6B17C070D146E104DE2A48C27C4607B4,400,1,1405882235609,1405882235609,1412120576524
047DD959B99F38C6397DF29B76BD3AA4C690964D,20000,51,1405230001065,1406434932513,1412120576524
04801230FC0AD076015EEE3F8237E838C1FB455D,400,2,1409754436206,1409754436206,1412120576524
04822966AA19970549EFBABEE1FF0C9CC70E3A10,760,8,1405356029377,1405427058370,1412120576524
048C0030B3F4A610AD1B7ECA39A3ABD4861B01B9,680,4,1405474260862,1405474405558,1412120576524
048C98EBB75B55447428F73130843D61B8DB4256,488,3,1405310656615,1405310656615,1412120576524
048E5F46399D36380703E0B38E869B075D0D9384,400,1,1405438262878,1405438262878,1412120576524
048EE092405EE8864FD9572AADAD4D64F1C160E3,680,6,1405384645923,1405384666837,1412120576524
04B016EA89364B4FF7262A21B0896DA708E14596,5000,27,1405377909577,1405992536815,1412120576524
04B2BED243B7BBAE15C75157AA42F0C5AA52E8D6,5000,23,1405133817506,1407696072435,1412120576524
04C7D82E0953A78670573E5BCC9B0118AFDFAED3,5000,49,1405483432028,1406090136264,1412120576524
04D370C548F094ECBD3E7BEF151C3C17C2CCCFBF,20000,26,1405516825928,1405563764932,1412120576524
04D52564D7C670CD9EDB759A83A645515D0F8E93,2000,20,1405483006289,1405486633884,1412120576524
04DC079167955A362FA3421449EE5F1D27760283,2000,20,1405448754310,1405449271697,1412120576524
04E38997432548C42622C411C620E8B902A3F559,400,2,1405877481722,1405877570062,1412120576524
04ED32D65B77EAD03BBF5034D98A2E68940FB1C7,20000,60,1404962458657,1405398528139,1412120576524
04FBA3D5765401B78E32F40DF408399A6EE1098B,2000,42,1405313107208,1411092703137,1412120576524
050316FE38AFBFFA077AC5EBD7DB7A78DDEC6581,15000,126,1405044405497,1407299367412,1412120576524
050882D19D68D80DF8F46C7A02ECBD0F2274D2EA,5000,6,1405761128158,1405770409242,1412120576524
050ABC6A7360E9A6EC52F14086A411E024D17C74,15000,37,1404882876714,1405035622877,1412120576524
050F573ED6014AA64D75468D4748796A4F40CFC5,440,2,1406444868631,1406444868631,1412120576524
0513261C37EB5CB10EB928F607EBD3B5003DD6E6,760,35,1405425306257,1405693074365,1412120576524
051AB37F67D900DC61AEE6F0723952A5FAF5CF40,440,9,1405584935648,1405585060207,1412120576524
052269B75F28E77C6651DFFA0444D6267D6CB475,5000,41,1404867220368,1407075511377,1412120576524
0522A39BCBCFF726047A91D70071E3F0496703EA,5000,42,1405463870623,1405699745728,1412120576524
05286F2BC45B92846BE63F3A94F618E18D1A925E,400,6,1406235096140,1406235156767,1412120576524
052F9CFD1459AE5E569A7F1CAE629C6ED3D12A30,400,6,1406444035097,1406444190025,1412120576524
0532E922EEB78577374C8634A12F7FF4A239205B,400,1,1405045011285,1405045011285,1412120576524
0535C9B7BD40D4B21FC25181977F86C1A6784883,488,7,1405491665083,1405586107814,1412120576524
053690C597DACB47B6BA6A765D9366D75118E0F8,70000,104,1404916251391,1411508351808,1412120576524
053A27DE77A1DCC74F168E7FC3D406F11A7A48B3,400,6,1404876966617,1404876977350,1412120576524
053B65799869CB7F03AACE65E497A1097F24DCE5,400,1,1405387585317,1405387585317,1412120576524
053C1CDF7C3A4A12CE3F9B5E51CFFF62ACB88478,680,13,1405176165367,1405176547019,1412120576524
054AC4F89A9596C68772AFA722F2D25BA4EA3C14,760,29,1405665513178,1409631505954,1412120576524
054C8592E7BDB00B911F23023C649AEB9E207102,2000,18,1406321209402,1406392024456,1412120576524
0555C3695248D5B8027DC90FD18A151922C58D37,5000,27,1405489460793,1405803138297,1412120576524
055CB65157ED97281FD0FDCC519FD6E4990B5E40,5000,20,1404962261262,1405999314522,1412120576524
0560649FA3490C3BFBF1CF4322CB53D7D54FFC72,608,20,1405139418298,1405149111350,1412120576524
0570A37650B8C460A6798128772A936B1176A9DF,440,7,1405042877979,1405043239958,1412120576524
0575FD1FC85EEAA9853181033D4C125497A028E3,400,2,1404885694108,1404926090779,1412120576524
0577AD53BE96BA4AC4305F059C15FFE297885360,8000,34,1404667100369,1404667999801,1412120576524
057B534F28C2B029EFD4BFAA648521959223FE1B,440,4,1404865850921,1405040370659,1412120576524
0580700E932DC69A38AFB69ABD528141B8B86C1B,760,11,1405154543675,1405334586445,1412120576524
058F166458EEF256FD62EDDD3B33CAB3BCC53112,488,5,1405733600789,1405733666949,1412120576524
059336AB836D17002CBA54B0104B25D368644126,400,1,1405523630958,1405523630958,1412120576524
05ABB2CC4EDAC306B4D5E3C4C10AA03ED0FC2C09,400,1,1405542923339,1405542923339,1412120576524
05AF1CF8F2DA3EE5B1DB31DB7DE5B1510FBE0062,5000,2,1405040061979,1405041153019,1412120576524
05B3F037B70E2161C59E779988C99D0AEEBB0A86,760,14,1405483421023,1405484043284,1412120576524
05C04829ABECDFFEF00703E9B73BD65325274AF7,488,12,1404876445127,1404876487973,1412120576524
05C1B4A89512E1950C91BC21A660379D8014F41E,2000,40,1404875338696,1404946323127,1412120576524
05D1FE374A98CE96C2EBDCA40C5A6AAED2F22CEE,400,1,1405556454218,1405556454218,1412120576524
05D7E7801FCB26620F30E30FAA3CDE8DA66F627C,2000,26,1405564242937,1405565404346,1412120576524
05D9731B8A16B959F8D42566C6F0619D032A524D,5000,12,1405340713821,1405405160932,1412120576524
05DC410254558F7BB451B88F5C657DE8D0D432E7,40000,251,1405681604410,1412040312126,1412120576524
061532896EB6A9F702FDAABA0CDFE13F92878864,760,36,1405861139732,1405944256136,1412120576524
0615E0ACF05D6785E907EC014C384E7EB887A9F5,680,7,1406284728904,1406284733484,1412120576524
06165CD5291E6EDDC0CDC05373C53520DE865428,440,8,1405587780156,1405587825236,1412120576524
061EB0198CCC2DB976D2330EE25A5CD9BBF3F83A,400,2,1404298353281,1404298459488,1412120576524
0629088ACED8B279357F96DFB90F0C9B6191B645,544,8,1405301429685,1405301450279,1412120576524
062E6D5EDC8D4A248C625B1A1836C7E1C87C58E1,544,8,1405569584993,1405569768004,1412120576524
062F51FD011EE84C72B3885BF5A55CE65EF0469F,400,1,1405540433542,1405540433542,1412120576524
062FA3BCFF49AD2D4AA3C7D1BDFC7B6947DA8B9B,488,7,1406623298264,1406635058691,1412120576524
0638EC8C9A61217259F7EBDD37439ED9D08C7E50,544,4,1405440973474,1405440973474,1412120576524
063A85ACE66CBD212B03D9189400F4A00A73883D,5000,69,1405311134633,1405395230995,1412120576524
06581E2E91FFDFA5B0AC87A38163851528F1BF9E,760,28,1405912432238,1405912605128,1412120576524
065E2FD69A535DC13838D7C4CC539C9F9B9F813A,760,9,1405547119716,1405548260428,1412120576524
065EFF2F5BE141C5F5E952519E9518C92904222C,5000,1,1405527225685,1405527225685,1412120576524
0660E6916CA6F16E918AED43149225FB872E994B,400,2,1405332544941,1405332865568,1412120576524
066248D2435F71708E2201C454095302DC94A550,2000,23,1405477060803,1407478422952,1412120576524
0663765E9955B2828D95D61697E7F1F87608AB2A,5000,16,1406674937437,1406777039947,1412120576524
0666604090D9ABA26CF60391201225C2177DF3F2,2000,50,1405450278672,1405802024386,1412120576524
0666D0EA6BBA99CC231294E6DEF3A59F350F94CA,5000,5,1406223030864,1406527842192,1412120576524
066F418D62FCF0004AEFEADE2A7C196AE73E5A95,5000,23,1405572838934,1407481580728,1412120576524
06718CF705B3B6800F243046906A03865656C48D,5000,4,1405103892095,1405104230749,1412120576524
0674E27519FE854ACC034DDB3DDE80C879AE8FB6,400,2,1405370893607,1405370893607,1412120576524
06768A4512160E7D1A5235D21633823C3DE3D463,15000,46,1405388865781,1405624954048,1412120576524
068FDDF503508D4DC73E31FC5E8DEB2A6AAF0485,2000,34,1405050681797,1405136091663,1412120576524
069329D2F7A42283F4B461B4E1976CF201A92F39,2000,23,1405368586780,1405529982947,1412120576524
069D82539F2A0548378AD1AF6D79EE71D9116760,5000,32,1404968930237,1405019226884,1412120576524
06A190B3F485EA33819B40DD0604A650AB7A60C0,440,4,1405661128591,1405661500395,1412120576524
06A482A9AEEF7AEE892F9D4F148CBC941BEC583B,680,6,1406736999336,1406737007650,1412120576524
06A8B9A6600515BC788930E9D1E067A0FD36DC2A,15000,93,1405044630327,1405833146438,1412120576524
06BBDF1E8CA6E5ECF74D792F10A60DB5BFE1A11D,400,1,1406010417918,1406010417918,1412120576524
06BEC9092D587C0656D92EE29EC04C0A12CEE3EE,400,1,1405454075919,1405454075919,1412120576524
06C49578377A32630DE8B015945F3860F99A1A60,680,20,1404874338439,1404874980229,1412120576524
06C5717DE573E21431D6DD2934EBD0D43D0FCA86,544,23,1405902683088,1409975119290,1412120576524
06C923CFF70810B9989CB9E06EFE3DDD42E30648,2000,6,1405570861374,1405591933841,1412120576524
06CACE4A9EA4F62524314C666DC3FC5AD331E697,544,16,1406174278335,1406174680021,1412120576524
06CBAA214541A7AB2293F813CD017C028A1BCA9A,2000,46,1404878288697,1404892958751,1412120576524
06D28AC5E0AF183CB76ADD9E25A8A821166343E9,5000,7,1406083884292,1406593593828,1412120576524
06D9994402E95CF77F2A779565950DD39FB5F863,2000,35,1405102137354,1405221310137,1412120576524
06DBFDBD3C1050D87201614F1CD1094CA81EA3B2,400,1,1404912335902,1404912335902,1412120576524
06DCEE3396468E17EB723CF1E775D1AFD411E099,760,37,1405392799320,1405393045557,1412120576524
06E97059592B86F8E47AF17D893274526D25E55E,5000,29,1405919280143,1405981247029,1412120576524
06EA28113DFCBC3C2A4B77277D84FB853300FABC,544,15,1405991098629,1406040191647,1412120576524
06ED66D13376C9E67DF9B49AE02972C13E6B5E5A,2000,23,1405061121997,1408224901741,1412120576524
06FBC6EB0BCB86C895C8255C45F5C1BE8B6E1839,400,2,1404818909398,1404818935814,1412120576524
0701553403365A4A31FFF51A990DEC83CA769E73,400,3,1405525485351,1405690058493,1412120576524
07078BAD2F2679F975C2F68205C4FA070E848032,15000,56,1405157838339,1406801984011,1412120576524
07102D561B8D242164EDBC0B21F49EE6236BE69A,608,11,1405863866529,1405864031664,1412120576524
0712F439C68AAE9935C8D4A126668EE8CEC01277,5000,13,1404876685167,1404951517799,1412120576524
072B01DEFCC30A012FD44E08814E482FC63E4131,488,8,1405063158915,1405063205066,1412120576524
073A7BBA1738489BB87899BC8B30C35B8FCB2100,760,20,1404388092055,1408857513257,1412120576524
0742B06C0E6081CA2F8525DD428BFFF0FFBB7992,440,6,1406401883709,1406588403494,1412120576524
07430C993DDAF1AFFFBFF47FACFA0A192033E253,2000,17,1406567763769,1406568064117,1412120576524
0751AD9F7894D92C097BADBCD8D5C92A85638347,2000,36,1405897704760,1405907121097,1412120576524
07671BEB7DA453A654E6866B766D1B58A3B23B60,400,1,1405476024646,1405476024646,1412120576524
0775858DEFDFED466320E0C7607FC30B13E48117,760,13,1405384744051,1405385037432,1412120576524
077587BF086E8D65AF8AC3D0E54724B02F4859D8,2000,18,1405491303876,1405545684720,1412120576524
077871BC9E13C25F45D2FF9D546338A274B7EDBC,400,1,1404751843990,1404751843990,1412120576524
07860241AC624638E3E144E748AC36F17DA27E93,760,39,1405044786113,1406603297478,1412120576524
078820FCC4A1207D635718268B9862839FE983B5,440,2,1405163009650,1405163009650,1412120576524
079269E716F38EB2F4F964961C0C9155403F974A,488,12,1405265500705,1405265679946,1412120576524
07A6823261FF435DA0D8063B05EBFD25D853CE24,488,4,1405579773960,1405580045447,1412120576524
07AAD9AAA1C14FE07681CDAA013413B4E3771B3E,5000,32,1405048429694,1405100803685,1412120576524
07AC740B2FAAA63272F7226B804E8DC1B0C112D3,440,8,1405475570313,1405475718220,1412120576524
07AD77DA80D0DAC13244E766A78F67AD0C019115,680,6,1405476909662,1405477502393,1412120576524
07B4C5F6B8E68B41D746DB3A050F56A6A3EE8CCB,5000,2,1406466948974,1406467216367,1412120576524
07BED777DB45E13E575A332E3DFA1A06C3068DD4,8000,33,1404906868039,1405356365248,1412120576524
07BF3DD088D4CBFDC6A01435C1A9B47ECCDDA90E,608,20,1405527409627,1405528746163,1412120576524
07C596446585B2E0962753DD07999AD575417E70,608,5,1408732047276,1408732047276,1412120576524
07CB4AA95819DFE5784F88D63866F226EEDB1374,544,13,1406746879409,1406747030107,1412120576524
07D07D4D1259633C4E4748C9D9C79F821810B281,760,18,1404934117263,1405056384143,1412120576524
07DFD695895582656FC0C2C734CDEE4220A4C46B,2000,26,1405447224287,1405448405540,1412120576524
07EDF4BF767E307FC473D4101A971C6EDE3A71B4,40000,144,1405038894253,1406915680859,1412120576524
07EF01A4B0E00EB08F53DCE445AA08451BC644ED,5000,38,1405473224268,1406714574506,1412120576524
07F4255FCA933F871EA71B5AEB523904653C7CEC,2000,22,1405073238329,1405109800317,1412120576524
07F551AB45F70ADB06BF7197D2DAB272DECA819D,20000,60,1406396841322,1407269918016,1412120576524
080393212586E768018A0724B9F2A80CCCDD6DB2,5000,7,1405913106465,1406146481135,1412120576524
08060721B3CC63F43CDC96A514A3718F61AAD278,2000,41,1404958874201,1405090113405,1412120576524
0806D8AEFB41A096271485540EF04D253B594502,8000,16,1405060744193,1405061609322,1412120576524
0809EEABCDDDF149761FB0101E5D327B37468B75,5000,64,1406310439991,1408985068030,1412120576524
080D6F0CC24E728E82C64919424831B41546BACB,760,10,1405474597170,1405522472117,1412120576524
0815286C243F480D4471E7A6DF7841D3F89850F5,440,8,1405142216549,1405142264923,1412120576524
081A5687826E311971C8951A06D0201D60A37E91,2000,25,1404971759869,1405015491597,1412120576524
081C1832A57E727FC83C2A4917D5152A0B2D7F05,5000,7,1406683076870,1406745752150,1412120576524
0820D485F1E21AF54325C2E1F51A653070903624,5000,65,1404282905486,1404437655766,1412120576524
0820ED62E7EDA46F53CCB73A751813832B816FB8,2000,46,1405233738786,1406278463759,1412120576524
0821CCCE182C9D844E6BEDE82132B34BED68FE83,680,7,1411823461660,1411823504522,1412120576524
082DE05C54BDE1103C062C41C07B0CE29A3D5B86,760,36,1405300824437,1405305257886,1412120576524
0830DCC7C5280AAE3EFA87592D4B71618425CE0D,5000,33,1405729805990,1405888990392,1412120576524
0832F67802A7CBE49DC41FDB3536CA60FFBAC2C2,760,37,1405060437982,1405268157938,1412120576524
084B942B4014D1CEB7718188957EA31A25A04512,488,12,1405958122591,1407015110487,1412120576524
084C2A1D8F9C2C93DA2F8B7459BE393779803EC9,488,5,1405126865671,1405126865671,1412120576524
084D6FE57903F66362FB9D3D54DFAC707D01D0F1,760,36,1405447445382,1405447720412,1412120576524
084F5EC6ABDA4A5D00E7FA2686C1170B74795A5E,488,3,1406683303934,1406683341523,1412120576524
0859236BA58BE2BDBE11B7F6EC68206C36BD0F50,2310,36,1406287740674,1406411864012,1412120576524
0859AD91ABE3E85DB274E461A8EB69D94574408B,760,21,1405959270880,1405960107873,1412120576524
0862209A6F4B6FA51F3CDE957306F632B9211DED,400,2,1405305987355,1405489078627,1412120576524
0863EBEDF4F107E994F7146119C1D917787698E5,400,1,1405429712881,1405429712881,1412120576524
08674799B6BDEF3A12230440DE10373BC5312380,20000,57,1405478714798,1406172572093,1412120576524
08744D549314A47D3C0078B1F2FC4D103D35B3E7,5000,57,1405183512220,1405816154589,1412120576524
08755C940C6A509F36E664E2FD332FFB7D7ED798,2000,20,1405484083312,1405550006826,1412120576524
087932FACF7BFC0FE877EBEFF899AA06CA3913B5,400,1,1404357290128,1404357290128,1412120576524
087D2F22A73F8CCA16ACF57CA411E4E5AAB0CCA3,400,1,1406044163917,1406044163917,1412120576524
089159D79A40992FB96A71325724E95B6ACF52D9,760,29,1405555643821,1405698537954,1412120576524
0891EF2154579C4AC6CB1BB7586B6E611E8232E6,760,10,1405105619972,1405115124941,1412120576524
0893F5EB1E40E4A8AA4C992542B819D87F520FBA,544,18,1406175513077,1406175886179,1412120576524
0896668337FA62E94767BF8E6C07054C04E03EAC,2000,43,1404868372168,1405531854125,1412120576524
089E7D57BF0C045FF6A5579E918A01E6B5745099,680,16,1404878373356,1404878714593,1412120576524
08A048A3BD230ECF71845DFBF355B82A15919559,760,13,1405170452244,1405170599588,1412120576524
08A1A2C9612850ADAB01699F07D9D26F28CA67D4,760,38,1405607092072,1405607250856,1412120576524
08A9393C31472599AB90524B9FF68A45F7048707,2000,6,1405883427115,1405906152174,1412120576524
08AB8185B94E221BC0518C4AA685E8B2797A8591,5000,23,1405395304907,1405476174949,1412120576524
08B05F5C1760A0037B3AB4C0073FF2BA934A40FF,680,14,1405397494998,1405474986843,1412120576524
08B4C43E5780A9EC88FF738E6A769004D159F7AC,400,1,1405054897586,1405054897586,1412120576524
08BE7D1478EAA56AD1EF02518AE05CCD2F108237,15000,29,1405777816509,1408971540719,1412120576524
08CA318FF90B6A19F8647337569627574CFEF976,760,23,1406050214853,1406054212416,1412120576524
08CF57DA8F2DB865D31AEE2D36B3C3FE70B955BF,488,10,1405709276482,1405709293546,1412120576524
08D459B1C41D22F12148E72407568E9DB80597A6,440,6,1406121310590,1406149985351,1412120576524
08D8F69DEF40D77AB833DCF37183F9E3F9C5DEA9,400,1,1404692828204,1404692828204,1412120576524
08DE2A8FFF905DFD91F7A2A22D578FEC58A294F1,950,49,1405478962490,1405562468225,1412120576524
08E4A61258046342ECDDE45D5E6DF110093AFE5C,2000,39,1405732629955,1405839967864,1412120576524
08F19A2F5255BEA02D15E01287D8026974A53E6B,400,1,1405625583816,1405625583816,1412120576524
08F50B8EFE6C805884B837C94776662962C47E93,5000,47,1404912818373,1405709916022,1412120576524
08F5408C2BB95EA0218C50DD7D96005082EF0CBE,400,1,1405906125258,1405906125258,1412120576524
08F628DB68C457329D4307214FBC4273526E70EB,544,12,1405494971405,1405495153635,1412120576524
08F6F1957A13A60BC627F160F3072446CDA9E33D,608,10,1406363206149,1406363399374,1412120576524
08F9BB2CAAE614A3505A8D10647C218BC69EB55C,2000,31,1405348638407,1405741893907,1412120576524
090259268EC1EE78C892655D0902F4AB5CF73D8B,5000,6,1404876503377,1404877235362,1412120576524
0903A0CC6F719325078268FF6E28BD17390EE139,440,4,1405484015658,1405744286837,1412120576524
0906696139B6282E0C4FFCF667265B9A0DE96F25,2000,36,1405486747996,1405657670670,1412120576524
090C7D84DAFBE46AA85FFB61F5B23196C9D5E3AB,488,9,1406574036651,1406587978448,1412120576524
09196F385E563D03637BE34F9ADD8AA1BA3C94EF,400,1,1405670549886,1405670549886,1412120576524
091A5B79CEC86639FD1AA8C3B75CAE04586F4D90,5000,13,1405949490177,1407782425097,1412120576524
091A5D12B66A6D0B2F7CF2B7AD244812B1849C21,400,1,1406376681635,1406376681635,1412120576524
0921E155E3B252C21930BC4D792D568D691E6650,2000,10,1405134199498,1405549110604,1412120576524
0923CBE98808081D2605CB90E5AF7CC8CF2EBF22,2000,23,1406156550823,1406171459723,1412120576524
092F72D2D09AEA75B0A0737B2093980A7EBECFCF,5000,2,1405762372439,1405767195615,1412120576524
09484AB614ABD3603820290305576732A4E34C88,5000,5,1405470067419,1405470597599,1412120576524
09491A854CE4C4411DA9095F31A55A77FC1188F6,400,1,1405458977447,1405458977447,1412120576524
095BEB71B0F4D4689E616F367EE9B19CAE64054D,5000,38,1405732505731,1405981818165,1412120576524
0969EF5717CF340A821B2BEBE669C0F0D0B7ED7A,680,15,1405472432260,1407985333763,1412120576524
096ED54E6EDE1D37807DF89842718F038300C3E1,5000,16,1405044041581,1410102179427,1412120576524
096F16DD838B2DF9E836F3B59618A740ED632A1A,400,4,1406590602488,1406590602488,1412120576524
0971222EB8AC91CC01A513D83BFAECE314E34E20,400,1,1404955481567,1404955481567,1412120576524
09773184A306DF85250C6E7CBF968BC54AE5AB92,5000,3,1406391556070,1406469370764,1412120576524
097D297D853158AB4FF559B105E00EDA1CF57E92,400,1,1406745895639,1406745895639,1412120576524
097E6406090B03D7F4FDB87C5393CC82947DDB96,400,1,1405649579697,1405649579697,1412120576524
0997E56C5983C51D2FADA7C1D939CEAC98F841B9,760,11,1405106453088,1405112192267,1412120576524
099A13FF38AC50CCAEB2269BCB2B2182CCF72BEE,400,1,1405433126213,1405433126213,1412120576524
09A24A76AA48BA5A4739E7E64D8D1E4D8AAFAC28,20000,60,1405219495259,1406253419867,1412120576524
09AB3BFDB9B7BDECC66F4E33D9286F7DB0A83EDE,544,8,1404941333893,1404941719327,1412120576524
09AE214D366A53D5F70F777EE5C06321519654BB,400,5,1405137776547,1405137776547,1412120576524
09B0BF3B737AB08D56B5E05891FBF5D11DE97638,400,1,1405388433202,1405388433202,1412120576524
09BD8F29CE31CDDF1A3D69CDA7A55F57F7B3A3EC,760,15,1406014518205,1406015043710,1412120576524
09C271CF23B0128D1C4F9A277C76672A9522509D,488,11,1405999801822,1406000074653,1412120576524
09C4607422DDC3EA9232D439EE9CD04DBDC7EDDE,2000,35,1405568709322,1407655481564,1412120576524
09C5F58FC3B0AA9CB74CA22E522EE93BC4161D2E,440,4,1405528781937,1405528781937,1412120576524
09C622871C659172012EC63EC306EDB85D1CEA65,5000,18,1405048657156,1405049316480,1412120576524
09CA597BA15A79549FDD733684379A8A71516D83,488,11,1405255885798,1405255906793,1412120576524
09CE35812F35CC04AF61BACF302D47CB64647B30,400,2,1406690159409,1406690159409,1412120576524
09CE95ECB347836967DC151E7C3A3CE543676686,760,18,1405125778120,1405126378396,1412120576524
09D3A5C6D73CCB13B9D07EB43D6E4994555B28FD,2000,2,1405592442297,1411893652612,1412120576524
09D83395A856F2FFEA71BF077A1A72A3AE443977,608,16,1405282898314,1405283340751,1412120576524
09DCFD60FFACEAEA9A0E014650AD2FE28473AD94,488,15,1406586224918,1406689116786,1412120576524
09DDC61A840570A8687FEC10059E201BB2A94EC6,15000,76,1406160724356,1406243780134,1412120576524
09DE053C687C6C76F1A2740243E47FA981BDB038,608,22,1404620200826,1404621020906,1412120576524
09E2C706E4AEE6A46F324582DE0D1FAA8FCC2C7D,680,7,1404298598458,1404298791168,1412120576524
09F9011564CA4A324E85D190D278A4F2D110B884,5000,39,1405046973560,1405179298446,1412120576524
09FF40E905CCC6DA1B2C31BC573051AA0C298EF4,544,11,1405532622028,1405532911980,1412120576524
0A04888B8D141A856F5A2D6F22E84D7D704EA049,608,20,1405723025427,1405723623535,1412120576524
0A0FA9CC18E57E001F08BB8F1E174684D1ADEBCF,680,6,1405596755097,1405596768383,1412120576524
0A2132501E8AE2669748581DD0FF03C98E1E33E2,760,38,1404399346739,1404402015250,1412120576524
0A2531E76F2C4E7689462DD50BE37BBF853706C1,5000,18,1405039751511,1405041109478,1412120576524
0A27D695CD9B25664535098DD075BE1FF1CEA2F4,680,6,1404266237432,1404266244252,1412120576524
0A36100A9C9E26CA6CA9B45CA103C31ABEFC0A4F,20000,86,1405248330456,1405987981364,1412120576524
0A3983CCF7D184BC840176793AF04A7F5C5DDE24,488,7,1405486007384,1405486036403,1412120576524
0A39C650E7DF96510201F54B5F95F690CAB7D58E,5000,61,1406357214693,1406822277319,1412120576524
0A48C65554084DD2149094ED5AE08880EFB98007,760,15,1405345665448,1405498439059,1412120576524
0A4BEDA933952D321577EE0C34EC702CB24836A6,608,5,1405581349729,1405581349729,1412120576524
0A53D2F6A5A4A1D0B3A3F5C359C149A42FAD5D63,2000,27,1405488175436,1406092473057,1412120576524
0A55190C4C98EC0C54CCA58C049AD991D275B616,680,6,1405159781663,1405159786888,1412120576524
0A55A31369F6F5C9DDF9E6A1D41368BEEF7F88CB,680,19,1406163284379,1406223030858,1412120576524
0A5EC50CEA196DF6DB1C8B36D5155162254B7C4D,440,8,1406066719892,1406079921868,1412120576524
0A6B442A92A3472D40BD1E8DAD46C0BDB99BAFA5,5000,41,1405901642461,1407711328042,1412120576524
0A742CEEFCE5DDC8AC47A085DCAC08AE0A01BC6C,40000,107,1405453905102,1407377329794,1412120576524
0A76751D6752028DC212411E5CCA8CD9589F5F48,15000,100,1405495539625,1407212598679,1412120576524
0A79D315C0A9752F0FCC6E9487ED0FD4312ED19A,544,15,1405418710415,1405506365436,1412120576524
0A87E3AEE3C03626BB106B5688640EE1A8ECA422,5000,7,1405781983182,1405782571997,1412120576524
0A9048CF8D9034CA18C3A7FE2F3F8A512FBFBA76,400,3,1405365662165,1405477657912,1412120576524
0A9F1A3CEF848E9B09C63D8AFDA29636E76C79EE,440,7,1405924209818,1405924315267,1412120576524
0A9F9C8203B8CB7CC8863E175DD55C2D1C9C64A5,760,9,1405125989664,1405126067664,1412120576524
0AA4FEA0B68D7BB97D741843E84E3EC5BB588374,2000,18,1404772431162,1409530524897,1412120576524
0AA65CEE7511DE0319C2F70EBB3ECA1D98F277FD,544,6,1405543475736,1405543627333,1412120576524
0AAF67C49530FEE15CE493F30F008EDE2BFBE1E8,2000,20,1405389616256,1406680103859,1412120576524
0AB5812739C0626681D105F4332E468E60F4540D,400,1,1405147115229,1405147115229,1412120576524
0AB81A5A64785AEF8FF2A997C8EA47BE71D1F5AD,5000,46,1405228082503,1405458000629,1412120576524
0ABBC33C9D9D75FFEE62B6F0EFB2847BC99A9D4C,5000,8,1405224252776,1405437103407,1412120576524
0AC301010EB8E55FE53D08E53D6E7CE8C44E0AA6,488,4,1405389307153,1405389498610,1412120576524
0ACDCCE5E7F4D9BB51FB641C40761DC838968182,544,22,1405382785841,1405606691150,1412120576524
0ADC087FAC323579D6ED796EE9A8F82F9DE6C1B8,2000,30,1404958333779,1405184721434,1412120576524
0AE7C34770913D5DCCCF274CE4191BD0A9B3BFE5,5000,13,1404888206318,1404955480882,1412120576524
0AE7F04971508C9C58CF7BCAA8EC3AD202AFC1CA,760,30,1405603025525,1405937020465,1412120576524
0AF5BC713FE4045C7608439613C2EBD4D6EB1A44,760,33,1404563173658,1404616394864,1412120576524
0AFB5370DBE5CBD9A71BDA3E52A5DBE50557931D,400,1,1405390411001,1405390411001,1412120576524
0AFB909327F603CE0B6D61BEA47368CA87F929BC,400,1,1405322983430,1405322983430,1412120576524
0B0A9D60E2E9A21F6FF8565FA9E7C68EB1B12E56,15000,72,1404951469114,1405057056792,1412120576524
0B0DFB59DFCEC3D40F7E37A5573E3A0D102B3953,440,3,1405491282206,1405491643747,1412120576524
0B126F5C6B2CE932A7CF21B55AEC20695B5A124B,488,3,1405872776535,1405872944742,1412120576524
0B17AC37D30154475FB6A42C8495E5F407B9725D,5000,21,1405804420923,1405820729218,1412120576524
0B203352AC3ABB0DCCFE2F410B31813877B8DAC8,680,5,1405470244142,1405470684367,1412120576524
0B2D4488DAE088BA7139095F7F7FE37E26BA6946,400,1,1406060114897,1406060114897,1412120576524
0B2EB54586C4C6AB2EB281821AE95E4E5F0C722C,2000,40,1405223167079,1405381980296,1412120576524
0B32CA35DBA2E8F0E93DADAFA3836B4C977F7DC6,5000,32,1405197337862,1405803995063,1412120576524
0B33ED4F2C519C39BF0E975C0EB47EA820BCB4F3,440,6,1406228193795,1406228359694,1412120576524
0B372FF07FCC559819DF74EE9E8A03325E6B836F,5000,23,1405174988782,1405175872846,1412120576524
0B447D356B87B23564F698579A01DAF957F29AD7,760,14,1404923267230,1404923596430,1412120576524
0B4AEDA48CD6261B84D00C283D7EDBEE92984A9B,36000,129,1405035069058,1411693150730,1412120576524
0B4B00787DB63970C6EA38AA49FA9D4BA8E71092,608,10,1404950279285,1404950343368,1412120576524
0B4B974DD8486A30A5CB7662AAD20A4D3156A042,5000,25,1405480081923,1405481915145,1412120576524
0B4D1423E0E07D2F3E642BD701B9050F4B9E4A49,36000,406,1405658512024,1412053743684,1412120576524
0B59002248915C59F033F6F4CA79C550B662E2CD,400,1,1404499975449,1404499975449,1412120576524
0B5BABFA3313F36B5205F81EDB0A3C777D7AA5A0,400,2,1405772185218,1405772185218,1412120576524
0B6362216EB5DD7039BCEB3D1BB0078142DD66E5,608,15,1405434033995,1405434399671,1412120576524
0B66AF62EC896D1434300378CB73BD8CFA5CDA40,15000,56,1405364894231,1406489420428,1412120576524
0B67C398D6012718A94482A0F415DF45EAC56D9E,440,2,1406635265775,1406635265775,1412120576524
0B688CA5CCA01394D58BA17F7A0DF8F68CB7F554,400,1,1406203730007,1406203730007,1412120576524
0B692456D64872645FAE77992EC562D64117687B,760,17,1405623868168,1406482529750,1412120576524
0B6979F0EB9B63B97FF2623774F251A651BD7437,544,14,1405573789854,1405574315192,1412120576524
0B6EAC5C6834263C9FC5275D5448CDB0FB93BF08,5000,14,1405620938736,1408156944919,1412120576524
0B79D5307D9BD2ED0FC0DF2BC0D2008CE7E235B0,2000,31,1404962814260,1405227858492,1412120576524
0B7EB8636C1FB9AC87C0322DF5CBAD195D7D633E,2000,43,1404868324134,1405955049121,1412120576524
0B8DD4542AE809890E7A1088B6DA870BF896D06A,5000,49,1405252484022,1406977211555,1412120576524
0B9BCCDEC6449C26D641A4AFBA776B67A68B729F,5000,83,1405397056449,1405957988187,1412120576524
0B9BD102AF661DB62E831E4F2B3032BEB21D18E1,400,1,1404658642304,1404658642304,1412120576524
0B9D3FFAEADDBC1A7FBDC1FAE811CA4954BDC177,400,9,1406536648705,1407404683823,1412120576524
0BAAA54BAFAFAF4F6881F4B6803DDAA1ED1FF023,400,1,1405125838057,1405125838057,1412120576524
0BAD6B1C92D35B70DD6AB6EBF0D6E876D748456B,440,6,1404361647943,1404361654044,1412120576524
0BAEEF67F62B718E4E672C70E9C2AA61B8FF841E,2000,4,1406365837260,1407285954750,1412120576524
0BBDAD28B98FEEEC74BAA8E77926DB251E6EE236,488,7,1405370821902,1405386201779,1412120576524
0BC0E96A6AA3D082D51E7DFE563D24A2DDD421A2,5000,17,1405367591798,1405371579234,1412120576524
0BC4BB6B38197228C41E9118AB5043605A1B7B89,400,1,1405044306377,1405044306377,1412120576524
0BCE72372C38166E645C551F8C4324EEBC2363C1,5000,13,1405470558687,1405472084924,1412120576524
0BD1828BD48310F2D69649D454E1ECEFF1B7AD38,5000,17,1404956116338,1405724358461,1412120576524
0BED873D1AB820DA08E5E78D024185596EC3FA74,760,31,1406475877777,1406519140365,1412120576524
0BEE840128059BDC7253454270EABAF2A5E646CA,400,1,1405227309307,1405227309307,1412120576524
0BF225D2F84A5D0FAE4198A2B6965A4FE70F8CDE,8000,19,1404865153646,1404866275564,1412120576524
0BFC2656DAF1C3783184C5A2561E7B7784BDD50F,36000,139,1405449686726,1406063305906,1412120576524
0BFCB3D78E811190E2B989D5D2389080BD4D0357,2000,2,1406241602650,1406432788716,1412120576524
0BFE10B040D68051471B3B96D2BC4DF77617B63A,760,20,1405333788353,1405668147212,1412120576524
0C028B598CA74781B3F366D84D17BDFA3FB823B2,400,4,1405470205008,1405470205008,1412120576524
0C09EE2D9F73E473C169000696DAB952496F2063,2000,15,1406522744825,1406600458447,1412120576524
0C0CC1A44F12009C194A361016511B0EE3FB6F2E,400,2,1405197269220,1405197425426,1412120576524
0C12300185F407B8558AF9405BC350487E926987,544,10,1405490808197,1405491036291,1412120576524
0C12D8E246DC8959CBDAE2F5285BBB4F393C27D0,5000,22,1406490262336,1406491417648,1412120576524
0C25459279577C7DEF1B7FB714B1BA25E6D69E0A,15000,67,1405486232793,1407807740279,1412120576524
0C2A7B457CDB866152C6B6284E96ED6FD6F40BAF,5000,7,1406011203088,1406016397189,1412120576524
0C2C8CB67CFCB8B17CCA2AE7556BCFD7B783FE68,760,9,1405496717756,1405506693738,1412120576524
0C4378E2559A2AF73A8ACE607ED1992DC3391310,20000,40,1405039412304,1408698655325,1412120576524
0C5E522F2346C63AA85B3D606BA299E32A858331,544,13,1405147136642,1405147255469,1412120576524
0C652D242351B45A4D74799818C687B4C1769573,5000,21,1406429427217,1406968908644,1412120576524
0C72B041C5B2CEF0D0D435AAA0F1849079D63D22,544,20,1409800481663,1409803180384,1412120576524
0C781FFBABAA75A1A32EADF23ED2483FA0B6107E,400,6,1406163332927,1406163352679,1412120576524
0C8204A1AD50756C905182CDA459A573F182B566,680,12,1405464195195,1405480399531,1412120576524
0C82882965253FACB2A6CACC5332A5F2D5578375,400,1,1405462301377,1405462301377,1412120576524
0C84E7686A54E04FAC228482F45C57CEA2B0B9D3,2000,52,1405656640542,1405784382008,1412120576524
0C870E25B993C0BFC07AE6852F996D233A9D5216,680,20,1404876768864,1404877879092,1412120576524
0C895FDD812C75AE0AC63BDD75C780CA6EDDC942,5000,46,1405410516019,1405986764726,1412120576524
0C8D4F2E0956073B7354A021DF65F19E4F2499E3,5000,11,1406270214306,1407796663280,1412120576524
0C9486A10482B98D8D207CCF7CE9FB19D60BF780,760,14,1405889151904,1405889432531,1412120576524
0CBDC33FD89349D8E875CC67FD52DA38E202A4A8,440,5,1406057345802,1406057835146,1412120576524
0CC95BF0EEDDB175B48B43834FE543E1D55A7C20,400,1,1405414622370,1405414622370,1412120576524
0CCE5EF962A70ECF35177FF67D3A252610904E16,680,11,1404928793445,1404928971491,1412120576524
0CD445F9B06A5885BA42617637AC44BB246BFF04,400,1,1405412979857,1405412979857,1412120576524
0CD7C2320B2DB28780FCFA5C107F7CFD151F6593,544,10,1404767391122,1404787724549,1412120576524
0CE3FE20D7F816C16900C29DCC929345E6EB39E1,440,5,1405143732734,1405143732734,1412120576524
0CEEBEB9A61C0C2365EFAD878285F7EE0E9E3131,5000,15,1404316781861,1404424780494,1412120576524
0CFCEB0C402C3D6D8ED9C4EFCD433DE8D2915FEA,400,2,1404475763661,1404475927254,1412120576524
0CFEDD9748313BDFFBE2B613271FC50E608376B2,440,8,1405750575635,1405750762017,1412120576524
0D01DC0726C27FFF0A184C25FFD727FB2D446011,15000,60,1405485826256,1405725876712,1412120576524
0D027F3E4E17EC949AF7315A2972B29552E5B356,2000,36,1405619068042,1405877610703,1412120576524
0D03C85B06719DE159917FEB8682F8FB8D43630A,760,12,1405415249972,1405415647037,1412120576524
0D0FD986DD0D1035B0FA8BAD066690D2E68D0560,400,1,1405231380034,1405231380034,1412120576524
0D185E0C43EDCED090D8048991120527EC814D0C,760,15,1405066962443,1405067240115,1412120576524
0D24CCDF875362157821D1935BA35AED4A8FA414,15000,81,1405986294981,1406597674521,1412120576524
0D2551B0F82819ABB160C9651232B7B545AD6551,760,23,1406489702298,1406957766012,1412120576524
0D29536501BAB7CEA6A5DF945C565BCCFD2D03FA,2000,51,1406564245704,1406586573593,1412120576524
0D32B4CE0A4CC41080285EE5F979F283CC76DBEF,5000,33,1404956605000,1405367145178,1412120576524
0D354FEB523E886F185DD1091FC0A545E2011DBA,5000,34,1405399342485,1405686288671,1412120576524
0D38EC933800B43BCD9672BA8F3AFA8D71588484,760,31,1405401686358,1406242470264,1412120576524
0D3FAA19F467E6CD6E3F3ACF9E8D44CC115C281A,5000,55,1406330894269,1406331844945,1412120576524
0D429925C0B77251864A0FA8E927E49F59177E04,760,12,1405039332920,1405039509999,1412120576524
0D50AE70EB281FE2DF2AFF81D7F67EE28E9ADABF,488,14,1405270521878,1405354293272,1412120576524
0D752B24875F277CF0837AE54A9E98B11D0DDB18,8000,44,1405300293805,1408120515627,1412120576524
0D7D8F9D281CB5ABD30512A0197E3FFC28ADDCBA,400,1,1405865663243,1405865663243,1412120576524
0D7EDFE89177AF4D1F2A5E33C1D7E5466B469FB3,440,10,1405848781716,1406876935678,1412120576524
0D7FF12CAF4EBF80D0B2D587B0D752581BB7446A,400,1,1405557892721,1405557892721,1412120576524
0D8152F284D5381CEB5F4DFBA25C4A87D391A7F1,20000,40,1405973025264,1406048602800,1412120576524
0D8B927323BB269039434F974A0400628A3A91CB,544,12,1405202112102,1405202133396,1412120576524
0D8F788479C40F2F8FE21F4B639D5DD9C38FAB3E,760,18,1406358580510,1406619706720,1412120576524
0D93D87AA6B5E0EAE4A19006E32FCB1777469998,5000,55,1405213640591,1405803759595,1412120576524
0DB7680339C0EFF577F9595717C9371A97CF6145,400,5,1406111435467,1406111435467,1412120576524
0DB76A993CD3C1301DB2681B542E7FC1C7BF5757,400,1,1406316919145,1406316919145,1412120576524
0DBE4771BE9817F4CCF029116E1B75D4724725D9,488,7,1404970310595,1404970773591,1412120576524
0DCB5F2450791DFF028A60C6CCB43D2436005941,400,2,1405697522017,1405697623591,1412120576524
0DD07AD049421ECC6E8CC74DAE95827238643535,760,37,1405676697565,1406240019503,1412120576524
0DD4906A1BD1D282087E9184B6DC5D9EFC2ACE30,400,1,1405065073544,1405065073544,1412120576524
0DEF3AF525AB260FB6B6162C9CB59AF198FDBAE2,15000,80,1405586291861,1406725310555,1412120576524
0DEF705FEF7F3F204A0200B5D7003FA41DCD6AC0,680,10,1404931360778,1404931593272,1412120576524
0DF71996EBD1E70E99513F2FF5B70DBB481104A2,400,2,1405485101567,1405485101567,1412120576524
0DFBD1C32D60CBB93BDE416A427C66A6D05A165A,400,1,1405565459112,1405565459112,1412120576524
0DFF55B87FE7A3677A3D3A9C634F416CA7329812,608,14,1405356435075,1406155977581,1412120576524
0E114EBB628E105EA2712FB038B06A89BB26AF37,2000,56,1405561316635,1405957480903,1412120576524
0E14AF1E724765D1BBB8EC2D1656534599D1EEEA,400,1,1404968519713,1404968519713,1412120576524
0E228EED3D8A4B4E57ABD753917A42AB7BAE10A3,2000,38,1405645584913,1406622067709,1412120576524
0E326CCC50706ACD8E4FE44362A381426FEB5C4E,488,4,1405443930208,1405443930208,1412120576524
0E3291DC2DCB3D5106D31B9D559DAA779C0C12A5,400,3,1406146194805,1406146393388,1412120576524
0E342A0F8E96CED5E19A966B1664A004986B3A3F,5000,34,1404877109564,1406677749077,1412120576524
0E36E6FC086C685DD2B857C38D8D38C2C64AA59F,680,20,1405564349471,1409429259564,1412120576524
0E3DDC1B3C053EDFCDD06D9FBF6A2CB14F1E59DC,400,1,1405002664124,1405002664124,1412120576524
0E439F056B8548B27DF311650018A55B9201C675,5000,44,1404436538363,1406499386744,1412120576524
0E452A52EAA58530D19E2B9D01FD52D1B937AA72,680,6,1405380278091,1405380288897,1412120576524
0E4F87D15C422B6A3A003B3AAB768CB0C9411CB6,680,17,1405392824387,1405397285296,1412120576524
0E50414D36BBED7E60CF2987AA056BE20E5159B6,400,1,1405541717752,1405541717752,1412120576524
0E55B664858938A9421182F3D987A1050A7D3334,400,2,1405117256174,1405117699546,1412120576524
0E5E8327953589AB21D77ACE4C011C079D89D3E5,5000,19,1404552995146,1404553556767,1412120576524
0E71E762012008681A38246366A2B073437BAB07,400,1,1405641237505,1405641237505,1412120576524
0E75E0D49548BC257DB0D5FCA1D11D4037C7047C,400,1,1404971830843,1404971830843,1412120576524
0E7F51A7CDB914184EAA46A7A164AF5B2DF1387C,488,12,1405707378344,1405707434094,1412120576524
0E951B0DF1529308F70118B5EC8CD1459108B4D6,440,10,1405557694349,1405558333294,1412120576524
0E999534B58E8965CE549E45DF0DC658C86EDCA9,5000,12,1405690421095,1406343845994,1412120576524
0E9A425A82784F0F061460AB04F7BE91D4357633,488,4,1405579790357,1405579828044,1412120576524
0E9FA74141A753DE007FF0DCB377F5C41FBE81E3,400,1,1405227984454,1405227984454,1412120576524
0EA54259B7E3B8A988AE7CC8B2F8C5DE0BCBD9AD,760,22,1405815217316,1407353771837,1412120576524
0EB3880C83EB6BAEB26276CD58BB73CD74CCE200,2000,29,1405745305026,1405830645163,1412120576524
0EB6B50AF9696D2B5894E3CF493C134AF5C8D4E4,2000,38,1406415890051,1407129243139,1412120576524
0EB9B7CF09F467845C92A952EAC496C204844D4F,1260,23,1406653338824,1406726189516,1412120576524
0EBA8FB0B90E7531CB84AE0A9C033C344BF7BAF9,400,1,1404694715610,1404694715610,1412120576524
0EC2A152D0B3DCCD6D96906F02276DDEB32983A7,400,2,1405008634882,1405008691635,1412120576524
0ECEF1C0BB6E4FF2DD281C17C86C9FF899B8CE95,5000,10,1405690486876,1405713025068,1412120576524
0ED205B57BD48FACE65CD1208EEB89E8121DA372,5000,101,1405730118848,1405909635610,1412120576524
0ED2D5ACB4C93149AE68E32582F7F2982F46B6C2,400,1,1405502543648,1405502543648,1412120576524
0ED348A74716312925BA840BE6CABAD3E1FBC4FD,5000,21,1405223311927,1405312845506,1412120576524
0EDAFB845E3E6A3515DA5E6CA851929124DC3A74,440,3,1405966503584,1407603117399,1412120576524
0EDBD3439B11C84E224B6162611F76927422DBDC,400,1,1405691000561,1405691000561,1412120576524
0EE4FCBC25718DFDC32DA49E7D0733579EF15D56,680,9,1405137805363,1405137931602,1412120576524
0EE95A291F2B3364945004A7C910BAF108A43218,760,7,1405727363199,1405727367298,1412120576524
0EEAB3D8FFDCBCB1DE9254986F4CAF4A3FF2E1FD,488,8,1405256998364,1405257013151,1412120576524
0EEAE51D093E6180BE2E52894CF09AA1C4FFA635,760,11,1405963236344,1406609751529,1412120576524
0EEEC4089604E480A6A63ABFCF43E8E77849334D,400,7,1405055125073,1405302449048,1412120576524
0EF6EFDE85964DA0D62AEB82DE7703A915919330,760,9,1406342355569,1406604465566,1412120576524
0F003F1B8E09A02103F8093CEDDDC406F10238BE,488,8,1405150232513,1405150261717,1412120576524
0F00740F0D8B8F3FE052497BC4535692C470B3A4,15000,77,1404893223786,1405574892041,1412120576524
0F033EA582CCB7C95625E268ACF22BD50140420F,488,7,1405229674947,1405229711888,1412120576524
0F07DBCAD0739495C42B120DCCA69B8940E8616F,488,9,1405156281174,1405156436174,1412120576524
0F1ECA8028DB586D97FDC1406CA375842AF8A03F,400,1,1406250140975,1406250140975,1412120576524
0F2D8AE5BF996AC60455CF2A9196B542FE47D505,760,8,1404915867198,1404915893815,1412120576524
0F331787868E3BFF89BEE3B9737C83034BF816C1,608,9,1406625760655,1406625942326,1412120576524
0F3572606DA05FBFF2003C3E20A3199E7E6F543D,750,25,1405561180097,1405562569280,1412120576524
0F3CED126F8A95519A2C8AACE1AADA8BFA6EF137,488,8,1407658914314,1407659038913,1412120576524
0F42F3F759A4377CFA9366A7D817CFA7F23B56E9,544,14,1405044401747,1405044644172,1412120576524
0F438F6E3045323887113B7DF827FB6FC0E04375,488,10,1405822668041,1405822899961,1412120576524
0F45EC60EEBEE0BF88F07E03564ABCB60311F46E,400,2,1405051153123,1405051277517,1412120576524
0F46A5CAAF2AC1FE79D67A9CB359BD328099993A,608,5,1404925354804,1404925364514,1412120576524
0F53B644D3C682D9711DCE28DAC531E251A1F5BF,544,15,1404516973864,1404517778270,1412120576524
0F5CF227CF80F569B757D91B86A9860C0656E546,5000,27,1405563529667,1406514619869,1412120576524
0F5F0A776ACE98D4A48051B8FF9A916F30F3D69C,488,7,1405708615859,1406348465998,1412120576524
0F6193AFE2AA336A1ECEF10B8A56BDE4DF54FB95,760,28,1404452156729,1404501767229,1412120576524
0F6B3524B8C69DBC4DA031773282073DBCAAD724,5000,3,1405384762135,1405385533935,1412120576524
0F725C9A053BDBC1892A326D395AF27CB89FAA17,760,13,1405110991482,1405111438821,1412120576524
0F7F0AF5A6A70F38FAFDA08F7FCB3523AC33A1FA,2000,39,1405045234829,1405440354239,1412120576524
0F8D16D06717AD7057D49F4C8C12D1F699C562E1,8000,71,1404949030137,1405199307724,1412120576524
0F974EDABDADA3218CA1AE4714BCFD708295BE23,2000,21,1405576016248,1405580391748,1412120576524
0F994FBEC821A036D157222C9410A926AC2143AA,440,6,1404996161041,1404996169348,1412120576524
0FA189527954E663B65E24BDEE9E46490CB9F849,608,17,1406080157940,1406080658099,1412120576524
0FA5994A45420B518CD336E144C82BCD3FD01FFF,544,9,1405963833174,1405990339659,1412120576524
0FA9877252FEDEFAC4BB758EB00830D05BCDC191,400,1,1405303515766,1405303515766,1412120576524
0FAAA9898EA4A41B889CB9B063C5DB3873AC26B3,5000,3,1405060643737,1405060924768,1412120576524
0FAE587420166594A6DF2A3C3EE71D1D11BCE77D,2000,27,1405809024916,1405809772141,1412120576524
0FC3672FEB140446F99BA907C4D5D76DA19ADF39,488,10,1405287448101,1405287569927,1412120576524
0FCC6ED2315371605B892C297B2EB882319807C7,544,15,1405481291589,1405653111987,1412120576524
0FCDAABF73FE1B7FE4727051B9B21E08738AE0CB,680,9,1405044997889,1405045005945,1412120576524
0FD82311D259589DD23D599620E2AC8F53965E64,5000,6,1405590825823,1405636156187,1412120576524
0FDC7BA166BB065AE2851CB1291279F462D0AD07,440,2,1404290315409,1404290315409,1412120576524
0FE70EC28DEE33A09EDE4C45FA0C7F34B0FAFD64,400,1,1405881793486,1405881793486,1412120576524
0FE7D01200DFCE3AB4274C21D7E5154A6F945625,680,18,1405589181205,1410780875157,1412120576524
0FF9FC77FEB53182C36A5C24699AC43CA05859F0,36000,98,1405064524493,1405476237247,1412120576524
0FFA4EC83AD2AEC572B966B1971452E0831BE687,5000,33,1404867022095,1405132474642,1412120576524
0FFBD1463B32B19FCB44205F4D7511C8EDC3214A,760,38,1405707315604,1405887759548,1412120576524
1005EE1EE07E470A7914D95DD47182C82F6BB22B,440,8,1405110398860,1405110422659,1412120576524
100C92F90E2BD8A5B2B366E8DCFA2973B55DA3BA,20000,111,1404879992407,1405206091472,1412120576524
101AD6EC679E062B4623EA0B53669D6E76438E3D,5000,18,1405641659786,1405981589224,1412120576524
102396988E85E1A50C2A57F893AFCBF696A291BA,760,21,1405657227926,1405670784461,1412120576524
1023A1AEE6BA059FB9D7CD7BA15EB46C1AC77744,5000,4,1405434961890,1405602330869,1412120576524
1039B896F3D6F7BB2DF65BFC16EC1482DD29FFA5,400,1,1405083776254,1405083776254,1412120576524
103C3CEF96C79C82A39D7A92908515D7E0ADD5EE,5000,2,1406605214372,1406605881852,1412120576524
1045D6D572879790886C1B48BCF99421A7E33F53,680,15,1405760879679,1405761087104,1412120576524
10464758693468C6182F79D17CFE951769791749,440,10,1404881510287,1404881719121,1412120576524
1048B0B7B47EEF8F9798418FB94017EE33A2D6B0,5000,38,1404996934615,1405021477926,1412120576524
104C6642B2C58191D2CF460FE064A6F2CA108176,400,1,1404393751441,1404393751441,1412120576524
1050E1328767BD3900A94CFFC61CC49503783A18,2000,26,1405996682415,1406171027072,1412120576524
10526EF2CA7669D54FC9BCC8D861E258924FF951,15000,121,1405143957506,1407289712746,1412120576524
105414C47D470D438405003501D4E1B8358261EB,680,8,1406490546822,1409184149962,1412120576524
1057A62009455B2E5FDA3E5E2B225AD9107A7C69,400,1,1406395157895,1406395157895,1412120576524
105F1E7AD38542F2907637E9D5801F941817CAB3,440,10,1405434097374,1405434551029,1412120576524
1088C2D605DE278154073ADDA4069D28FC677413,15000,33,1405554548028,1405895913488,1412120576524
1092C4F4B49E452FBC0CB2F33065500F49B3A527,400,1,1406081818561,1406081818561,1412120576524
10987BD21B01EAE8401D5102A831683F83DF955D,5000,38,1405387291544,1405722190621,1412120576524
109F618824C52984591D75A42353E4D82A77C429,5000,13,1405388679329,1405692773130,1412120576524
10AB078B1780ECABFCE2485A6A7B10D65D89B6EA,400,2,1405044465888,1405044465888,1412120576524
10AC19AC9C6AD2B8F8E625F20D22E3EDF2CC8444,760,24,1405465306753,1405470565957,1412120576524
10ACACE7D2B96BEB9C50EF3B381F447101501A4C,680,7,1405044625419,1405044794530,1412120576524
10B1CC4139FD921CAF6DC85D666C6ADCECECB66E,760,35,1405700558093,1406184215182,1412120576524
10B23DE1CD69E242FBBF2C1DF60C8814420C37E2,400,1,1404956830386,1404956830386,1412120576524
10C485AE1F637E9A3A95A9578254845342C51CC8,2000,31,1404882310623,1405126246858,1412120576524
10CDA1587BD3563805B472ADB5C20C646100C628,760,8,1405992332569,1405992527975,1412120576524
10D7FE56DAB37822E278D98C6E4F86A7B8CF73FD,400,2,1405364439501,1405367856690,1412120576524
10D88678E04C30DB6952E3FB93BB14D596BCB8D8,440,8,1404919886722,1404919906330,1412120576524
10DE6DE6E6B111BC5F8D35FA72C3AF9BB7B3FCF7,400,1,1405184109568,1405184109568,1412120576524
10E135CF44548B3D78F0AFFEEC6A6A28ABBF1DE1,5000,17,1405079328226,1405858252421,1412120576524
10E391F4F6576CE6C213EA0C15429E107F5A984A,5000,17,1404878536549,1405020019390,1412120576524
10EB71B470BFBCDBBEB90CF363EE9A6B6CD62D90,488,11,1405574737551,1405801493663,1412120576524
10EEBA965DFA6D2C307F7EF1BC3B7A0811CAD7FA,5000,29,1405223222296,1405381777891,1412120576524
10FBEBB45F08E42C913A19A0F018D4ADCF555E4D,400,1,1404538025555,1404538025555,1412120576524
10FF0576AFD40100B23DFD82ED053CBA99F2A1FD,760,7,1405760313668,1405760513301,1412120576524
111BA7BFCBFA240A85EFFA5CC9EC348983238358,680,6,1405636466499,1405636470774,1412120576524
11232D362617CFDC2B960068B2155E7B4D18C814,5000,13,1405475859345,1405476711624,1412120576524
1123851A65712103263683C354E25D2C28248EE0,440,7,1405290718800,1405290756588,1412120576524
113500B763A26175BEFBF840C7BC7E33674A0490,608,10,1405521918201,1405522152837,1412120576524
1136DCC1195C4B75F3C13631AC31B321EF38E965,760,18,1405479211192,1406419859530,1412120576524
113DD750521C5737A4D4C8F2BEA1879DD605F70B,15000,109,1405350905335,1406302070298,1412120576524
11419DE768C1890701FB7C58333FA9E1B2D3882E,760,22,1404865072485,1404866386597,1412120576524
1148927D495237D6E28C209CC5D365986F4A73C8,440,11,1405575191806,1405575373869,1412120576524
114938B3BEA18E8C548A9A60268B0E5D694BDA76,5000,37,1405995028406,1406841818095,1412120576524
11510B1CC85D75BBCAC5FFA26D51FD4C12B711ED,2000,33,1405040274542,1405442347736,1412120576524
1154BB950218350037A849232902ECFE33D4D10E,2000,20,1406081429331,1406411953407,1412120576524
1154EA4368B8D26522BDB7D025E45B6C14AF25F4,5000,28,1405908805153,1406260013240,1412120576524
1160F9E3B04AA916AE314935576BAFAB04FC17A9,760,23,1405304810384,1405533115054,1412120576524
1164A49CF2F889082B24AF51B505F09A54A989AA,5000,25,1404871493360,1405045424575,1412120576524
116BA008397CDA707E16558487C2F94AF12D4468,440,3,1405709591843,1405709591843,1412120576524
1170C0F60BE2F4B3BC55D907DA9A3120A415B61C,400,1,1404962649582,1404962649582,1412120576524
117C94BE6EA3FF53C23250E619A9DA8B33140BC3,400,1,1407210837334,1407210837334,1412120576524
117EA1632EFAB4F860A91FEB289FF49DB2CAE944,400,5,1405393252995,1405393252995,1412120576524
117FBBB8365F45804BB21E47D310DE8A2C6D902D,2500,26,1406604613433,1406674562114,1412120576524
118DB812A949072C7ACBC1AD2B6C2326605BA588,7500,48,1405004044329,1405007488243,1412120576524
1196864C5B2A1F91414D12F892A3F5C616B80444,8000,38,1404882746991,1405008547475,1412120576524
1198C35992EADF641DE6F0BF261B5B6F88618547,440,2,1405132749231,1405132749231,1412120576524
11A1EBB6F914DC52E41D787BDF205271243F7254,608,9,1405487150173,1405487847786,1412120576524
11AB2C485D50E5C8FE5822AE9364191971607C1E,760,32,1408224175611,1408224440163,1412120576524
11B9CDDF3C78010B7905F64B9E9AF1C50A977DCB,760,42,1405411820908,1405456927534,1412120576524
11BFFF926F82B4FE70541945421CE2A1D312A417,5000,15,1404957365384,1405295320923,1412120576524
11CA2E6DA72A41289F398CFA810ABAF772F80594,5000,17,1405060827540,1405061435882,1412120576524
11CB4CC6A3C72B7B514D489F06DAF6AF566C6929,20000,66,1405304480108,1406334179446,1412120576524
11DA666DC2CEE193FB5586DAA9D153DFE0A6F700,5000,12,1405540317634,1405547091316,1412120576524
11DB13127EF9219F9BFE97000F9B6F568E16F139,608,19,1405491475932,1405750093770,1412120576524
11DB79834E3A1BD2BBE8516A2B1931FB3AB30465,680,23,1405570589722,1405830811959,1412120576524
11DD10AE3A2E21563C631BCDFCB6A6AA042C3FFD,5000,40,1405807725341,1406042658779,1412120576524
11DDE74D2012E7DEBCD0E4EF20A37EA67C2DE44B,400,1,1405801462793,1405801462793,1412120576524
11E0368E4DB6D3B8155C71831239FF7786E76289,760,16,1405045512391,1405045786716,1412120576524
11E12B209EFC61A3569749A1B54F26E5B32AD6AA,5000,19,1406227103989,1406229874223,1412120576524
11E23B726CFE2E150F2BD910940437753F761991,400,2,1405103554071,1405103554071,1412120576524
11E3894EB285245BD64DA37423543D90F083C770,760,7,1405547268050,1405558590436,1412120576524
11F0EB02761EC3E54DBE44462D78793EC7E06E23,2000,56,1405228292738,1405973807817,1412120576524
11F28E93C57C0F88FF9D8D9427CBC3C2325F46F7,760,13,1405559948078,1405771595254,1412120576524
11F68F88BE1BA7D55F8DF7237CF1B4569709DBA9,5000,11,1405399859950,1405400188849,1412120576524
11FD1C5C95089C0E604521AA99FAD72474FD97E0,400,1,1406525587569,1406525587569,1412120576524
1200DC5D490F0D1E874D704C5BA3D535AA3B83B4,608,19,1405361259279,1406391609321,1412120576524
1220571B64368D38A41D0B9F2D707450C332973A,400,1,1406103407552,1406103407552,1412120576524
1222485CE4C0D6EF4202BF165594070F806CD0A4,400,1,1404877119297,1404877119297,1412120576524
12225122E22DB6F53AECA9D0059A028363AA14F4,5000,27,1405388888487,1405477028193,1412120576524
1225D397D9730242703AB672B4B326D426A77225,760,27,1405330630417,1405359201436,1412120576524
122C5B0396AE5FB5EF6318A7B1A2431328532134,400,1,1405188375198,1405188375198,1412120576524
122E0BBA1B157A811D621FD8D695AC4CE7640C33,400,2,1405871925697,1405943287333,1412120576524
123666EAD453DE678828A4AE881AB589E8032F62,760,17,1405206211690,1405206428954,1412120576524
1236FC1A709837F96197ABF69367A2D2864C1DCF,2000,45,1406449712028,1406513773305,1412120576524
1243749CEB71B73756BE77CF9BAA58207F6D5285,2000,18,1405016518499,1405100136064,1412120576524
12473D424DBDF160E5769337EFA9438B36865244,8024,90,1405265485544,1405308744987,1412120576524
1248A008269BA8379A6D876056A9B6283C91937F,400,1,1405087786530,1405087786530,1412120576524
1250870915C1FF10DAF257BFCB3A1B366818D706,400,2,1405061318040,1405061318040,1412120576524
125F0159AF0E7A290D72DCA154DC8B948FE24AB6,400,1,1405182369188,1405182369188,1412120576524
125F7AE3A75F72F8F8DF715B3D606FC920CD657F,2000,26,1406342441245,1406342795463,1412120576524
12616C10345BE51A97BDE934FC83DC5D0E54AD87,440,6,1405316170036,1405316185955,1412120576524
1271D336B4D668D9C0B8684DDE41F3F2ED6BEC8B,440,10,1405556353502,1405556447126,1412120576524
12862ADA47B167D6E06D547B7DA6CFD261FD4D22,400,5,1406611155417,1406773569811,1412120576524
128669F012B2CA8E3F35784F9941DDB1F5B75004,2000,19,1405486072208,1406389908673,1412120576524
128DC0E2E092D97D2369B1FBEF1BF4BED0AD8C97,5000,19,1405318330605,1405366889525,1412120576524
128E0A2B028F146877B35465C16560FB088586B8,440,6,1405044289416,1405469614075,1412120576524
128ED9A771D78F4CD824E8CAC41C86180D632633,400,2,1407532082689,1407532094141,1412120576524
1291F39CB9636683F7E171BBE4CEDE2A7F66BCA1,544,14,1405833082991,1405833361614,1412120576524
12920884828098DFA78D2457BE96729CD8AF5ED6,400,1,1405638490435,1405638490435,1412120576524
129B9E0B0BEF6DFBA928F2E0C8482E6065B65A33,5000,23,1405666795277,1405734368404,1412120576524
129FF69EAA1C0633681571E8CED60A6F8DF85A58,608,15,1405569201356,1411047232967,1412120576524
12A49718DAB860568E23091C5746B359867B296D,608,12,1405965703042,1406128562597,1412120576524
12AA489918CB02DE7360B9026DD338D9E020678A,5000,7,1406339362708,1406637364855,1412120576524
12B2AC92021B95122B96EA1A6B45E946EDB145EE,2000,52,1405880067549,1405894222120,1412120576524
12BAE38BA510A778D7A9C6EB12ECEC22EB45ACE2,5000,5,1405339877803,1405340613745,1412120576524
12C39D6EFF8D30A6871F01AEE1FFFDE51BCA35CE,680,10,1404969339977,1405008936839,1412120576524
12C83C1F1040104082F5643CA5DBE9CF7AF8F833,1,1,1405303049823,1405303049823,1412120576524
12CB44139DC6BFEB884B80BECABE24D689DB4A2F,2000,25,1404874999836,1409909601381,1412120576524
12D3348B3F062635BB383129E8C1107CA60995B7,36000,108,1405567289624,1409445079233,1412120576524
12D575445DE72AC6684E15BB5D813EC0DE9FD499,440,5,1405639794642,1405639827229,1412120576524
12D7F712FA99BEFF7548F546746D1745CD028490,40000,82,1405385032190,1409158506237,1412120576524
12DE862F96CB9D508E44682863B63086B8155575,5000,24,1405988060706,1406392961764,1412120576524
12E5F79F86CD265A12946353E85BB614A71ABFBC,488,3,1405055103730,1405055103730,1412120576524
12F33E5B73FFC7BD8D823B90C0D065A86E4FC4CF,760,37,1405311251135,1405437520334,1412120576524
12F6B47FADEF1F8E064FF534D67823A7ADEA5D4C,5000,16,1406140545705,1406238542344,1412120576524
1308FE848E98C0E93A7D5FD6F55F4FF6C4359223,400,2,1405388407080,1405388407080,1412120576524
130A3F96845B2317154781590C6B29F389CCB806,544,9,1406271392253,1406271512974,1412120576524
130B4F0CE3B2033D46473EAB0CCED52D4D0366F7,400,1,1406316599857,1406316599857,1412120576524
130B5D821AA956863DCE5CC23D672E2A2B389C33,760,10,1405244503798,1405860312768,1412120576524
130D7BC8E5F5AEF440EF64547A28CEF5682CD6BB,2000,12,1405423331458,1405508020687,1412120576524
1316C40C37FD9B5505658251DB5164EA18BFB59F,2000,36,1405410824340,1405460341677,1412120576524
134100649E4C857CA3E36773536BF8358050E38B,544,20,1404815251029,1404970385039,1412120576524
134B80016EFA15F54F1606B2FBF0165026A6CD5A,440,2,1405315637169,1405315637169,1412120576524
1353BA72B89F2AFB7D09C499947BD82D2124EFCE,760,19,1405073237935,1405073716633,1412120576524
135ECA6C243140D5A1648C202E781DD5C07671CC,440,2,1405652992143,1405652992143,1412120576524
135F4439CB41DA598623E7ADCFB53566AB038F03,2000,27,1405480037944,1405567146273,1412120576524
1363F0D3BB531E16522FF88DC9E68B76A6EE3C5A,2000,32,1405794875252,1405795748713,1412120576524
1383B41D77944E6A7A50398B8C049BE98D68260C,400,1,1406167696255,1406167696255,1412120576524
1383ED722046436E9A04E6B337E7FE504803A028,400,4,1406952908202,1406953263554,1412120576524
1386FA009422400E1095640F8A86B4F17BE3420F,15000,103,1405202374999,1405753220967,1412120576524
13880F6C663014405CA2E925A89A6661BD2FAAE5,5000,26,1404957787068,1406151927357,1412120576524
1389B65115E8E7174C7F31E3A2F595A260733421,400,3,1405384967070,1405384967070,1412120576524
138D041F6D0785B0711E8C88FDF349CDC6E764E8,2000,21,1405907369086,1405988589392,1412120576524
1395264C7486F1AF950C2EDFA47C9AE545D0008C,5000,17,1405770166694,1405961880642,1412120576524
13B86785A90C0D8EB29AAA7662723B306B2ACA4F,400,5,1405151646936,1405151646936,1412120576524
13BC7E77D796C9ABD4D8BFA832EFDDF9FAA3C1DF,2000,19,1405573345824,1405606882809,1412120576524
13D349F0E9EE3E52058499C7FA45F7F12526FB15,400,1,1405926067985,1405926067985,1412120576524
13D3BD3C5BAE9C91E2E3EE016961841038EFF23E,8000,19,1404486515624,1404487068285,1412120576524
13D8E1219E14C3E3F6FB3B7408916B1C06D5A7A7,400,1,1405988414102,1405988414102,1412120576524
13E263CBA966F4C11E76814E55D61753D5FE4397,5000,20,1406151031416,1406152050791,1412120576524
13E837B91D2334C378467A0C792E0B8603761CF7,2000,25,1406156631752,1406157370035,1412120576524
13EE4F60E00E0C6DFF31BD96D1B948485E3C8C40,400,3,1406159898366,1412119088540,1412120576524
13F0D8EE0BC4D4F96F055DB00EA0DEC30E877FED,5000,41,1405443216457,1405514499939,1412120576524
13F68E2A3CE4FF9FA3820702BD54EF134865F46A,2000,28,1405135137761,1405138150740,1412120576524
1401C16AA18479AFAD936D88697E8B55DF694E50,544,16,1405580871046,1405966499355,1412120576524
14043B14AB21C805710E1BD68B944B7194BC5AD9,488,15,1404942218992,1404942602730,1412120576524
1408258ED585F31FA5B51271E2000E3A810A7818,760,19,1405427073614,1405737201741,1412120576524
14089FDDE30DA5CFEAA96EE20DD24C2A622AB041,440,6,1405379608083,1405379863803,1412120576524
1416B169F0865DB97F0222BF694D1B92312B3FE9,5000,2,1404950734292,1404951059186,1412120576524
1424443BDC489593EF87A9FAC3D4052BA21EB799,760,12,1406408900524,1406409139753,1412120576524
1434B79DECD66242E28E22F1CC699CA839125ADA,20000,76,1405193874520,1411431833182,1412120576524
1438550CE7D1D82281603CF1D852AA320F6D69BF,440,2,1406036668705,1406036783005,1412120576524
1449DC3D91D2B56F31D97893FAC28B1266A03821,488,8,1405556879305,1405556906201,1412120576524
14536C2EC45AADEBC57B412BF6B0877A6AFDE9F9,760,9,1405251018130,1405251362323,1412120576524
1457E301F039FDEBB2D7476B80740BCBD6CE60DF,400,1,1405596031667,1405596031667,1412120576524
145C8E1D0CFFDC347FEFAFDCD3929E0F16C1E447,400,6,1405618255370,1412054543415,1412120576524
1462E765B2B6762E72F3E75226215DE20F7A60C4,544,8,1405522824555,1405523221721,1412120576524
146821C87B91902E0B7AA8A4743458D50D433933,5000,18,1405471975830,1405797542541,1412120576524
146916F4E5B84F91B69EE7568AE31FCF6E351FC1,400,1,1405820775401,1405820775401,1412120576524
146C5DDD6DBE968DA911DF3A8161E13003876D67,680,7,1405698463235,1405698501634,1412120576524
14731927802EDEA611152CFE933B8C353E98120F,5000,39,1405522869028,1406204165240,1412120576524
14760412B71F60ABD52A8D3210933DADD8D2E41C,760,18,1405890870208,1405891838159,1412120576524
147AD32D1441B095A43069E0E735DD21438D25AA,5000,16,1404877222220,1410297393741,1412120576524
147C07BFD69CB4549A9CCD2814176C0BBEB22FBB,400,1,1405561316845,1405561316845,1412120576524
1481CFF3A035E2A2684901490CFACEB3B3D09167,400,1,1405283875874,1405283875874,1412120576524
1484A364327618E5F1FFA0B72035D5D49D969FB8,5000,36,1405309314505,1405715659183,1412120576524
14873E4CB27849177775707277DE49A8458F0BBB,544,4,1404828123302,1404828123302,1412120576524
1488570A90E67A8C6DDFCA38F253059D9A170F3F,440,8,1406154993917,1406154997132,1412120576524
148CCE390BE84EC052B8AE8983FFE94D5A2ACF78,608,23,1405045885331,1405046333661,1412120576524
148E14EB30BCB571E07602F67F096E0B6E6CD689,608,13,1404878555041,1404878896628,1412120576524
148E2AA815F26B25ED6FBA0EE4B432EBDB4A0E13,5000,15,1405334112070,1405334806614,1412120576524
14900E9A1CE9D40396DCB3526958D1467DDCBA30,5000,3,1406736339953,1406737877354,1412120576524
14967D965ECF34BA5E295A7BF794906FF699F1FD,400,1,1405847519192,1405847519192,1412120576524
149CD9CB00D4132511D1A0670306B0948D00450E,760,32,1405044646174,1405122104675,1412120576524
14A116320193C2438D087CF6D9B4C67636B72253,440,10,1405877425334,1405968210562,1412120576524
14AA9114261B83261F6F48A2648756A990B8764E,2000,15,1404619681986,1404620702438,1412120576524
14AFB7CB6AAE9A755D7111A1E84A105C03D66EEA,20000,35,1405918131949,1411160534881,1412120576524
14BDC3DC8B4BB757D23715EC58B2979DFDD2115E,400,3,1406318050930,1406404947660,1412120576524
14C08FC3C8B64E75CE88AB88174C8460B36C8B3F,2000,31,1405731934633,1405736918216,1412120576524
14D93F033F3B686949B9950321D945D1D70CA38E,400,1,1405919499588,1405919499588,1412120576524
14DEA71FB5D105235394E50E7FD94FC9FC184F68,400,1,1406237302442,1406237302442,1412120576524
14DFBBA66FA064FD5DEBA03EF709B3860E53B7C7,2000,3,1405300893196,1407025166451,1412120576524
14F2B5E4426BCB2EB0700C540045FC4DC1B73BDE,2000,59,1405386644663,1407466888090,1412120576524
1507D3B09F4C74B0965BBC75D7E55814D67C16B5,5000,38,1405354734630,1405472267991,1412120576524
150E8472EF1B0165C235743A8A6A023C8E739C77,5000,27,1406136983235,1406231301384,1412120576524
15110C74B5C76A78DBFBF7A856199DC2D25C42BC,2000,23,1406192300502,1406193158173,1412120576524
1519A4EEE1F00E841979CB1629586CA5621040AB,5000,48,1404536505350,1404616518124,1412120576524
151A73FCF2D91D75E4E1CF79E2F864E4CE2741FF,400,1,1405328597406,1405328597406,1412120576524
151B07E2E31343015BF466358F928AEDF7ED91D6,400,1,1405794631413,1405794631413,1412120576524
151B6933BE5D3E9FF09BC561B4DC73E648B3C16C,2000,28,1405633759332,1405718767786,1412120576524
152246ED61BB73B5DA040DFFC23806C2EC2E4629,400,2,1406474892552,1406474892552,1412120576524
152FB263D54B77BE8794C8014FFDD6EC3494D3C0,488,15,1405019712440,1405057099331,1412120576524
154417A845BC1907C460FF4A03FCE9F39660BE24,608,14,1405458388272,1405458527000,1412120576524
154FDB51D1B5528E47D6BCBB26E3192DF75A2CB7,5000,13,1405298861513,1405435424229,1412120576524
1554DDD03C1D9A3471539F02C01969F387D74F8D,5000,65,1404344150913,1410125076140,1412120576524
1558CF643ED44AE207F891A48FEFD7545AA72B40,15000,86,1405567304846,1406499895501,1412120576524
15636BEBE4BC01546F89591ED348FA6563F9E8D8,608,14,1405592141777,1405922728185,1412120576524
157C1DF78DE6C8DDD1E500F612320C5DD82D95F6,400,1,1405162586712,1405162586712,1412120576524
157EA9B5B1A8BFE9DBC0C55B993C98E43927FA4B,544,11,1405893720279,1405894047477,1412120576524
157F1D76A3C0216F614A8B40C666D8BB5CEDDF00,760,45,1405008013021,1405783527822,1412120576524
15834A1EDA9569D85039AF432165E65C43410BFE,760,17,1406651260837,1406651715170,1412120576524
1583D57187EE8AC46DF23334ECFF34D42CDD63D8,440,6,1405362447451,1405362488850,1412120576524
1586C0A8606E99AB50459E9BC3B3D494BDFFB47E,544,13,1405099206315,1405106729673,1412120576524
1588B6744893A03CBA344C39004A2BA9C9B7971C,2000,41,1406672066995,1407777404588,1412120576524
1590ABEBE0066B09905073A374D1E0646B43FC41,760,15,1405411690657,1405411706612,1412120576524
15AA8D49BA49D1C4D231068167570CDD311A9A0A,440,7,1405638675337,1405644956574,1412120576524
15AF97F6811BD929C5B785F20A166C7B2EA4B965,400,1,1405090783489,1405090783489,1412120576524
15B9122FC3F4F1B93B7CADAEFA8F921D938DE678,488,9,1406465395396,1406465564797,1412120576524
15BDBCC4705C97E10AF5B4AEC1D4E25B463CC80A,2000,42,1405064173087,1405075218468,1412120576524
15D58075072C616CB88DD5389A9CD30C50986738,400,1,1406094086374,1406094086374,1412120576524
15DB16C81DFA545D8AFEA33A2A030734140445D1,680,7,1405455665515,1405455700901,1412120576524
15ED2D3C9325BC11D2CCEC89EB9D9140E094087D,400,2,1406143702215,1406143970140,1412120576524
15F0445443AAA03CBF61FF0F98B937F9E4CF11D4,760,20,1404872716445,1404873209290,1412120576524
15F2BF471DE5E306A1B42A288342268FDF754685,544,20,1405367792800,1405816125215,1412120576524
15FA1FD2946335ACD0AE11C8E82BA8E68871C77B,400,1,1405388831874,1405388831874,1412120576524
1607AE95EA803348777D17E97A0EE83CDC71E8F4,760,26,1405053804391,1405054596522,1412120576524
160EC75246853D5576C82C9057D950E82B5DDD0D,400,1,1404684985381,1404684985381,1412120576524
16211422DC4AC3FA56B50BE846BCBF7F34B0E8F6,400,1,1405638613216,1405638613216,1412120576524
162A6346FDFAC9DF73AECD399289C1B96A270BE8,760,25,1405707322047,1405877556119,1412120576524
162B7B333F9C14597D0F3438020245C71AED4BB6,2000,71,1405189489363,1406161875798,1412120576524
162C61708041C56AB0A4E526DD448B335DA1DEC7,400,2,1405275513169,1405275513169,1412120576524
1630B0BE8ED75390A48361346880D9D761BB7E3E,488,16,1404880672504,1404880840217,1412120576524
163CE62140CF0E03AA27CFA7C91DD96F535F4804,5000,8,1404871713583,1405609071314,1412120576524
1642239E902BEF338F115E4235F1504F2CD5323C,760,14,1405443126665,1405453424654,1412120576524
164CFB70881B327D4785EE413226F860FD90FEEF,760,7,1405672067761,1405672081014,1412120576524
16547350F355F4258E7DF983DC0B40C30F4D9C56,5000,41,1406008555902,1406061704554,1412120576524
165617EE338A7E1B6430DD1DE2CB1548EC77A0D8,680,7,1405230130983,1405230151401,1412120576524
165978964C465D306DA5790C5534CE670D78DE71,760,8,1406031863738,1406031926829,1412120576524
165C1008D708C6B809BE243037756770FF77531E,15000,105,1404926767294,1405223464380,1412120576524
166A0F4D9FA397CF9FF6AF440BBCE9E87C339981,5000,11,1405346806970,1407536125169,1412120576524
166B3B43E47CCC2AD2C3BE78E5537DE3DBAE08F7,2000,27,1405418194758,1405840908220,1412120576524
166D8783A5EEF285B1E14B07725664B585D94B6F,2000,36,1405319481454,1405532299576,1412120576524
167692BA220A09ED7E0A3B3507A1141D3CCA15E8,488,9,1406653182547,1406653196073,1412120576524
167984CBFE806C8FAC561869B7EAFC278D2D1666,544,8,1405627399032,1405627413663,1412120576524
167B2D74F6B0FAE0575C3B938DB5D7E88ADF76EA,2000,25,1404900662715,1405302307606,1412120576524
168037EBF4109A55B6AA5046B2A82537CF7B59BE,400,1,1405068408215,1405068408215,1412120576524
16820C14446158B1D57E7847FD379EBD3D30945F,400,1,1407075120724,1407075120724,1412120576524
168738B684171600FA0D9C6C3F507B950304B56D,400,1,1406277664624,1406277664624,1412120576524
168C6C440A3FFBD4D5466CE25A2154CAF24388A3,400,1,1405452464946,1405452464946,1412120576524
168D7579A3EACC43232830C3CD9E84B19B79A77C,400,1,1405641187625,1405641187625,1412120576524
1691253A8CFFE34D5B00EFAA692B1E2CF937F27F,544,11,1405562593535,1405562711950,1412120576524
169E148A4A7E25D43F71931BE3E042936B74A1F0,488,8,1405070755270,1405070797199,1412120576524
169E46CB3E2892C63E8620C3A1151C857F6D7F48,680,7,1404873096034,1404873112708,1412120576524
16A116496AC8BB8956CAEE65BF8DA16CD3E0FC49,5000,11,1406734250643,1407019616833,1412120576524
16A4CF8445D5DD39EBE8A11B4E1EFC521E167262,440,7,1405227100926,1405227117616,1412120576524
16A6FCF48C6852CF5A11825E174080FAFFCDD6DC,608,12,1405914988153,1405915058901,1412120576524
16B443ED6C4AC157C63185FBE29512E57BCE16E7,760,10,1404261995825,1404262036385,1412120576524
16B5011A65708339AF0B2F0BBFADABBE39EABFBA,680,26,1405574999467,1408330188783,1412120576524
16B872497F92ECCDF95D707809825F451B2EFA41,608,23,1404325244629,1404442995643,1412120576524
16BC6599A6B30767BEBBA8F608B38230678B7F1A,5000,19,1406552869430,1406652393169,1412120576524
16C3E66D4089BA6E2FD536088A11AB374A3BA326,5000,17,1405606612967,1405610807504,1412120576524
16CB285910E6F21486ADF1529DA409675E0869E3,8000,33,1405047161033,1408980899413,1412120576524
16D60B40E4457224C4C93FD9A881CB24D835D21B,400,1,1406651939989,1406651939989,1412120576524
16D8E549EB3A04F6BBB24AB6D185AFC9263EFC34,760,8,1405134630340,1405134882287,1412120576524
16EF32F5C83D5B65C770D484ADD3505F42F3F379,400,1,1404768315471,1404768315471,1412120576524
16EF3EDA84053D4BE0B8727E9681AD3E5E882B38,2000,55,1405226090894,1405377842229,1412120576524
1702BA55147C5177EFB0FDF145C4FDC4956F5A9E,400,1,1406303911227,1406303911227,1412120576524
1702CF6F3062A75CC12D2BB4DD80C78397B7F474,400,1,1405045252951,1405045252951,1412120576524
171939D7B3C1DA8ACD3D882BE08D0BF30ACC299D,760,7,1406414624541,1406414778663,1412120576524
171B374E47D2430A08461C4D1EF9C07C79D71079,544,8,1405215785894,1405215857067,1412120576524
171E0D2F56A4F62AE6A15C26FF8F064531A17ABD,2000,9,1405419942127,1405569315653,1412120576524
17247389F0F5802DDC5BA7BC0A6B6B64FCE1F01C,544,7,1406179598006,1406179669643,1412120576524
1725D977D66F51C01AFA7B0418CC71E7CC5CC361,608,18,1405262482350,1405263157637,1412120576524
172ED9EDBFC1470DDE61480189E3A1E3D64C961F,608,7,1406237498695,1406237511919,1412120576524
17316FCA962487B812E1E31A898F69975A4EE80F,680,20,1406008505368,1406096245737,1412120576524
1741741F5E00C15AA508F49A751928230ACE412C,400,2,1405511059514,1406119545015,1412120576524
17455A88BB3B4D64938FECF38F67A6071347B98E,40000,41,1405386555155,1406329406356,1412120576524
174C74D11AA1C1027B34415B2DCE8FCDC8F594DD,400,1,1408155535554,1408155535554,1412120576524
174D18DFF12ACE26A7549F661A34E9094AA14689,544,8,1405572925182,1405573068839,1412120576524
175BCF22D064E5CFEC7223192336F025350190A8,5000,44,1406141001259,1406598694628,1412120576524
175F39F875E854B8B973976B5B9A3382A77BBC62,400,5,1405113190392,1405113252333,1412120576524
176F71C8999A13D61AA8D20BCF917C8D42B27EF6,440,4,1404948855689,1404948855689,1412120576524
177076BD09E41FDF6A6CE7F436360609063F7045,760,8,1405374775010,1405374803304,1412120576524
177855148518B23ACC5C785518044B5ADE11CED8,400,6,1405801093000,1405801134173,1412120576524
177AF869C2665472DD84391AE903669130226999,5000,16,1404954107645,1405002201968,1412120576524
177B5CF92763158B018FEEE853449CE5929661E7,5000,25,1406148483770,1406280716127,1412120576524
1785FF14789E45ED84BFAC2E9A684CB1E806A241,400,1,1406246538427,1406246538427,1412120576524
179D61F6DF68ED0453B00BD6657794F57E0FD421,608,15,1405664395969,1405664538923,1412120576524
17A3AD756A741DD4100D463084E49F20C0F46F22,400,2,1406743492868,1407074554882,1412120576524
17A4819FDD4C01FC9B05612C65CC13107C428B16,400,2,1405403371480,1405403371480,1412120576524
17A74314BDEC2181364B33F8386C81E845DD0F70,760,12,1404994413257,1404994967528,1412120576524
17A7568E6F1FD31D18AF000E768E62B54E2E9E9C,400,1,1405385682310,1405385682310,1412120576524
17ACBC8674A271716F972EF10C66583D22679BB3,900,8,1405491853580,1405593576104,1412120576524
17C01D5ED24F29FB6B3F088B415C18A3DB24F241,5000,23,1406446503778,1406613105117,1412120576524
17D0B158F9442AE2479C8E0CF1655E5B7FC74B4C,5000,8,1405151139077,1405338219028,1412120576524
17D42ECE519F18DC8ED3668FC9EDFD16D80C9D5F,544,7,1404686705552,1404686755835,1412120576524
17DA73B925C388F794980E5D9A5A79517FD617C9,2000,62,1405058498565,1407463302573,1412120576524
17E37D3A581C2593F5218632B4938AF7ECE7E09C,608,13,1405372293842,1405372652805,1412120576524
17EF7A4F2F870AECC4E5C639C7298B2BF2B23758,760,37,1404900771929,1404986234940,1412120576524
18009D68EB763290D44989818FC709484B4284B5,400,1,1404967671448,1404967671448,1412120576524
1801A8A202906B3E7B023D94C36BBEBE488068C2,400,1,1404969591419,1404969591419,1412120576524
180371BACFA7DEC1C2C81330845B62034E070C75,488,6,1405558410175,1405558429369,1412120576524
1822A3E77567BA2B99D7361F4C53C7F2DA2069A9,5000,82,1405655092778,1405910475981,1412120576524
182E945DA4423D854639CE0D3D4522EC8D040A30,5000,37,1405028939663,1405128939110,1412120576524
18453D992F9837BF2000FF26BAE634B5E9359745,760,9,1404974999051,1405047952896,1412120576524
1846B2779AFE42F29019556357A3F42173996923,2000,29,1406405172847,1406430794414,1412120576524
184B8DFB80ED4C1C5AC4495A50ED61395355B283,544,15,1405322363002,1405722159806,1412120576524
18529DFDF9962C18FB46F863616A8494B73BBC03,2000,85,1405051861499,1406755997907,1412120576524
18667C13554CDD2FC2BFAE4C37B1006A976FA66F,440,7,1405492299865,1405492331299,1412120576524
1866A977B6FF1601582BA2738D5C61D5C544A7E5,5000,8,1405549836804,1405555834225,1412120576524
186C5C457B7CBBA4B7708AA102C196A8E53754F2,5000,41,1406019385665,1408863529418,1412120576524
186D21471D64687D38864D2D947BCCA5FDD61761,544,7,1405137768699,1405137794676,1412120576524
187F143AC7F12EA33066CFDD50E3C918D3E8E1E5,5000,18,1405355817601,1405392600881,1412120576524
188B84DFCB45D9727144B11252CD954D6F736394,2000,25,1405347326089,1405450886198,1412120576524
188F818C941EE762CA6F02311618B375E0B7C7E9,5000,35,1405031823505,1406686013213,1412120576524
18917A8D7186E3055A2542D167854BFB37CAA3A2,40000,81,1405383198645,1405946590092,1412120576524
189692CD01F925A89CDBDF66C2CE8BAD4FF5073F,1050,15,1405563817799,1406045340032,1412120576524
18A5A8F80DC025FB3A627E1576FB1E902F9D2840,608,16,1406000185813,1406064801630,1412120576524
18AE658203E96EDB3649BC69ED25060EF023593B,440,11,1405047539573,1405047715066,1412120576524
18B078F30689695AF036230E5D0D6F3EA5049791,2000,24,1405364552561,1405546221078,1412120576524
18B130091DB6ED07AECE1DF9BEBB828F0E244AF1,850,31,1409598219283,1409599081819,1412120576524
18C31B52309DF8BD390B9C25BCB4E9219FEA6D37,680,8,1405986166018,1406048977052,1412120576524
18C6995AD9EC8452A2C1F4230A3B6C0C8400ADF6,400,2,1406174470950,1406174470950,1412120576524
18C92B222F82A1B17F6C675A6E7927130060547B,5000,11,1405128552072,1405225333727,1412120576524
18D38BA75583A8AAE3336C652C88C239F11C03DC,5000,35,1405371873014,1405658262239,1412120576524
18EC7D6AB9B174B48FD255C6208ABF0D5798D9DE,5000,18,1405296120040,1405385931492,1412120576524
18EDA3F4E099534A922D594CF16B35DE12A1D336,15000,50,1405582029819,1406117987005,1412120576524
19077DEEDF00576F02EAFF6CD158F34DBEB7F0DA,2000,10,1405520359326,1405960059769,1412120576524
19078D33A6AC08BBA5BD0452B09A06AB64D07B37,400,3,1405097418460,1405142839899,1412120576524
1907A6003B5F5B2EDA23328D5557CF982ECB4E3F,8000,36,1404930273244,1405699537664,1412120576524
190DA2AEC9C6D640B73E77B09B5A143918955E3D,760,27,1405141344755,1405141907199,1412120576524
191176B6B294CC6777360624862076F2A15F39CB,680,11,1405476034387,1405480097118,1412120576524
19172A36F03DFBFC59DBDF4A73D215C4DEC0FCF6,544,11,1406064990068,1406065049797,1412120576524
19184A1B14FD7808590E476F0857BA18C8E5C596,5000,3,1405186288709,1405186496052,1412120576524
1929A51473E05C0478BD1739CD25C18E456E0EAF,680,8,1406662099117,1406663633379,1412120576524
192BBE6AE12FE6024B977E5F6812E9D643FAECA3,400,1,1405904806468,1405904806468,1412120576524
192DA0349047C868057729E24ABAB0D2494664D2,20000,32,1405311318531,1408595459654,1412120576524
19310205ECFE2D1F903C36DFD5EFF0FC4DF54BAE,400,1,1405363513342,1405363513342,1412120576524
1933C65A79D0142BA5C29957B50C6C686B5F3F6C,400,1,1405621080056,1405621080056,1412120576524
193732C176CE798FE521C102610DCCEB5550F74B,400,2,1405738088580,1405738088580,1412120576524
193D96A0C57FA73EA083FA0A79547C7590E194A3,5000,71,1405369438890,1410393549712,1412120576524
1945CF3F5CA797995C1B6016E08041D77213FAC8,5000,3,1405699783218,1405700034042,1412120576524
1946148681E2EBACFF938BC97022834A600E0D2C,440,3,1405472536347,1405523940322,1412120576524
1953B36E6E37F691428FA6EB0D5D62868B48090D,488,9,1405596188994,1405596442732,1412120576524
1954A9261ED536C30A0F058D4AE5E4D1631B077E,400,1,1405444143467,1405444143467,1412120576524
195699959271588E2C21FE12F2F91D6AE40AAF5B,400,1,1406253940421,1406253940421,1412120576524
1964CFE5A07C8B80682DF25602C08CF16106C2F1,400,1,1404383835853,1404383835853,1412120576524
1966033741E55099481AC9D6B104F26755DF2ACF,2000,52,1405903405010,1405973266313,1412120576524
1967774423948203765195D006E4FD87AB8EA79E,8000,25,1404882144196,1404884004684,1412120576524
1968C9C98EC7B06D3D57C52FA058AEA49EE4BADD,400,1,1405397797652,1405397797652,1412120576524
1969A8A8636FFD12AC3B66F98FB6D795B83810CF,440,4,1405181913755,1405181913755,1412120576524
197374F617174B2ED2C52FB7D20BBB1D34887CCC,5000,23,1405164408071,1410210238643,1412120576524
197AA669C621DE0455BFA0EDD4C76296578C8376,400,1,1405641673936,1405641673936,1412120576524
197B14132B4D9197E9EBFC9979CBA05BD0F72B45,680,17,1406957346285,1407683611633,1412120576524
197B35C87BC88B082EC932D84EC29636492DD45E,760,10,1404876660038,1404876665301,1412120576524
197E7159509D4D01D553DC1084962F67F943B85F,400,2,1407059295477,1407393236074,1412120576524
1980734007733A5E9EC28D92B2CA49A6FB412BEB,608,16,1405006561040,1405792275236,1412120576524
19814C41227876655362D5E6D972E7E01B109083,2000,25,1405960396735,1405979922104,1412120576524
198D13FF8BF5C13292C796618C0CF44B4F2B72C2,400,5,1405797761181,1405808761463,1412120576524
199010226AC9622C1C6F479B89EED35C816F5762,2000,28,1406042496793,1406148073250,1412120576524
19965144257C5C86E2D3600CB9E080B3BBCA4CDF,680,16,1404998067940,1404998299997,1412120576524
199FE599C0097855C1FFFD782DBBCA0818B26346,2000,23,1404406766060,1404788015581,1412120576524
19A8F3BCDFA58253D3E3E1C1DFB481FD03667E09,760,10,1405175543891,1405213066560,1412120576524
19A90BA770DBD31F2EDB4FE5CF5A2219F037BD35,400,4,1405915253496,1405915253496,1412120576524
19B14004DEC8C114DF29F67A0C7349557411F773,488,12,1405393430497,1405393617964,1412120576524
19B4FD7915E8B3D57A69422C15B8847C07485976,400,5,1405534373912,1405534601858,1412120576524
19B573695411D804D91BCBCC91C561AB53E0FFA3,400,2,1405234792360,1405574609553,1412120576524
19B759BB5849F8127C9A5B061B3035FF58D730BC,680,21,1405438066844,1405438430994,1412120576524
19C040771F550B7FA31194802F8CA19346B3BD1F,400,1,1405609263983,1405609263983,1412120576524
19C1D62F2DAC33F8D44AF459476E314AE112D25C,488,10,1405623888202,1405623916589,1412120576524
19C355969C81925FEF626B380DEE85DBA95440EB,760,15,1405265875797,1405266303442,1412120576524
19D955044789AAC8E61DE9B994C447C1B0FBF9B6,680,6,1405342947207,1405342953721,1412120576524
19DB77F62EDF60C1D9F1158CC14EEED4E35C8B66,544,8,1405981053898,1405981063217,1412120576524
19E35E51E6466A5FCFE6EEAD6A824A8B8516FA8F,2000,39,1405733401509,1405798720028,1412120576524
19E781B82EFFC54A54F2E3F782E92F5A25AE0775,400,1,1405226405415,1405226405415,1412120576524
19E8F099AE168BC44DA3B792185BF680F0E85A23,544,4,1406566084262,1406566084262,1412120576524
19EC7EDA4309BB11091411D66C72F9CF2AC4F242,680,7,1405376365070,1405376394614,1412120576524
19EE81967070CA859702A7ECA71A837082952FA5,760,20,1406007731256,1406743181026,1412120576524
19F8A899E440D2CDBC8688BEB07A2AC4F21BAFF6,680,7,1405615498846,1405615651573,1412120576524
19F9E20A4317840738906CC68795AFBE7A69B114,680,6,1405209903943,1405209911757,1412120576524
19FCC934CE2B21C10FD76462AF1CC93BD63EA9DE,544,18,1405741238914,1405741637968,1412120576524
19FD4B7020C882A5AB55C0BE80BA579E67925B7C,680,8,1406737560803,1406737773306,1412120576524
1A0AAFA96DCFB54EBFCE5038EECD45B7D5B9858B,2000,17,1406414058599,1406416260280,1412120576524
1A12E1DEAB75D93D3D304BE1E4C8EE3E41DAD800,400,1,1405397354784,1405397354784,1412120576524
1A16F79C72C4815CCABD05A71CA5619052155EE5,488,14,1405050461958,1405139301763,1412120576524
1A185042774637913849610EC3DC04A15F936018,544,10,1405480168970,1405480644158,1412120576524
1A1B598767D2FF7E2F39BA9278DB49348BA0129F,15000,57,1404993374795,1405082112810,1412120576524
1A2A2D331744798AD9544BAA8F7764138656897D,488,6,1405519937818,1405519980655,1412120576524
1A2EC0FF7D84C3A5067320DF93661C954FB92C17,544,7,1405403035933,1405403106016,1412120576524
1A31C41E45AFEEE5B6457566F5267D69811A102B,760,8,1406605346607,1406605380732,1412120576524
1A34B01B5F340DC440898AC8F32E35472BA352DE,400,1,1405401292709,1405401292709,1412120576524
1A38E74025A9B0E8E6724DE7A1BDC79A8DB6178F,5000,9,1405402977569,1405414382915,1412120576524
1A4070CF790EECC4D70D841827DB7A9A136E3554,15000,52,1405650204705,1405901896468,1412120576524
1A420A04C525DCCA133E61FFCCFAA85D90C31716,20000,81,1405303916602,1405749691352,1412120576524
1A4382A77C37A5C16E012FC1EAFFD8A288DAA667,2000,19,1404951506630,1405204442849,1412120576524
1A49AFB6495F63C494C83FB2F275A19B3065C0DB,544,8,1406112648980,1406112661835,1412120576524
1A4BB8A7AFAFCDF9518A12032E21036729BAA773,400,2,1405521622628,1405521706576,1412120576524
1A52FDFD100E66B6B148315231831FE26F660E19,440,8,1405662634458,1405662672852,1412120576524
1A5471DB90C096210157C2B1B39DCF6CE67FD0B1,544,17,1406072852500,1406073467614,1412120576524
1A5827C0869ACDE877CE6C5579BF3FD37B2630F3,680,8,1406078310618,1406078537515,1412120576524
1A644F9EA4F92BDD2CC13941D2DCD52658A966C9,400,2,1406422943345,1406422943345,1412120576524
1A70A438FC978FD166B7A65E1C6CB8B4E13CF7C5,900,14,1405529462836,1405766818742,1412120576524
1A791A830C4072047E46B0D334EBC1D6A688E48E,2000,24,1405995985853,1405997347282,1412120576524
1A7F08D910ACE0F873DEC204D273AEC45EEDF3B4,400,1,1406167574529,1406167574529,1412120576524
1A84CB10A09445014016D6893F9989372D659C57,5000,25,1406510433255,1406594859872,1412120576524
1A87E5B38B41E63721874E99D942CA5469BC4CC4,760,32,1405268487288,1405727036440,1412120576524
1A95F901D4AA42344006FD9FB8AD7B019EB0D4BF,440,2,1406020152440,1406020152440,1412120576524
1AA1405F5105586ED8BAF7C58334FDB6EC2A5AF0,760,21,1404916834525,1404917498775,1412120576524
1AAB1201331FE784BA18C297D225B7E4F10D9FE2,440,9,1405386757210,1405386882345,1412120576524
1AACB2D6BD9F043B8816288E031CA63F09B8925A,400,1,1405475004047,1405475004047,1412120576524
1AB23440B34D2BB018227ADEC8A8C3289AA08F4F,2000,4,1405612572314,1405687634242,1412120576524
1AB53BEC7079AD316AB82B459BA03ED2491A781D,440,6,1405634937990,1405634951707,1412120576524
1AB8975A6AED9A584CBB8D25070C2952AF74FA70,5000,9,1404969164251,1405010994790,1412120576524
1ABAFF1B39C59A64F45B7DA0E5DD928B6F422B1B,544,7,1404882529184,1404882540189,1412120576524
1ABBDBC813591FFC12304978E239F797942A7D65,400,1,1405599470106,1405599470106,1412120576524
1ABDE8CCA95B8CD7F7EAE1C9D1ED49A01CE03B26,760,19,1405491349216,1405495195409,1412120576524
1AD1DF2C0CDEF6ECBD224BB5F5A67B84ECCBE205,400,1,1405826812122,1405826812122,1412120576524
1AD41AF4CC4D48EB51EC646A3CE4F708372749DC,5000,71,1405394028562,1405705966023,1412120576524
1AD4ACE9A6E6C6AA5FD76AE6E66EB64B0B2429AD,950,23,1405481523193,1405777558101,1412120576524
1AD59CFD370D4C1EB364DB0E0EA245E2515787E5,544,19,1405262412594,1405262741007,1412120576524
1ADE01CF464FBED63DB624443D65EA189DA94734,400,1,1404916858296,1404916858296,1412120576524
1AE05808D07214AA44E10573C15C741226211D7A,488,8,1405740176464,1405740484228,1412120576524
1AEC7BA6ECDD596A5EE77ABCE3C1474C8CBF84EC,400,1,1406097394058,1406097394058,1412120576524
1AED2F2FC78EAB4933062A00772A56F0EEEF7F71,2000,48,1405581674084,1405803366105,1412120576524
1AF0DDE161FB58D44B1299C4B972E962D9EED983,400,1,1404699477156,1404699477156,1412120576524
1AF4306DE3787B6F37C4A2FEA97E7D004302A246,20000,33,1405573149243,1405996708875,1412120576524
1AFED2AE089A1394406BDD6C7C7EBE573C32A568,2000,39,1409488866596,1410255517832,1412120576524
1B0869A7D7906BB223E6E1329B465E7BDD12C11F,760,21,1405288677122,1405289381124,1412120576524
1B0A6E48FE26F87696A882E3285B1FEB9111197D,2000,40,1406115508854,1406285357940,1412120576524
1B0AEDBF5CCC845519E4023FDDC74282EE825245,608,13,1405387664338,1405388014190,1412120576524
1B1B8BD7FB70E7CB5011F6F96ECD0493C4A3F6E8,544,15,1404957838506,1404957938506,1412120576524
1B1CE46D543849517196A4BD5E27AAD56E955AA2,608,14,1405386566943,1411508978252,1412120576524
1B1CFD825FFE73720E2255A3C1F1F91205253A50,400,1,1404871879539,1404871879539,1412120576524
1B2012D4DD90C68589A5C2E53B0D32670211A932,400,4,1405913705010,1406076297824,1412120576524
1B22A2B982FFCB16E3D6521AB9CBACF15B5065D5,5000,20,1406260711546,1406311082464,1412120576524
1B24E37701CF88F32858F2214FDF8439827DA470,5000,16,1405662480489,1406237799101,1412120576524
1B3104F5121BAE08BEC343DCF61784A1155BDB30,9500,145,1404945464516,1405096655546,1412120576524
1B35EEA9847C11E9094DDC3D17855126AE7FC1F9,760,13,1404684098912,1404688417722,1412120576524
1B37124F80EB61F5A1C7A46931096A8961788593,20000,159,1405900963779,1405924439802,1412120576524
1B3A1010FD2E4FE90A06CEB1CD29E8A68AC94121,5000,27,1406394783259,1407094901163,1412120576524
1B49BA25324C8AD27FD689D719762AE5535BF3BA,544,4,1405021929563,1405021929563,1412120576524
1B56ECA2498ECB98459115588F34B59F4152C9F5,608,8,1405217879742,1405286861641,1412120576524
1B597A82FBA9746C35A1CFBAB7DDD07BEF4F81FB,2000,3,1406605410863,1406615033901,1412120576524
1B5BCC57E8604C90F8EB580D43B3C5F80C2C8B73,544,19,1406697602398,1407031225727,1412120576524
1B6FB8209FD2179D0215DDB5C442A3314AC7683F,400,1,1405195128719,1405195128719,1412120576524
1B71C246036CB8890618B7912D83525AB6F80259,544,5,1404967061651,1404967283245,1412120576524
1B77C643E8C4FAFA1176F43EB78FB1E2DC323108,400,5,1404271139876,1404271139876,1412120576524
1B7B1393561FD654287B7720926C8BADF472C019,608,5,1405599222477,1405599279325,1412120576524
1B87D07B5BC9EC0C656567579E12CE86395C796F,400,1,1404391773318,1404391773318,1412120576524
1B8D378DCCBBA079F5BBAFA1786B4473FB06F1B1,760,11,1405081216750,1405081233833,1412120576524
1B935F9109959EC82181419F780AD460C15C61A1,400,1,1406060288463,1406060288463,1412120576524
1BA893E41062BD61DB7F81C2D1B5615D12399C86,400,1,1406537497959,1406537497959,1412120576524
1BAF76B770CF3B93EB91B57F1CC3A5EE7F611A45,608,9,1405723093773,1405723101650,1412120576524
1BB2956F77D16B2D74E7FC9A4EA1FD6CAE5A61FB,5000,2,1405042815526,1405043087606,1412120576524
1BB330A06CC11352B225B515B4B1D323EDC4574F,680,15,1405116050282,1405116483841,1412120576524
1BB5CF3E238E112188CAD63D048B49CBB230A882,5000,8,1405177403049,1405287467453,1412120576524
1BB7DE4DBCAFA8638857CF25E411820C11E1DF8D,40000,218,1405565467368,1411243568258,1412120576524
1BBD465D8ADC569D7DBEDC80250FD87CB53C4EF9,760,21,1405476149934,1405756822050,1412120576524
1BBDF9E8EC0A31A8FE03D51BA0C37AD693ACCFE9,2000,52,1405997042352,1406517159816,1412120576524
1BBF6B319FBA5E5EA3516D0FE2F4516F342171DE,680,8,1404967557891,1404967723498,1412120576524
1BC386EDB383F39944B996D9CCAF3869DE782D6D,400,1,1406497717847,1406497717847,1412120576524
1BC770BD2F1326E38D0596463273F2EE02023AE3,544,7,1405545249081,1405545262186,1412120576524
1BCA011286CA7D65A89CB4D2642464E4F65FD913,2000,23,1405227634231,1405278001486,1412120576524
1BCB871E7015D72189D6BC8882CF6C2881A87F46,760,29,1406320623101,1406324305210,1412120576524
1BD6667D391CE0C5116C1D2484B3BCE0259FED4D,760,32,1405073849494,1405074061179,1412120576524
1BE0163E28E71DB2B4EC6DE48E4F7A34F1EF583F,40000,431,1405125606223,1405737194100,1412120576524
1BE1DA63F54E0B153EFAF7B34188E22B2F490C6C,760,16,1406423329639,1406424123251,1412120576524
1BE49D8AE8BE84C05908ED5AAD38C4877CEC5E36,608,7,1406159097768,1406176564213,1412120576524
1C0175151C847B07AEA4885708BAC57B830EDAAA,400,1,1405419892180,1405419892180,1412120576524
1C064068BB19569961871D455C2B97F46608A133,400,1,1405175106327,1405175106327,1412120576524
1C15C10A3B57225571CF87E1E5CA97EA623AA415,544,19,1406506929807,1406507311134,1412120576524
1C187EB62DFF205AF4A06B9C6338FC02F5AB1346,760,14,1405674110894,1405685510611,1412120576524
1C1C438893114C2E5CB9D4E8BC63423A12D7B11D,400,1,1406368268536,1406368268536,1412120576524
1C1D73AB48F1F693EBBF1BBCDCA87514A3635BC1,2000,39,1405883301881,1407012342304,1412120576524
1C24BE5191F1F0AF807454B1A839318A5728946F,2000,23,1405936745812,1406044964360,1412120576524
1C25A94402F1EEDB5F14D69EC04582A2FB307BA1,15000,106,1404966645589,1407385712067,1412120576524
1C2662F9B2C19078BD2133AE3A1B97482746EA1D,5000,7,1406259331292,1406260106414,1412120576524
1C3758DF2D152020B6CFC0BBA3B16E0B42D9F0D3,40000,212,1405287716666,1412057483649,1412120576524
1C384557251857B4A7129672172D4750907259E9,488,7,1405786822243,1405786853397,1412120576524
1C47465B1660AAA825995910403CEEC73CAED315,2000,31,1405445033901,1405648044018,1412120576524
1C4D9766FEA88225DBCEDBA84B7C5361D3F72875,680,29,1405384117620,1405523740007,1412120576524
1C4F3E0EFF59411F03F890AF1F5C463F287014F1,440,8,1404889723444,1404889763340,1412120576524
1C5A99D06C7E44F3D920B7C0D4CE1D33772B93C4,5000,13,1406145146424,1406145645439,1412120576524
1C5B99F5CBF9534A752C503AF5617638225D0FCD,1500,14,1405635074492,1405990165625,1412120576524
1C6A98F581EDA60704035ED395A747DD18D1122B,544,14,1405181825757,1405181952940,1412120576524
1C6C8FC324CC209FB78098892E4C33D2BECF95F4,544,10,1404965829901,1404966259163,1412120576524
1C725394F28717AD69DCC820895FA572B111F435,5000,22,1404881626870,1404947848523,1412120576524
1C741044E8B0CE27063018294C97DE85C417943F,680,6,1405558859678,1405558875106,1412120576524
1C74BF93EA6FE3B9B2A11EE9EB2385692E673C90,400,1,1405769445883,1405769445883,1412120576524
1C7CD66815F8793DD93474270E316297A082F804,680,8,1405146876873,1411142461884,1412120576524
1C829BB24C23EA15DA90C3C9C0BAADDB1CACE49A,760,10,1405547887785,1405548449259,1412120576524
1C8320F7473E281C7FBB8E6E24CE05BB52D036B8,15000,70,1405018280650,1405316514511,1412120576524
1C835B58CA8F13839A87F90625B19233C928AF30,2000,41,1404887368745,1408945328218,1412120576524
1C85D89C2E9B8CB4676667C558FF405BFEA1F34A,760,46,1405433111523,1405433440935,1412120576524
1C8D6DA02BFF57A2CD6A9F0A9A7687B28AEC192D,440,2,1405500530913,1406994235302,1412120576524
1C982DEEEBA6EDB58D67E4FA49E1F9E9FBD9D98C,760,31,1405467422393,1405470286523,1412120576524
1CA9151E072C7BB469A15E7AF7967EAD7BF9E2DE,488,8,1405613898639,1405613918917,1412120576524
1CAB052935C96A1ACF589CF3E4E048D3B5A55364,2000,56,1406382607115,1406492912620,1412120576524
1CB101F8AF3CB5507AFF6C050A049A3B13C79DD3,400,3,1405843764699,1405893185607,1412120576524
1CB17EED9DA56068D7BC9F4552F0457BB3F204CC,5000,34,1404956147498,1405623438350,1412120576524
1CB980E1B796F1E84DBF4A10FB070A77F42E2241,680,6,1405026589199,1405026628150,1412120576524
1CBA40FFD244F77B2A866CE5E1D52DBAEFC531E4,2000,47,1406579007097,1406620060268,1412120576524
1CBDC1FEEFE62E006CB28C2364ECE0E23A47888C,400,1,1405060633066,1405060633066,1412120576524
1CC638A1A5D031F37FAC66D6A2AABA425D9BB814,544,12,1405733918259,1405734341087,1412120576524
1CC72A0E8556DFDA73603D320D3303F43B9D556A,440,10,1406677774430,1406760222210,1412120576524
1CC789CFA1F7206667E0324913D97EA30355EE2F,2000,23,1405474190229,1405558201129,1412120576524
1CCEFD21BF7BCD259892C298820E6C42A0935692,5000,56,1404957965190,1405532870355,1412120576524
1CD060A37EBF248FCF166A62BB38A31BED7660F2,760,26,1405568895683,1406762447515,1412120576524
1CD2F2EA74FDA948028CF7FE0958763B42FCD3DC,488,8,1405721672904,1405721724213,1412120576524
1CDEF73854D4266F2165C5CF7CA2DD7A4B4FB65B,5000,22,1405463803840,1405477785203,1412120576524
1CDF886CE18CDBCD94BFE6E524915FF986D18DC6,20000,77,1405388894355,1406829711386,1412120576524
1CE1A7B15C2CAF30C79B19A75C45F8EB473F62E5,544,8,1406213406783,1406213419421,1412120576524
1CE982F783BDE2EBB2DE85FCE8CA4567F1C77364,488,9,1405169478047,1405169606306,1412120576524
1CEC3E9E2B7942A1D9EDE190FC4363794DEB5021,400,1,1405054149939,1405054149939,1412120576524
1CED0E358473BF3CE540E17DB58DF2276042F22D,680,11,1405346989046,1405347228145,1412120576524
1CF764137F6ABF37D1EAFC1AC9F87418601B9578,440,7,1406411859213,1406411898207,1412120576524
1CFA320A3097255E49EA7DD45B2BB00DAC2F669B,680,7,1405222280290,1405222302236,1412120576524
1CFB68596274B5527F7F522DCCF7B76937B296F1,2000,42,1404447953492,1405545774235,1412120576524
1CFFB60B1B0F3E72F540CD4FF9AD576FACF11944,2000,72,1405921730006,1406569866203,1412120576524
1D03ABC531A077BE979A1943691D30C9FB1BAA03,5000,19,1406282124974,1406291920865,1412120576524
1D24B4F36CCF8C98DBB170DF779C7FDD24BDD110,400,1,1405384882264,1405384882264,1412120576524
1D273FEC233B278D322834C7B258D32865D02989,400,2,1406660962833,1406660962833,1412120576524
1D27B2FEF1F913EF9F931AC763221DAF4926C7DF,544,5,1405476316356,1405476421530,1412120576524
1D2820A6F18F40DDED3F0FDDD55BC07CF9B1E4B8,5000,8,1405422866968,1405423573829,1412120576524
1D2A795D9FACADF64427B7006281D01C7CC39145,2000,27,1405142676976,1405245046266,1412120576524
1D2FAC99A36F17E3C67CE14B894DCC3685070C0D,400,1,1405147742795,1405147742795,1412120576524
1D31F8FFFAFD3130BFB872A1C4F050DF87297D2B,5000,102,1405652839874,1405786609416,1412120576524
1D4756C938E8C25DAD90CC296C8D9DC249D4F0F7,400,5,1405020155702,1405020155702,1412120576524
1D4B6E031B99B041861DA116A26FA1631E8F625C,400,2,1405792587343,1405792587343,1412120576524
1D4D8790E648ACBAAA97599EAC0568A1B2B1F34A,5000,38,1404895422673,1406001392598,1412120576524
1D5DADA63DCAEDB700AE55904F032154E1653A72,608,19,1405543002927,1405569994040,1412120576524
1D5E7532D67EA3A859DBC9540D2AA74415AAD8D2,5000,33,1405222880900,1405575119483,1412120576524
1D70F04DE9AB4D96D083B8F471C01CA968C5DCB2,440,10,1406098901859,1406099493399,1412120576524
1D7C2A52905E6D7E7411144A609F59039D31801F,440,5,1405013577999,1405565801150,1412120576524
1D81176041D810E6F7A8D53212B61605A0DA89C9,400,1,1405142355275,1405142355275,1412120576524
1D90C3AD5A110B25637ED0020171B0E304020E6D,544,17,1404515516914,1404617692736,1412120576524
1D93E3B9353641A1C3F12184AF0132B85EB86662,2000,10,1405391532704,1405889939403,1412120576524
1D9C15D2699343DB3443AE580324D653BCC6BAB9,2000,3,1404924328252,1404925592556,1412120576524
1D9CCE731CD9D2BB6E7F4AB84BEF1CFD8C2D57A9,2000,3,1405186860827,1405201104993,1412120576524
1DAA9D10FE1A2F8316741D0391DD5399497EEB17,760,13,1405573135723,1405573458582,1412120576524
1DABE073BC3A4157AD119038E04FF0830E48F82D,400,3,1405435792256,1405435792256,1412120576524
1DB0B00225C58A4C9DB527F47C23EDDE3CC3CFBB,400,1,1406237937078,1406237937078,1412120576524
1DB78E433154BFD72AB24D88AB71840224155E92,400,1,1406170843962,1406170843962,1412120576524
1DB91588F31CEE6F88BEE13CD942C4AAF7F7B238,400,1,1405313583374,1405313583374,1412120576524
1DC0F351BE1500595CF686CE0D744B3AC80AF37D,15000,50,1405410720898,1409220278269,1412120576524
1DC7F2A96EF622A8A7E5D5F0E9197504E66660A5,5000,39,1406166025073,1406232067841,1412120576524
1DC81E07DAECCBD171FC4A67BDCC66654B7FECBF,760,9,1405483750191,1405549409815,1412120576524
1DC8EB5810C7CAAC2B10D19693EADA8FFC69C89F,680,6,1405483798813,1405538951391,1412120576524
1DC97B7DAF1B0DB180E6344E60E6DBFDE7A57532,5000,24,1405323015503,1405324151750,1412120576524
1DC9894FBAB130357A91B15EA78F2E5C2E47DBB6,400,1,1405224565066,1405224565066,1412120576524
1DD41F488450B0D6D51EB0967B0E855E1FA95D2E,5000,8,1405389730442,1405540026875,1412120576524
1DDD3C901FA5DFA091D110A7DE9545BD37039B2C,760,12,1405472328585,1405473158276,1412120576524
1DE6165C815E351DDC8666D2B1022979DEBC133D,750,9,1405975807767,1405976109934,1412120576524
1DFACA59997DBECE93509EAF8140200BC255898B,5000,7,1406350918935,1406351359284,1412120576524
1E09DAF4E50A02AB8D370BCA8335AC52C47F1BD2,400,1,1405601156293,1405601156293,1412120576524
1E151A09D80B2460DD306CA7E51E548F6AFC78D6,2000,35,1405380878641,1405436857395,1412120576524
1E1D7501AD146880295FF9B40BAF76B98523A8B4,680,7,1406599211240,1406599251700,1412120576524
1E288A6B9D9BFDE34BBCA1106EF4586A0C581FA5,400,2,1405602498001,1405621921746,1412120576524
1E2B9C54856A93C232194B1903675C751AC80E13,400,1,1405179458820,1405179458820,1412120576524
1E337600458BCBAA818CC1F0FF34146A2B90664D,544,12,1405042150989,1405042213797,1412120576524
1E387D78D8175D1EB6B3FAC98A82F5E49C921772,760,14,1405317453683,1405317687617,1412120576524
1E3BE88FEBC1C827FBA0E375A5EAB3DF2C33460A,400,1,1405352254692,1405352254692,1412120576524
1E53C66DC28FB8C6D1A6CE152D97C70D2CA3BC8B,2000,9,1405184627128,1405807800907,1412120576524
1E648CECD6F70097B2966BC87118DF805AF1528F,5000,59,1404980533560,1405492113159,1412120576524
1E6B9CAA3F8AE18FAD6F6D78C4BE57673ED985E7,488,10,1405145296779,1405145405052,1412120576524
1E71214903045341EB2EB5AC4613BEBE790E78E1,760,15,1405106388401,1405667983186,1412120576524
1E72C3E684D53DDE19DBFB26D4053B76C8A9DE70,400,1,1405873935353,1405873935353,1412120576524
1E77B65B2989ECB86E20625AFED5B0FC7EC7C35A,608,5,1405178553964,1405178632468,1412120576524
1E7A95470B1BF0DE1A31253CFBE8F02E30D3263B,2000,42,1405046865232,1405716002502,1412120576524
1E8AF218889F9485845FDA4403C81A9C6812C6BB,488,12,1405313918590,1405313936500,1412120576524
1E963033DFF3F2E9FE5AFE387103BBCA17F2532B,544,8,1405024876902,1405024893452,1412120576524
1EA54DDD818B4229C276815025204896E1897B8C,20000,126,1405483760696,1409422763016,1412120576524
1EAD1ED2F76F2619C5D6A2B77C96CD504664F9A8,20000,51,1404961092267,1407073705238,1412120576524
1EB9A8C230568A750B94AB925E95EFD13E5D31A2,2000,38,1404421715102,1404926701980,1412120576524
1EBD2D7BECC0C324CB6BA572244E749CA8AD4F29,544,11,1405044607430,1405099165976,1412120576524
1EBF436FCC86A20012935DFB8DEB43A842AE52FC,20000,107,1405708382854,1406305094714,1412120576524
1EC17EDE4B884E132C634BA8C9B2652D0FA8AE02,15000,82,1405128162763,1409174906900,1412120576524
1ED64DC20D67EF50713D94923554104893E102B0,5000,9,1405385094111,1405385615177,1412120576524
1EDBE3C85C9F67E81563358CFA66898C23E523D8,488,11,1405567083965,1405567258815,1412120576524
1EE0C4E347AC3D254E6A45069CC3EAB03C4427AE,5000,21,1405290398907,1405294365425,1412120576524
1EEE6DFD4EBEF74FE9DFB5CA06D4212B54813807,15000,62,1405046678947,1405123379364,1412120576524
1EF48AAD36FD111209B1E9E38CF83E59D74182DD,15000,81,1405310220897,1406937525828,1412120576524
1F0565843CC4FE3DBBD9B0F8859F1EA364D7B717,5000,37,1404876549898,1404897059872,1412120576524
1F0A36F1E1E7327BD0A27CABF723C632A9B57C20,400,2,1405482730134,1405482730134,1412120576524
1F1197C8EFC3A7A3159DC8B5958614EFAC4991E7,5000,34,1405201133768,1405295826515,1412120576524
1F18AA6C817194DA6319A70593A08C7C27AE598F,5000,42,1404870630257,1404972883342,1412120576524
1F18B0841416F8AF52EB8E24E1695D17FED35D11,5000,8,1406146535451,1406146913051,1412120576524
1F1BB9F44B3BB165D20E597E08D81985635E897D,488,3,1405246263875,1405246263875,1412120576524
1F226AFAF4F15D2820381A437B3A8505A3E5CA23,488,4,1405509974425,1405509986932,1412120576524
1F275AC64ECF026885627B39370935CCB462F096,5000,17,1405001685991,1405084626003,1412120576524
1F2EE19889F6A0D131986FD3DFCF82E3A3FDE6FC,400,1,1406426234675,1406426234675,1412120576524
1F51372C26B453F295302ECF04BDA63922C33B82,2000,26,1406067740732,1406136245348,1412120576524
1F55D3EDD7424D7E2DE8E2B9523B196B6CC8CF4C,680,17,1404722453043,1404722836965,1412120576524
1F58422C0F4698C5CFFCB154A73A548F691F1DD9,5000,22,1404965199958,1405391638817,1412120576524
1F5AF6239E998045F52B449884E89852BF99A763,2000,20,1405624250444,1405693121432,1412120576524
1F66C8F0B59086D05BBD9A2F0D5D9B402F3185C8,760,16,1404863337295,1404863645506,1412120576524
1F68250E44371796CFEBC98A7475029B99ECD211,400,4,1406695310943,1406695381462,1412120576524
1F6C60B367214BE59545E249A82DA7D69CFE6199,5000,28,1404326094745,1404448541917,1412120576524
1F6F3726FBD259A3B19D99E04F3EFDEFCC49749A,760,21,1405825932718,1405865823618,1412120576524
1F70CDBC2C1C50F5D3C00AB827D215458CFFDD15,15000,57,1405485825681,1406099339697,1412120576524
1F805D0F57400B96619C43DA0BDE03EF56105BE0,2000,24,1405882015355,1405883994213,1412120576524
1F84EBB4ED821E3C489FF26C0164162BD5064287,760,19,1405479137571,1405485699136,1412120576524
1F92D557066CF70C604593936CB685061F34C232,400,4,1404898897789,1404899014437,1412120576524
1F965D139FD0F874E50057E0AF04F8FE161B13A6,760,9,1405044482711,1405362635938,1412120576524
1F9D45E6B5EC00295346BF56F3320A0A718353CB,488,8,1405453023666,1405453043960,1412120576524
1F9ECC1A0B168C8B5A8DB9F35E5EFBC2F8024627,760,23,1404877108348,1404878141822,1412120576524
1FBE2A510CBD7EAFCA56907BA25806ED6086F198,400,1,1407029567421,1407029567421,1412120576524
1FBE82B3FE32B2AFADB562F9FB28BBE658DF6893,488,13,1405394550512,1405394832408,1412120576524
1FC426908D3106C173E9471DAE6EEB41F493D845,2000,28,1404883884991,1404884916762,1412120576524
1FC8EB6EF27B51FC7AC70061A61F90533DCC4FEC,488,10,1405166496936,1405166602649,1412120576524
1FD428CC25CDB611B105DC2AEB392B96538A502B,440,4,1405303801703,1405365875507,1412120576524
1FD4CE1E24968C4865AA90D42A805E6DF2BDA4D6,400,1,1405594162058,1405594162058,1412120576524
1FE70BC3D4C510760F6F37F15BF52C409775ACAC,2000,43,1406470617336,1406579897472,1412120576524
1FF383123D0064CEAA303A588DEF232F963AE846,8000,22,1405055152042,1405057406532,1412120576524
1FFEB6BF0C5725EC79811DC1FCCF4A9909BFBDC8,5000,22,1405212250299,1405292501183,1412120576524
20042D347F3F2241FE82D8349FF661B84F95801B,400,1,1404972217371,1404972217371,1412120576524
20101EF166C373A43F91A9D1156FD7F616E50624,760,9,1405778147651,1405778297644,1412120576524
20125B73425064162A2B3DEFA874355E43A5F799,5000,28,1405127400535,1406780673265,1412120576524
2020A328837906736C540FE3267CC12DC416CFE8,760,18,1406705635735,1407355295439,1412120576524
20276ADBAFB27E3775EF5A59D64647914A0D5769,680,6,1405711967393,1405711977984,1412120576524
202C82820BB31CCA1DB7128454A3F7561A1099E7,950,75,1404832386622,1404832783082,1412120576524
202CDFF91C55BA5C285C882B7349ED12306DB42D,400,3,1406257760092,1406397264382,1412120576524
20310F2EC63858EB8B954F6E08732F20F883B3B9,760,12,1404527683750,1404528144931,1412120576524
2033ADD88D73C87906D38C328F510A3C608ED0C9,5000,23,1404346008377,1405369001651,1412120576524
203E57576CAB8A331DBCE32230A1444B29E21FA7,5000,13,1404888769304,1404923860270,1412120576524
2046D138F8B38505421C71917F3DC3E9C5EC7C7E,760,8,1406236202821,1406868827626,1412120576524
20522F292E2582071AC690DF345BD1A9EE11FF58,400,4,1406442058081,1406442155229,1412120576524
2054DD699DEC20E53B8B8F79E78E0D9D0A95DC38,680,17,1405531380820,1405698004622,1412120576524
2056A2BF4833C14B1EF4C3C4BE54779DA520265B,760,33,1405042141347,1405979697841,1412120576524
20613EA1AF0983778EE7F92E830A034249DC525E,400,1,1406246377943,1406246377943,1412120576524
20697976E8CE39D1903C011732B0148D3636AF77,3750,27,1405486115341,1405892084711,1412120576524
206B40491185F8D13571EB8A7FB11EF26379C7EB,488,11,1406391589528,1406391817888,1412120576524
206C1027B3020A9C9A0671F4AE2958A2AB25D8E2,5000,76,1405633979461,1406507759430,1412120576524
208C17AF7C67C6D45DED536C75F82650B757CD9D,950,77,1404873432086,1404874039637,1412120576524
208E6090D7BF8E9A37F481CE921C8A6C9D44935A,544,20,1405712920442,1405713227194,1412120576524
208EDEDBB410B3F53DC28909037A4F16386B96C3,400,1,1406764318045,1406764318045,1412120576524
2097E85E4D46674AE940FFB2A085EC13B68AA349,680,26,1406749523741,1406750260880,1412120576524
2099CE745E6332B188FE6EB973F600C10B2D3304,608,16,1404876728757,1404877092854,1412120576524
20A27AD2BC7D0F701D509DA3C08EA27BA3E9DF1C,400,2,1405291531932,1405291531932,1412120576524
20A5AFC3097A4E296F23249EC55652B357665E7B,2000,19,1405311578755,1405485112982,1412120576524
20AD3CBE455595EA3A175310F226CC0B4026ECD5,400,1,1405393239557,1405393239557,1412120576524
20B3A71F469F99FB301A28A9509F9AC7B8632428,608,18,1406171266638,1406199731852,1412120576524
20B52B0EEDEA5F29847B9D18D9BDB8A121CB9113,2000,30,1405163212973,1409434132318,1412120576524
20B9D9F47D109E6D2DD78889A506E4DB6CBCA42E,440,6,1405471664959,1405472234824,1412120576524
20CAC14105CCACD918D6943DCAC69CBB9C0CC1B3,400,1,1406368320361,1406368320361,1412120576524
20D0D3DD4723C439EBCDB0FA7D9E7063F2CE48F9,400,1,1405447338942,1405447338942,1412120576524
20E2B988D0FE826CDDFF2324CE5E789830D91B7B,440,6,1405006737084,1405007047007,1412120576524
20E712948921C5A1A4A2534E2BA627CCAC42FFF2,2000,26,1406124688155,1406158255311,1412120576524
20EDFEB6FE8398EE7826CCC7D8B36112A8BEE733,760,17,1405471812980,1405472930935,1412120576524
20F70880BF30E919CE2653AD07496BDC4CF9E602,5000,26,1405217793028,1405365175904,1412120576524
210806BFAFD4D9D21E1174F6C9B461AB3E9ED9E3,760,39,1406587720058,1406587983628,1412120576524
210878D66C415E30470FABC6D8ADE53333DB4E3F,400,5,1406760071183,1406760071183,1412120576524
210B2EC10C23FE1A7E87AD9E1CBB0BD33BD81E37,488,6,1405510839934,1405510966351,1412120576524
2110930E7387715D9E28C2761F42C37D8929ED87,544,8,1406552896530,1406552921506,1412120576524
2116F5B6EDE161BB1DAD1AED5DCF6DA884C455EF,544,14,1406510918750,1406510933466,1412120576524
211F81A1A5765B68288DDCB8F134357BE21CDA59,5000,16,1405877231687,1405877824682,1412120576524
21220176A87905F40329E942A3503A1938CC2B3C,15000,50,1405387070265,1405967461934,1412120576524
2125680AA651A6FB826000FA92EC881509669EDE,544,13,1405392359409,1405392381436,1412120576524
21437C24139B3DD471835CD5A2AD47AF6BAB793C,950,77,1405311700208,1405726735867,1412120576524
2147087CA30B40D49AD9F4217467CC893ABEE0AE,2000,70,1406492811335,1406547916889,1412120576524
2149323A7B725CD86D802222D5B058FF4F6E2ECE,2000,26,1406154065816,1406822346179,1412120576524
214AA02EE507D13142016C5506BA223664312735,488,8,1405050721604,1405502211027,1412120576524
2150B7DE1810046DE86CBF861E225A8EAA63C59B,544,6,1405703811154,1405703837343,1412120576524
215329D036BCC41CAA6AF7465EA35103667B61A4,488,7,1405881277556,1405881292741,1412120576524
21542786A6C70C2635FEFF21DC1A642FF6F3AB98,20000,13,1405782047716,1406125252264,1412120576524
2157ECB953CEFC6470AF60515812597BEFE08762,20000,85,1405419351718,1405849502194,1412120576524
2159E65C09E2C0E9C209587F427A5923DDD808D7,544,15,1405143322840,1405143577671,1412120576524
215D92998EB044DAD7720D1193B710B6A87E556E,2000,17,1405732062344,1405732962204,1412120576524
216B46A1EAC55ED9F6BE30DDA32D746AA6DB161D,760,32,1405902817249,1405903616303,1412120576524
216C23EACC9DE5A88D31B96A1B4FCEA623CBE3A1,488,8,1405230112815,1405230284961,1412120576524
216CFB3CE7E6AB4E808F00444E5CBEC50B2338FF,2000,53,1405051891155,1405107826798,1412120576524
2176C5FB997B6C116B8D0FF82C20A504687E83EF,2000,34,1404847192264,1404851853388,1412120576524
2176F8470BE035530EFC61837AB619BA251BF837,5000,15,1405632257033,1405963711308,1412120576524
217A507E73090BFE0771E6FDC991C7D352909BB3,488,8,1405496533056,1405496674540,1412120576524
21818B498083CC9B008BB61CD6214C23A19B39F2,400,1,1406751962244,1406751962244,1412120576524
2182CDFC8B21D5DC4003BF5371D8F54A434BDA24,400,4,1404957283227,1404957283227,1412120576524
2184BD954E61EEE806B8B6F31EEA5F4166BF1276,760,23,1405060554357,1405646346959,1412120576524
2195813948D103F09EE8F059F5173181B4F04F1A,2000,37,1405478416302,1406741169386,1412120576524
21966781468CD5FAB794DA16CB6B91D36E9DCBFA,70000,174,1404887603902,1410004696544,1412120576524
21A09B78708B1B5A8CC140D7C3868DD50B50BD85,760,10,1405716347207,1405716427706,1412120576524
21B16BE59C5081D845CDB0C889F33EEE601E7ADB,488,6,1405429462862,1405549253074,1412120576524
21BD54D6A787633F0C64E6B4F37D64AC7C862BAA,760,20,1406076953413,1406077459065,1412120576524
21C777DEC3EDD1C90E465F59F2A2169D04CC9F3B,488,10,1405566064563,1405566538444,1412120576524
21CA5D65D29684DB4441B34D5E17D46ACD95C853,544,17,1405101378569,1405120226931,1412120576524
21D02F7CF397EBFAB11DD16198E081BC5535591F,2000,44,1405047028373,1405717539271,1412120576524
21D445711623FFE9652E6963640D4F3550EFF3C5,400,2,1406051716181,1406051803662,1412120576524
21D53D0E1A329E0D02CAE7CB2AC60B1672C80E9D,680,10,1405843958054,1405844385610,1412120576524
21F5010535A6C76CE5E25E7A9790992BEA199884,760,9,1404318726502,1404318897360,1412120576524
21FA68FA64C6A779A0C05F425E0282085959DF53,2000,29,1405503742405,1405505639118,1412120576524
2209FABF4C55F2AC4EC4B33F8F77BA6E8D63158C,5000,10,1405637616453,1405638118451,1412120576524
2210240B76225D4C02E772D19FA1579BE26CC282,544,10,1406236032794,1406770207651,1412120576524
2211E76E9B9DAE4B347E70A12868C50584300891,5000,46,1405862534772,1405963145372,1412120576524
22167D32DBF6760E646032F5E9E6ABB61569EA78,2000,50,1405387100531,1411328201582,1412120576524
2220A06A1B855185EB8DA47493337E3F9E7317DB,400,1,1405040957559,1405040957559,1412120576524
222E820A80B1C2341D97CB214B607E23607D97D3,2000,33,1405179926926,1405182276923,1412120576524
22434520E54140956571FF09DB93B67422E48E7D,400,3,1405448417468,1405449699501,1412120576524
22467C0DFA154EF453BA5EF2D5E4145D525BFB75,760,24,1404400056478,1404415803866,1412120576524
224CE1F915C7FA692811717B5B1027E477CAEEAC,2000,27,1405879647071,1405895536239,1412120576524
2254E84E6A6D2B214CAAB0B9EBE0BC8930F4807B,2000,27,1405410373054,1405480636632,1412120576524
22596450E0C4337A176B614C422DBBE260915743,2000,23,1405892127518,1406450050316,1412120576524
22652FF28BF2D3D8B0A2796C1146E04C34EC5E42,608,7,1406049064950,1406049080652,1412120576524
226A41A3D4D3829823B4376CCF72D0CEE696FE66,20000,57,1404873168304,1405775561180,1412120576524
226EFE83A6FA66D028F5C8E50B2B1C2BB81D5990,440,8,1406047008994,1406047036360,1412120576524
2271C189C8D14E073B5DD8EF377F3EACE8108709,5000,63,1405432551681,1406078368764,1412120576524
227C5DD102378F0064C12E5ADC18D5455669016A,2000,53,1405376328538,1405408104934,1412120576524
227EB4172059FEAC20A917BD7B668E0B4869BFCF,760,22,1404302267458,1404707234634,1412120576524
228DD63CB4DE51DEA7E69AA6064DA79216DFC4DD,440,8,1405564410425,1405564428954,1412120576524
2291C8B6F0A53B0533A9E6DEC20C2C7069761C9C,15000,35,1405874115972,1406480325275,1412120576524
22A7CABEF7AF6157F5D9E5D9D9D18AA1EDF8D749,488,12,1404887228579,1404926053606,1412120576524
22AAC6377CBD705B0DBE036517F4780F43E18C4F,400,1,1405733738274,1405733738274,1412120576524
22B4B38C314E30B4D03C2B0020166D95C5294ECC,400,1,1404951400560,1404951400560,1412120576524
22B59E61589CAF61D4741EAF3B966DAC7E805A37,488,11,1406230966432,1406327805154,1412120576524
22B802DA7837E4035863C7F9BFAF61A3E0CD34B3,1,1,1405483246166,1405483246166,1412120576524
22CE053429EE18FD3CD29ED534628FB28183357F,15000,48,1405303031227,1405593912803,1412120576524
22D0F0C6C9CDE2850E7BE3E188C0B0AED8A429CA,760,8,1405835213973,1405835273826,1412120576524
22D47D52693650C418115C8B0A041F7CC1DF1D72,5000,61,1405317590624,1405342675618,1412120576524
22DB13841DF945F9AE42E0D18B8B0D0DF7B11279,544,16,1405455538372,1405455949223,1412120576524
22E810B14409F9564CAE8236A27556EC5BFDCE17,2000,46,1405664237121,1406349484042,1412120576524
22F4A910BAA63A81386D64904AF540707957032A,608,5,1405391591514,1405391591514,1412120576524
2305B2BA572FE94533FCA12FC0956DAA909251AD,680,7,1406497240186,1406498463099,1412120576524
231003C3C90F267BD57372839F69A41B4D3265E1,2000,28,1406162911183,1410901296823,1412120576524
2310D28EF31FC31CBA466046695972CB4A1EB08C,760,11,1405561020061,1405561255244,1412120576524
23123D03DC68E0FB5259620EF4DF1748D76EC33F,2000,10,1407015488450,1408474887122,1412120576524
23177E80AA2442C9CB25ED7F9FC4C9535E9AF1E4,488,12,1406343251621,1406440154232,1412120576524
232659F7F6A215CF1DF71FC1293551F5F1CA8012,544,7,1405312966540,1405313012482,1412120576524
232CA3D45F49DEDAE02CEA42E55A636EAB51DF02,488,12,1405057146321,1405119330094,1412120576524
23337BA67C04010ABCB887CEC6008831A3237C1E,760,9,1405684347321,1405684522722,1412120576524
23398124DB1266A523BB75A24A9CEAE07DA4626F,544,14,1405044640242,1405044988390,1412120576524
233F2FB26016A2A488A618CBA376FC609C00F9E1,608,14,1404276198790,1404276415488,1412120576524
23415EC4E388B0CCD628989C728FC7CAB433087E,5000,21,1404918784037,1405067883990,1412120576524
2347FA6C2E960982116BC9F4E2E2D50F87564F05,400,1,1405089266217,1405089266217,1412120576524
234AE2F8537B6A7E93C9CFCCB3256DFFF7343F5C,400,3,1405239817357,1405239871944,1412120576524
234B0940A4C82DD1079DA51C6A9BB14CB04499C7,760,12,1406316923147,1406317081344,1412120576524
234F671425A5A66760C7D4ADED140C2EF446DD13,400,1,1405123348166,1405123348166,1412120576524
2356D9B9724A538F5047127341F788698095DEF2,760,18,1405363380736,1405446919126,1412120576524
235CE2E08548EB962D8D9CC514B2DC6128A7F536,440,8,1405159435854,1405197399076,1412120576524
236A138D4E7982D986B1FC56A56E43E7CBBF6832,2500,22,1405158751407,1405159608187,1412120576524
23760C18E775649207E0C1C779FEE940BE2A0032,400,1,1405413304476,1405413304476,1412120576524
23B0BFBE1240FF93A5870D4356EF7C7E816C0EEB,5000,52,1405283586615,1405378956457,1412120576524
23B6F72672F14E8596AED71C0B1C4A5EA0ADA089,15000,82,1405397733047,1409906310993,1412120576524
23B823C0274F7594D0C021085FAA938A7287E353,760,26,1406177834461,1406911609037,1412120576524
23BC956DE9FF52EEB6671A70A0C5DBC5ECFC7E8B,400,1,1406471086839,1406471086839,1412120576524
23BE7A7452D47FCF4E7F51AB3077B5C19E1E9E17,5000,20,1404910918766,1405148084286,1412120576524
23D5D9EED2AD64CEF8804CD88C9EF6BD0DC01999,760,11,1405388305027,1405389026301,1412120576524
23DE6B9D7962BD93CEB1F7BB19240B93A21FA7E5,760,23,1405753826531,1405848793141,1412120576524
23F5AB7772D50B1FCE162B60CF25BBA27617278A,400,1,1405577161437,1405577161437,1412120576524
23F5B1385F83AA4F3897CEF90D8686C9F467AA1A,5000,4,1405470084471,1405612828026,1412120576524
23FD303E6976253B78823EEF65A72A1D8365E605,680,7,1406218272192,1406218289057,1412120576524
23FDC082634239B665AB72EBBBCA89FF99C5ABF0,400,1,1405131340915,1405131340915,1412120576524
23FFF615551FCC23FA83C8FA26DF40198F541B6D,400,1,1406749305778,1406749305778,1412120576524
240580316CDAEAC5830774CEAD6CD50C7A2AC9A7,400,1,1406419765672,1406419765672,1412120576524
2408FFAD132368D49E67256201AD5AC66C0243D4,5000,39,1404955685536,1405303247303,1412120576524
240C0B29C31639F2EBE2EDE457A55FEED3AB674F,760,24,1407247187842,1407248084311,1412120576524
240DF6676A7EE64FE4C2991A32CA997B9C98D416,400,1,1405766526650,1405766526650,1412120576524
2411868933022E248E22A8D2E3263DA6E282FC1B,400,1,1404955094183,1404955094183,1412120576524
2411E7E2B9BD5A541DF7B7FE778479BA779F5D5F,15000,108,1404959855683,1406250654424,1412120576524
241405DFDF305F2EE2DE81143583C5F8FD0C3906,5000,17,1405843925773,1405888444950,1412120576524
2414E6555CCBF021AB5E1D2806930483F5BE48FB,400,1,1404960637809,1404960637809,1412120576524
24151854B555BAE24B6637B1B2ED02B3AE0964F4,2000,21,1405903250167,1405904129717,1412120576524
241F0D8C9FDB145456CBD0F787578B473CD7E0FA,440,2,1405393121927,1405393121927,1412120576524
24223614179928A71F148656E425812B13075F78,544,15,1405435678605,1405436244628,1412120576524
2423C1095B5301A5D7DF0E48503B46A887C8A1C3,488,14,1406007931424,1406237797639,1412120576524
2433D2991675D8AA94A16FBA2925A1B627BAF307,760,36,1404967485940,1404974314067,1412120576524
243A68D7D86F20832F64741BB38D41B972B181AB,488,11,1405441715833,1405442142730,1412120576524
243FD68A73A833B2FE7D70D9B30DB9349BF74EF0,400,6,1406688537068,1406688669241,1412120576524
2451641EC21BCECFE45212D821962BDE2FBD84C5,608,16,1406325297243,1406703270067,1412120576524
24519D01C2425A4D38832B1CBEFC02AAE73368C7,2000,50,1405828695185,1406065749989,1412120576524
24520001AE89CD8BE00C26A454830C45142E2C63,2000,5,1405572054042,1405773180518,1412120576524
245559A6FB9E9A01F6D5F9FEB36626BA96604119,2000,20,1405879424918,1406961657707,1412120576524
2457C3D6AF6E4D695FBF8644FFB164958F6B3B8E,15000,80,1405104033177,1405499422999,1412120576524
2458F711A4B18B477CF3F104A15AA39728D73E72,15000,99,1404933329383,1405124441945,1412120576524
245C273F5571B77A123F93F55B59266427F8B012,5000,8,1405576000952,1405579941748,1412120576524
2465AAB432F088702965EF72DB6C077DD1FD3EEA,2000,20,1406404117062,1406520913532,1412120576524
246858E8A7E9B9EFE5237874D811DE74DC8B87A3,5000,27,1405261246933,1406126663025,1412120576524
24685CAC7BE98139CAA82F119F83CEC750020F03,760,20,1405598075909,1405598443849,1412120576524
247218B25CC3AF8D6C789B9DA4B86A7BE21EFF0B,680,7,1405780654622,1405780725464,1412120576524
2474A2AC1F8B2D297F1878C461530D9EE3EC3D7F,760,8,1411153154093,1411153571422,1412120576524
247866B4D67D08410B96860DDCED601ABD468504,2000,14,1405487925162,1405944717275,1412120576524
2487A72FFEDD6FB3D5F1A9B890846B6E521D057F,5000,21,1406052120022,1407457635931,1412120576524
24888722E8656235910ADFFC1BF80121B8A6D796,5000,5,1405527517361,1405553965734,1412120576524
248A69E417BB2C6F13BCCD88B5B62738C3837B5E,760,20,1405072685404,1405094304485,1412120576524
248A77AAA20E13DAD085882B4C13E34E9E27EAA2,400,2,1405084544281,1405084938806,1412120576524
2490F88552AA496C941D5B05447F99C674F90D02,2000,71,1406410769702,1406502583225,1412120576524
24958A08EAD768B9716961A4E3DAE703A19910C9,5000,16,1406746492792,1406749911203,1412120576524
249B61A49D363AF2017C46A2D4CC8DA8ABC61C9F,400,1,1404872708616,1404872708616,1412120576524
249DD5FA328C0ED960D458F0EA00779982EEA36A,544,10,1405408879776,1405408895557,1412120576524
24AEFA3854F3035C676453F3A9DB085BB7CD72C1,70000,503,1405244392023,1406883934708,1412120576524
24B39E58915149AAF58389C6886A0C3953AA458C,488,11,1405867032783,1405867389632,1412120576524
24B895FD0A8C9CC161FE698E93137C76B20F7221,440,5,1405277960497,1405277960497,1412120576524
24B9CF3C88655472CB3807513A6FAC32CCDD661E,15000,65,1405224525788,1407708392119,1412120576524
24BCC79E98C65C464DC46B54DB29690B279D0E5D,2000,56,1405319727033,1406213408278,1412120576524
24CA9E5DE17D6CB6C7AAA1127C5749E0B2B5A91E,400,1,1411228043513,1411228043513,1412120576524
24DCF611502E33E6F94B31B7D98363AB0A3C22F2,680,7,1405906876876,1405906901364,1412120576524
24E41B282A4E9A4D95CB242C00E9BC1FCECD9E1A,440,4,1406255416927,1406255463674,1412120576524
24EFC789CFB43D97252D68AE4A74818F7FE6E9E8,5000,29,1405265449011,1406314585145,1412120576524
24F0A48EDEEDF9C64F10D30E6CF9D40CBF3404AE,760,22,1405417484344,1405423340025,1412120576524
24F1779EF354FFAC485635CF266825C37C3CF9B0,400,2,1405993692762,1406165642444,1412120576524
24F36AD2F3DAEA72CD563541B8582073028FE2FC,5000,15,1405563211542,1405741958030,1412120576524
24FA1572360E7932FBC2A664C34D5BB6A3B1210C,488,7,1405217739823,1405218303641,1412120576524
24FCA854D501B6DF7FB5C1C9BDB4CDF6EA1E3442,608,12,1406504831777,1406505018813,1412120576524
24FEDEA7A9C41B503CC8189974910335DA985C4F,544,8,1405475928344,1405476059618,1412120576524
25191CDC7D9A3D333EE2D55807F1A09C552A413F,544,18,1405044402900,1405719784102,1412120576524
251C1E7113C8E589E70C5112420BAE7B613101DE,760,34,1405475800733,1405634188540,1412120576524
251DD987446543C755524FC4FDCED315BF35EB5B,15000,103,1405060665544,1408316815814,1412120576524
251F286FA6D464746CB07682511F4D9DD830BAEF,760,22,1404872300289,1404972077611,1412120576524
251FB7C2A3F28D7282F741BEC20EFFC958F63133,400,1,1406548624870,1406548624870,1412120576524
252977706A4284E5FC25EA30852AA0C409A7ABF8,40000,80,1404309772635,1409519844215,1412120576524
25381A62AE434C40E00FA000B066D1429CEF4041,8000,9,1405223983096,1405736869911,1412120576524
25387E0D98888AF90B773B4DE519E5316FD51429,680,7,1404801026985,1404801030274,1412120576524
2539F4E2D5F949E9E591F3071332DA6D7E15988E,440,10,1405109084173,1405109153321,1412120576524
2548883AD55CD7C1E9ADF365422BBCFDCA65F0E0,5000,42,1404927576530,1405522650778,1412120576524
2549789383C65C9B180D745BFD03B385E2BCCAB1,2000,29,1405979226644,1405995664524,1412120576524
254AA8E85F1A0305E6B5F2C3AE6A8BEEAE94BD82,544,10,1405045716857,1405045864398,1412120576524
2559E31ADBE3BC2B9A41DEA3B6DECECAAF53700D,15000,32,1405686112224,1405714539775,1412120576524
255B1065AA9BD1CFD19BB6D9C112518DDB3D2AA5,5000,36,1406177166540,1406221354891,1412120576524
255C9E089261936234985068F70C6B7FDBBF0B2B,440,8,1405442600125,1405473600214,1412120576524
255EB45CF287804089F5DEB06AAB19387C4C5B41,2000,33,1405391438241,1405611369788,1412120576524
2566012683E2FDB112AFC04B471BDD71CE2E8D93,15000,29,1405654084009,1405914309327,1412120576524
25661D56C4B352A92BC8DC9962ADA070719ACD50,680,7,1405550026620,1405550041714,1412120576524
25738AABE9D582C60CA534CBAC5AF28B1664987F,400,2,1406749030530,1407577612376,1412120576524
257CA0D2A152B73DAD2E0CA8F0A7BF7919D14870,400,1,1406313408560,1406313408560,1412120576524
2581298007BAE3F025ECEB13F1121FEEB3E4D2B9,440,3,1404947572137,1404947737648,1412120576524
2583AF20EF5B01220852BA297E8CADCB45613792,5000,3,1405642655729,1405643522645,1412120576524
25903788CE5193F6CBBE8F53722ED2F8EB65E6B2,760,15,1405222817474,1405223112325,1412120576524
2590BB2AD7ECF21BAD2FB06FDCF01284D2E8AA37,5000,5,1404969870531,1404970808677,1412120576524
2591630F467B75E40BAFA36DB16113C3B8F6D69E,400,5,1405350813919,1405391439666,1412120576524
25947117468FC10F1E1AF758503C56845B4D8EE0,400,1,1405792897072,1405792897072,1412120576524
2595830A0521E5E173D10088D3017992A24A9F74,400,5,1404915963434,1404915963434,1412120576524
259B979D5B7C0FF11806750429D5A47B194CC9EC,760,11,1406340994578,1406341263523,1412120576524
259D1CFD37256290595946B275E2712A9B7F8C31,440,4,1405513172982,1405513259222,1412120576524
25A4974D430C02AD69DD4F7A26A75A49DE17B324,7500,152,1404956093919,1404992707560,1412120576524
25AA6D4169FCCF2B696AEF04A5EF45D83B9816DB,2000,40,1405000670599,1405263199402,1412120576524
25AD1E81AA2C10484AF0F2BEAF3BEDB2EF33236C,440,7,1405333750908,1405477980383,1412120576524
25AF2BC2A702D4A3D3F8B86610AAD9DB40F76D0B,2000,58,1405349019168,1406250933849,1412120576524
25AFFEDD4E623422BF93FC9AB7F02938100C9BE6,488,8,1406088750264,1406088788170,1412120576524
25B998B3BE925F3CFFB653FAD07794147AABB5F9,400,1,1405225691766,1405225691766,1412120576524
25C44E67AB1DBF75B8C19F9EB5D3CF5F4F0F1F36,488,9,1406085288375,1406085667616,1412120576524
25C878261823C81E428BEE030F7390F5A95EA128,400,1,1405178070096,1405178070096,1412120576524
25D0E6B0B6A71D30707EF0361E5DCDD3CE0E38BF,2000,3,1404879688963,1404969029249,1412120576524
25DF4ED7922D589E2CF49C076A48FECA5C5051C6,20000,81,1406392174822,1408830973083,1412120576524
25E2237F3FC64F0822612E8A654C39367D13899B,488,15,1405390477495,1405390780858,1412120576524
25E366F4C03D2E7492A188F039E1A2933846B1D0,2000,18,1404888675215,1411094214153,1412120576524
25EF4DFAC34A5A3EECFBE99084F49198374F8ED8,608,7,1404954271508,1404954278954,1412120576524
260139D4466ED640F7CA61DABD2051598DC5150D,760,20,1405256485252,1405256782557,1412120576524
260E053EEB36F1861451D870EF04BD51671266D9,2000,51,1405902218032,1405906697712,1412120576524
260FDD8C1D6D8E28A63689B9D31A4ED180027273,680,7,1406079070353,1406079095218,1412120576524
26141EEEFB7B5F96B4603D4D693F3858D78314F9,680,7,1406386848300,1406386859588,1412120576524
2622269F9A28B573AE0FE733B28D1B8023DEC11E,544,16,1405229031807,1406048757253,1412120576524
2638191A58A43A22EE4CF14EF162DB489FAA1BEE,760,30,1405729517237,1405882116979,1412120576524
263EDFD0E81228AEFDC85C7505C5A16D424422CF,760,15,1405723437750,1411956603162,1412120576524
2645E3068B5568B0B77417F124678EEE93B47E3B,608,6,1405694694949,1405694730048,1412120576524
264AC62B049A9EC3ED42D23999C52694F7C5FB1C,2000,33,1405621937850,1405627233709,1412120576524
264D43C3B155A8584F29BAC223AC9BE2C2F0FC52,5000,55,1405359263362,1407270480339,1412120576524
2650B47A5E3263634A84C8ABC5B8AEBF06FB02FF,608,15,1406254073692,1406484633584,1412120576524
2668FDE8359636A6B42A7CE9D815EA1AB8120E6F,2000,92,1404890388113,1405706900986,1412120576524
266B6D7900FB8B0EC3CD739D402C3FC3631150C7,680,13,1406158562776,1406387574677,1412120576524
266EFAE12B34000B17DA20DF72CEF070D2336568,488,13,1405370428292,1405370608937,1412120576524
2674EE00C4CDCD651AC06B27DAD2C334E5BDFD93,440,2,1406378808634,1406378808634,1412120576524
2683D3C36DFD36E659FE0219F2660C6C7864EAF3,440,7,1405397918981,1405398000108,1412120576524
268B7788415EA7125282BA07A88779EF06074BEA,680,8,1405456152464,1405456228997,1412120576524
2690D12DBA32AC5D4A581BB6C12C9E7A4E5818A2,440,9,1404841087051,1404847431707,1412120576524
269D1FA02FA5389BD118FBAC0756EBDB17AEBCD2,20000,71,1405558081733,1407867343882,1412120576524
269E2E6431C09F0FB402DBA570553115AFA80050,20000,59,1404995814512,1405085183793,1412120576524
26A01D16FBF9591F3CB6360E632E830787271DDC,760,7,1404943128947,1404943182404,1412120576524
26A3B8AF84C83AC08C3DF3712008D4ACE6B0BB4D,760,14,1404867381198,1404867625793,1412120576524
26A42D2F45D1DEE1F15571A85C34D5808583201F,400,2,1406184081409,1406184341633,1412120576524
26AC76C79656E11B908959798CB1BC4C1490DDCD,2000,20,1405695304397,1405705288160,1412120576524
26B290C055D0E424221DB6EB248403CCA7ED4235,40000,92,1404962861764,1408448028327,1412120576524
26B3142CC071BB0E54FDEB9018A317F96F16997A,440,8,1405919963245,1405954686055,1412120576524
26B33926563C66634F8AD4D0735B1F3CBA042CBC,8000,60,1404334206194,1404341576950,1412120576524
26B57A914C366435831757EDD3137ABC15082150,544,9,1405647486320,1405647628709,1412120576524
26D410277F4DAFD6B8623C562EA4DC5BD3161A9A,440,6,1405931438262,1405934171176,1412120576524
26DB09C797ACC01613F65AE1D0819107D882C4A2,5000,40,1404957434926,1406427038429,1412120576524
26DEB5C389F6C269510B0FEBF204FA0854985CD0,488,12,1405395490743,1405395821983,1412120576524
26E0594C2A7F7715E253B4957BC4DB90A73947E7,400,1,1405208265747,1405208265747,1412120576524
26E80D81B38639208EF3774961C31B02D4589856,5000,24,1404912968215,1404933742722,1412120576524
26E812CE0673412795A3F62FEEDABE032F8AA118,15000,66,1405390191840,1405693355104,1412120576524
26FCC93B2C8A24C14E5631F538AA0C20E4CD2AD7,760,11,1406277094437,1406277313413,1412120576524
270999EB67FFDEB9033600234643090E57798867,2000,41,1406155874740,1406490341511,1412120576524
270CFEAF686AC6E4BB1C2BE6A9727E6114ED623B,400,1,1405306948644,1405306948644,1412120576524
271E05E35A0E5DF6A931CA2B20A638F371FFDE43,400,2,1405400242844,1405400712964,1412120576524
272ED015779EDA2E85B3CF8515AB906D86D015C8,488,13,1405572381584,1405651459863,1412120576524
2736DCFD33575E22CC348577DE29F88984466BE2,400,1,1406076738053,1406076738053,1412120576524
2739ACCC424CFF5C78E1E96821607C1A54DC108B,20000,64,1405681643151,1406090874697,1412120576524
2739C95521CB02602E7E774DB4AAC87399A1859D,680,6,1405375701336,1405375710559,1412120576524
274552141357ABB47A86DC1E745DF616FA36A99A,5000,4,1405687925880,1405933089462,1412120576524
2745624572C7319AA1D19F4F548E9D1134FFF15E,1050,12,1405479726329,1405480370155,1412120576524
274CB0A7DEEC7708DA593FA4AC249EE2188895B3,2000,42,1406409864157,1406839285685,1412120576524
276039CF539408CE26815D24B38B48425C682C88,400,4,1407848883800,1407849092525,1412120576524
2764BF22CCC6E436791EF26F56C085DE31C4EF30,400,2,1405044522027,1405394068133,1412120576524
2771B677536262B8201500CFB97248B7C9AC04D8,680,7,1405027381867,1405027398014,1412120576524
277E34EA981BBDFF872D31E1B6E71E2864A9A65D,5000,36,1405837223291,1406492067055,1412120576524
2782796EB68934C60EE5495B267492DA84A65E32,400,1,1405480278355,1405480278355,1412120576524
2782E3337E8B0AA9881B612B0840C8C0DB27AD81,20000,99,1405481218772,1406185352969,1412120576524
2782F73EE72C02EED7827DCF97CE1082C6316E1C,5000,5,1404948936583,1404949231371,1412120576524
278511850E9CED1AA1C2556A03D92A2D0B730375,5000,45,1405231916699,1405459311542,1412120576524
2786F2C6D514ECB4A48302F421AE45D73BB4BFA8,760,25,1405902230787,1405902869171,1412120576524
278AD95E19029267FBED1F035EBAAA0A3671A2DC,608,3,1405496873369,1405496873369,1412120576524
27A0510B6672DA3E3FB5280556A0AABF8BA8F3AA,760,25,1405256085600,1405289665669,1412120576524
27A7BF656B0A33B0CAB6AF5AD290BF886384ADF4,608,6,1406863536185,1406863598395,1412120576524
27AD098254AFA8D0B448B12F03B35F0F4498F1D3,20000,60,1405926291266,1406337313867,1412120576524
27B7DB3374837A714F6F584BFB9F3DB960846708,440,7,1405610651583,1405610776894,1412120576524
27CE3ED9C448A266A368B4AD396015A671257B8A,440,9,1404878172409,1404878204130,1412120576524
27D15B2CF3D0A01BA05D5B9E264C97A69F117EDB,400,1,1406195923379,1406195923379,1412120576524
27D40F23ED0B7F8B9B9BEDC4CF1A8447FDA3A3C6,400,1,1405997957060,1405997957060,1412120576524
27D59A9C821D47F26217D2DFDED82B6B7C1639AB,2000,31,1405997440997,1406057616398,1412120576524
27DEE130C84D065329A7CA97F6D333741AAB7B86,760,15,1405739882341,1406163823556,1412120576524
27DF4BD422357F74D8E772C16F608327C579BCA7,400,1,1405656571529,1405656571529,1412120576524
27E0B14B76F9F3995D4746CCAE8D6FCF991E5346,400,1,1405817997015,1405817997015,1412120576524
27E79A770C6D2A226DA358ACC0943E758C1513B4,608,12,1404958437208,1404958662506,1412120576524
27E8442D3A39A3E2EF1DCE1319D6F3C02FCEBB11,760,20,1405656913893,1405657728026,1412120576524
27F508435046B04095D4A56DA43575D0EEF14BBA,488,8,1405174041289,1405174057962,1412120576524
27F5CB61D0D58D6EC065E69B8B3B9B978A14FD78,400,1,1404920561226,1404920561226,1412120576524
27FE0EFE3522B96505643B77AEBCC18CA8588140,20000,117,1405770362650,1406354174830,1412120576524
2800DB1CD1D4C7F3E1131FCE9C151AA10DD447EF,544,15,1406359604773,1406580191771,1412120576524
28099A79F10578487E829E6E7D162B4DAA37394F,488,7,1405571984182,1405571999853,1412120576524
280C7EB4EAE7BA11FB7593F5312C7991D4512BDE,400,1,1405770130835,1405770130835,1412120576524
28134D959A8FE0A8B56F209B5BDBCDACC4C67820,760,7,1405420333711,1405420343977,1412120576524
281D481FF883D125C059F697B6C244F6C82C54DE,680,21,1404403038164,1404403401695,1412120576524
2825C7AE171F3EDD0FB4AA0A081ACEDF128FB087,20000,176,1405486460644,1411764852013,1412120576524
282DDC4DEC43096DCDFC9E969D13EB9E1822C9DF,400,1,1405048268405,1405048268405,1412120576524
282E9C198208999548F536469179E1EF63E8C585,400,1,1405352920639,1405352920639,1412120576524
283B13213AD47C79DD445B7D46B40739E03A861D,488,7,1405982664752,1405982903523,1412120576524
2843D77F597D72060BE0A2F55BF96EA640B27781,5000,34,1404876360803,1404879977706,1412120576524
2864AFFC513754560DDACF0199B1CA192CFA1CE6,5000,66,1404943722338,1405143413743,1412120576524
286A8F3EE1B09F1EB25FD04147CD163556DAFA30,760,10,1405356317382,1405356864095,1412120576524
287585AD64CA6406F442F9FE7C3B02A62D45A6F9,680,21,1406560722931,1406561580925,1412120576524
2896EA6AFD9E5D209149355BC38406B414C3A114,760,33,1405304284157,1405306179392,1412120576524
28974608E5569D62EBA8DC25885D5C10F56F71A7,760,15,1405556639489,1408212884077,1412120576524
289EFE9F50CA98751B760F8953A48499B630BF71,400,1,1405600158124,1405600158124,1412120576524
28A02FBDE87D9B50290EA3DE7DEAFB362F93D128,5000,23,1405009843609,1405518782972,1412120576524
28A598E1F3999A7108FE6D0B2A11CA9A7507BC89,5000,13,1405766604963,1406235665043,1412120576524
28A63F4A4E88C674EC5B2124C24868A81666E7F2,20000,91,1405558388684,1406137472955,1412120576524
28A6AB8208354E05BDA4E418C09529271532BAF5,608,21,1404530375130,1404530702463,1412120576524
28AEC075DDDF9C5683A71F8AF4D156A5472D7E03,608,14,1405704308951,1405704838438,1412120576524
28B46DB1B406A4B9CDED76724405CE20FAD64AC2,2000,29,1404863958160,1404865775059,1412120576524
28B86CB147668899A5E84A71D7CDC22F7DDE5303,760,23,1404962468759,1404963306241,1412120576524
28C29A8E0F777018753CC5A4604F94E8273F4F99,608,22,1405438131619,1405736334239,1412120576524
28CA40E1E58143349ABF816BD4BC0D7D3E8970AD,5000,26,1405298742635,1411854683352,1412120576524
28CAE595D83907E418BB058448B9998D4F86F413,760,28,1405023018122,1405024040590,1412120576524
28CDB9062885A4A1938EA3F065355ED836D9D3FD,760,29,1406424800713,1406488620600,1412120576524
28D510A97D02362F8F77B2535BF9F03A9ADCAC97,400,1,1404673085766,1404673085766,1412120576524
28E21AF74ED63CEF869DF3488ABBC04A82BB246D,608,17,1406601017690,1406640079447,1412120576524
28E4117CCA6651522DCE306D772C976E925F478E,488,8,1406268399724,1406268415818,1412120576524
28E978A952906292CE83133898647D5A4942DDFD,5000,25,1405107924133,1406574450946,1412120576524
28EEE3DF503C56EFAD68F675D511E1C1BCC7B773,400,1,1405156262497,1405156262497,1412120576524
28F2BB8C711378C3EC39A5A4C66ACE767D14F57C,400,6,1404956663510,1404956703873,1412120576524
28F609EF9E73AB2D88F7092927ADE7E24FAB1A9B,400,1,1408326430535,1408326430535,1412120576524
290120408577CB0E14D1C918D9FA73B0DBD73678,544,10,1406058258429,1406058273442,1412120576524
290904CA25408C0FE7142A52A18CB4E41183EFBF,760,38,1405202298363,1408635295126,1412120576524
290E2B9A469D9AB1C2CCFB11FAA5E56CF06D10B3,488,13,1404890177839,1404890205175,1412120576524
29117659BC1E364A2BFCF4E03072CD1ABC1F9CC4,488,3,1404813226281,1404813226281,1412120576524
2911FB4E954FA73D6EFDD73878361462A09697E9,2000,15,1405927900063,1405928740191,1412120576524
291B857E9C980DD3C494F351D1BBC125F79B94EE,20000,157,1404967703259,1405798973394,1412120576524
29214A27C15AEC953AFF403079A0FFF99AEC34AB,20000,165,1404744025831,1406035666095,1412120576524
292BCFCB8020399216E3DE082603AEF687807C6E,5000,8,1405921462747,1405922441932,1412120576524
294766E0204611B896C184FE9D46F88053E3F735,760,11,1405244415558,1405244873804,1412120576524
296744A2E25C16B38A5A45767D20AC8F0E4B8093,608,7,1406076451867,1406076815380,1412120576524
296B6E66D155D2D6F346F211CAE256FC44DA9E83,5000,12,1405300134630,1405340869475,1412120576524
296E06FCD8FAFDD0F9AD64C429E7A52774415ACC,488,11,1405393559267,1405393813759,1412120576524
296E53C2C10ACC790D38552D3BAE2627A1FB4AE0,2000,22,1405322508533,1405350132557,1412120576524
29747A00A16F7401B8E68AB4AAB53898E125B43D,5000,3,1405787369147,1405787919367,1412120576524
2980886AB5CD281BA9ED15ED495AC897E2B3113A,5000,53,1405349795234,1405631129335,1412120576524
298095E88A485E656CD27093DEB253916248902C,20000,66,1404910188939,1406844269014,1412120576524
29818F1D3406E212F077E8CD3DDA0CFF97A5DBAC,760,25,1405354383168,1405558720868,1412120576524
29909B233ACBE80F8D6225C1F20FEC71CD32BCDA,400,1,1405700368091,1405700368091,1412120576524
2994CE158445402CE61170008A589556770A0C86,2000,55,1405223110217,1409358537135,1412120576524
2996A7892284E8BCE2DB44B7525B50C4F6B86A6C,488,8,1405878740658,1405878762193,1412120576524
29AA1D92A43006155133D33ED008249C138F7851,70000,130,1405393159285,1406744634951,1412120576524
29B4258404BD4689DD713AB0703E0DAA0280909A,15000,53,1405483927779,1406965607733,1412120576524
29B8B82AF2695EF37D5F5C1FCD360EAF71A348D6,5000,18,1405645024377,1405645951413,1412120576524
29C060B22E2A6EEADF10F4CC64479C560A5B6584,2000,25,1405699786860,1405706632764,1412120576524
29C0751A9A3938AA4DDFF4BBAF171E9F3E51CACE,440,10,1405556856107,1405557181033,1412120576524
29C1E7CB3F553B0F2F6E636A9EF59B44C6A6EE60,5000,39,1406467968749,1406694764488,1412120576524
29C2D88E13899F0793309ECE2EFB73C4D2B1BE6F,400,1,1406058387980,1406058387980,1412120576524
29C8C9A84A1129002D144C471B2C0C253002A717,400,1,1405611426485,1405611426485,1412120576524
29E458D0E212D096728C1984E6E1E929BA8F4118,5000,33,1406254057230,1406389759321,1412120576524
29E66A074BCDAB22D137A9200EB545BB0A6CEBF8,5000,19,1404893164617,1405020920279,1412120576524
29EBCF56CD231855A312619F05FA8E5CA67AF5E7,760,24,1405077943031,1405078538671,1412120576524
29EE950DF3D8B77F51BD28F4BB1F7BD115561132,8000,80,1404600031968,1404651596192,1412120576524
29EF9789441F46B25DF73AE8AA345B9C1D04B7A5,400,1,1405475655794,1405475655794,1412120576524
29F6A204D9A0C859E53C0B660865D0514AF724D1,544,15,1404878663538,1404942410650,1412120576524
29FF3593A8B5B0493863BF51BFBC27096E471D4A,5000,33,1404469420783,1404473104525,1412120576524
2A06FFDBAC241360087396AC237A895A37607B77,5000,27,1405561155982,1405561887032,1412120576524
2A13BE12B58E48C8DE7B0931C3A1A0A4137B1154,400,1,1405331701206,1405331701206,1412120576524
2A1CB15DC59B51C8462017FDC55B0447F4405D0A,2000,60,1405072168650,1410582468477,1412120576524
2A2BAC16655DCA1A394C0DA5A27E628D80669E6C,400,2,1405065697093,1405201045074,1412120576524
2A43AEA77D9FF6A7922F02D2C8A9FB6A2443F5CA,760,28,1405527857237,1405611323152,1412120576524
2A4D2D986E39B78D471371A3EE2A9561957785EF,400,2,1406410955602,1406411089607,1412120576524
2A524C0FC02930A22AA636F9CA4F945EF8CE011C,400,1,1404981275623,1404981275623,1412120576524
2A706FAA880F2C2A8EC165DE6643A2E847812F94,2000,63,1405529807942,1406684658627,1412120576524
2A70922ACD0A63D306D38C78397C947E79C7D1B4,20000,149,1404345042735,1410654572758,1412120576524
2A746BDE1DD23C34F850EA1525AD5724CF97B08F,680,6,1405301330277,1405301375799,1412120576524
2A873EE6C971C72AE0DD5647DBAE0E72A99956F7,2000,20,1405015753520,1405114894628,1412120576524
2A8B4D928C08012D36246E27D61203EEA33C6CF7,15000,76,1405354937639,1410107818844,1412120576524
2A8E02E2EA5191DA63DE3AC2003A565913A6B12E,5000,16,1405549423243,1405550362110,1412120576524
2AA1794DA3B67A186D293D23ACB33776FF55F143,20000,136,1405557168438,1407183664262,1412120576524
2AA84AD2DA761FF396F12027DA20B24002F2698E,2000,50,1405454343673,1407370083785,1412120576524
2AAFD2473776B277B2B3C971628E951400CB91DC,680,29,1404955719631,1404956560269,1412120576524
2AB48F46986D4F8A5C0EC4D5E240D202CF6D3C29,5000,15,1409110595642,1409111540715,1412120576524
2ABEFB8A4FCB258C66B1E0F9099BAE7E914188E0,400,1,1405250942122,1405250942122,1412120576524
2ACD52C13419DAC618A50A2FEF6450F39C4CADEE,2000,10,1405386849073,1405389234839,1412120576524
2AE0B3DA042CAF8F27C62B21BFCACC8C8658D644,544,14,1404914079185,1404914225090,1412120576524
2AF0E6B204A4C3D645B10FBD8FB88301206AE404,400,1,1405798833679,1405798833679,1412120576524
2AF8E3BCFA472BE3446B2E896207C553F0B42BA5,1050,13,1405654436363,1405654601621,1412120576524
2AFCEF59B5BE15EF7AB7E57BE78C7C235AAD83EB,544,13,1405392303902,1405392334266,1412120576524
2B0269064156ABDABEE92BAE4DDB25F89F797ED9,2000,36,1405158763598,1405208171425,1412120576524
2B0EC589D402525C8C92712964B7CA39B9B16347,40000,165,1405549633491,1406600186579,1412120576524
2B124B12A4F44275D158587B264761DB53426AFC,544,7,1405118684553,1405118695194,1412120576524
2B164BC128275678865E8A817154C3D46DBA3C9D,20000,115,1405052369658,1406647977616,1412120576524
2B1E91F588E4E82B842B83354CBD88A911625A9A,15000,74,1406325885258,1406917065924,1412120576524
2B21034B08F63899BC238CD78E10CD61DED37B2A,400,1,1405552914537,1405552914537,1412120576524
2B2CBF8186BF95F55A83AC1FD0E4230B19AD5EC8,20000,166,1406000753477,1406002202635,1412120576524
2B2D51A361B9A267CAF59CF7A968EDFE8E806C09,760,23,1405020390746,1405109021301,1412120576524
2B2DB60DECC342DFB1C4D24CAC7B117FDBD59110,400,1,1405978699296,1405978699296,1412120576524
2B3075591391575D967EB43D324D91CC76B2EAC0,400,1,1405358337499,1405358337499,1412120576524
2B39B82EE3A0573A1DE47DA53D34A24B60665B22,488,4,1405712616389,1405749143176,1412120576524
2B482EE23B4E1DD689D8E36E0506B02BAF8D48B0,760,14,1405019495042,1405019554454,1412120576524
2B495F3B48D4F63C0B81FB04FCDDEDA7FD8EA3E1,5162,30,1405409686146,1405410369532,1412120576524
2B4A72703D63D2C232E1AC689172EC8D25967493,760,23,1406061535435,1407640877526,1412120576524
2B4ACFA3968F9CBDFF8228290AB53BF805B73F63,544,14,1406228631804,1406455864070,1412120576524
2B54CD5CE8200D241890AEAEF629AD8A04679F2A,680,6,1405466348095,1405466368203,1412120576524
2B596F390ED04AC739C949DD0FA5BD13A8A8B5CF,2000,71,1405565126207,1405731275504,1412120576524
2B5A166D92C1D9C906A393900EB314C974F1C4E2,2000,41,1404952225582,1405270860519,1412120576524
2B67145C70EF3C38E0CC66EDC9B851BF0DF178EE,440,2,1406662011110,1406662695860,1412120576524
2B6BA2D7A671C981B71542B819CB36A0A1AEC5D1,400,1,1405358305331,1405358305331,1412120576524
2B6E4C12C5F681DB54098A67EB1A0F94FC3AD9C2,440,10,1405696990276,1407117757175,1412120576524
2B6E8E074CF50FC888F4483861CC783554A90AFD,440,4,1405176293024,1405384032679,1412120576524
2B757EA0A47B8DAA0C5240BF661939A10A297003,400,1,1407061520319,1407061520319,1412120576524
2B7C1B997B597C8F41E7D8DD94F10C8A3C7F5B4D,400,4,1405056579053,1405056579053,1412120576524
2B86ABBFE3DFF5531761818EEF8DD0AFBD9A2BA9,15000,95,1405111824037,1406279169830,1412120576524
2B96ED78D8B665FF95A49098CFD7EACF3EA3BF81,2000,16,1405092498665,1405354844462,1412120576524
2B9F20939ED01DB7FEA3942F13C18C9ACE36BE43,488,14,1405811663612,1405811887367,1412120576524
2BBAF99175B1A4AB55FA5709DE87A88D129E6B1C,400,1,1405781571055,1405781571055,1412120576524
2BC250E49E0BD0A2353C2C2747EA8934934BC8C8,400,2,1405526402669,1405526777901,1412120576524
2BCA25A6B37A53E40A95C3B42DC7F40F5225A67B,760,30,1405269954619,1405298471966,1412120576524
2BD57988057F632651E36D4A7F9493C5A24B5F59,20000,128,1405385258079,1408152992014,1412120576524
2BDF17EDB9F51A59DFD2108C8209B2B3135D6184,2000,37,1405308922124,1411690918419,1412120576524
2BE89A627CFBD9CED785994E86DB80278453C7C4,440,7,1404998209037,1404998241028,1412120576524
2BF86CFFEAB3A1F57CF1B128912C8CD99574F345,400,1,1404903088847,1404903088847,1412120576524
2BF87CA8193A4367E9F4E89B83C70BFB7D58E875,488,16,1405245557082,1405625479956,1412120576524
2BF8F45A855AB701221E6DBB706F86C1BEA0E24B,5000,9,1406058452128,1406423241417,1412120576524
2BFB361EA5B27650B7DB8A46DD3C898A704727EB,400,1,1405169387211,1405169387211,1412120576524
2C00DE7DA46B56DAE7C177FFB98BEEC2BECA8BB2,400,5,1405559522074,1405559662984,1412120576524
2C040015A9CE9AB47777093FE2F0FDCBF2C9F87E,400,2,1406341177361,1406341177361,1412120576524
2C19CFC40AE199133BD6B9298114E9F5AE16BFF6,544,17,1405370090347,1405484794347,1412120576524
2C201C61BE5DA66A5CBD00887E930071EB78B7D8,400,1,1405334456684,1405334456684,1412120576524
2C33CF3FCC56A61138CA6BB71117F755F9292C26,544,6,1405549298767,1405549800160,1412120576524
2C42755F6118CC9B27D4ACE96E2B9915AE5A50DA,8000,46,1404638164750,1405077906823,1412120576524
2C451B9252AD1A3748FD91A1056CF8B36B21213A,760,28,1405379668670,1405396464058,1412120576524
2C45DD24DB4B733382FCF9497886FB43E847B5E6,680,6,1406248960444,1406248980313,1412120576524
2C4BB1D5E8201D9469E0CC785B99DC0CE12ACCC3,2000,31,1405561009423,1405647032483,1412120576524
2C525AD60D1D190DBB17DA9E0CE71B5EF63C2481,440,8,1405095274507,1405095306750,1412120576524
2C548F56CB0D00AEB1A51C817EA602134E380262,488,14,1405835921968,1405836138396,1412120576524
2C5597823856F3FEE3F177E44D9D024B50AAD714,400,1,1405221613463,1405221613463,1412120576524
2C586E358FB5737A003EC664F3E3B0F5586AF1CB,680,11,1404956768633,1404957712623,1412120576524
2C5B46FC810D38E77AFD40D9443A09EA0263FBC2,5000,23,1405645514526,1405745582975,1412120576524
2C60C62B3065E1EEB2E727D198ADCB8E96502089,440,9,1405928215434,1405928279865,1412120576524
2C666CC81B058D7D9D2D4640353E1FCCAB2B5324,2000,46,1404967623870,1407348170208,1412120576524
2C6CE3DEB1FF0149D6E6D06656DBA8926D3724D7,400,1,1405671456928,1405671456928,1412120576524
2C75A0D420849AAF02979058B732DD6E90286314,760,28,1404626151289,1404626815176,1412120576524
2C7B513DD7F5CC34A878A0FE34D21C7C348FA2D4,760,22,1404919223879,1404950020375,1412120576524
2C83275C90186A5A706191DF7DA7FDEBC98E8ACF,950,24,1405304703738,1405478176262,1412120576524
2C921BF3AF00CF8762D9C3D81D7689909D12E01C,5000,29,1405261145338,1405386150667,1412120576524
2C9343A0CC22E9551C8BD33291B410A64BE9B178,2000,42,1405893816379,1405897619737,1412120576524
2C9BCC7D897A3357B6A51AA04FC2667FE96E1F6B,440,10,1405304481085,1405304674008,1412120576524
2C9E6847109834EE9772B7CAE4A2D71C01FDA40C,400,2,1406091340397,1406091570632,1412120576524
2CB2985C4ABFCD398A885F731FE33D1D9D05EBA0,5000,51,1405427559687,1405556831888,1412120576524
2CB564003BD422B6BA385CED69BDF606824BFD00,5000,4,1406065015571,1406065398589,1412120576524
2CBEB064FF201BDD185A5DD98811D46A77536204,400,2,1405577193783,1405577715570,1412120576524
2CC0E7AE37AE375F85F654763B0C47A31FE4F042,5000,43,1405800187523,1405828885678,1412120576524
2CC27310BF51C605730B62E63796C87F09C450A8,488,11,1405033494733,1405089952040,1412120576524
2CCD2FB079607E5D755EAC2F94DEB548B54CBBD5,544,12,1405302879712,1405386487362,1412120576524
2CDC01EAEDE2A96E5F0347A6F8A490E61448C0AC,488,13,1405448537546,1405975150149,1412120576524
2CDC1D21C51EFBE79F65E8EE6F9012E3B201D4CF,5000,10,1404967486047,1405038900385,1412120576524
2CEF7215309A82261F904FE554A933D5B8C3C72E,400,2,1404661571860,1404661762897,1412120576524
2CEFB66FE43E04C7BBEEC2C7CF12A861B6B5B6E1,440,8,1406756886350,1406756930685,1412120576524
2CF2769BDABF3EBEE6A00774AEB8F391FC77A720,760,18,1405125786628,1405192416163,1412120576524
2CFA79E8533CBC734CCF599AE92D976395BC0098,2000,17,1405515899351,1405567350585,1412120576524
2CFB65D0B3DA38398D1E0A454B6C10AFDA4574E7,2000,53,1404768071361,1404951780281,1412120576524
2D0E1BA51051B8DFDCF5FD93091032F467D9240E,400,1,1404966644621,1404966644621,1412120576524
2D100956D357AB931155F7C904C96D062477129A,2000,36,1404874245790,1404927717126,1412120576524
2D1780C2541067C6787D732CBBCB37132A0E557A,760,21,1406040246647,1406040671670,1412120576524
2D1D2E8A6A6219554F16183E29CB6D59F864CA4E,40000,137,1405891363604,1406926028917,1412120576524
2D259F0FF81CB22200A85332AA96C64B140A1897,5000,8,1406548633908,1406557636980,1412120576524
2D26ED3C3E634363FA0F32EC00B858CC0F79A82C,2000,6,1405650058734,1406049396430,1412120576524
2D28CA2424DEFEBCDA31A7A3468EBD71653FA591,608,15,1405049725029,1405050065135,1412120576524
2D2DE54DBDF00FCFD78E5D006845174825ED5049,400,2,1406189376503,1407054890720,1412120576524
2D377367D11CB7A09700CD2123DC010AFD853F61,760,15,1405470700945,1405514316442,1412120576524
2D4947DBF3D87FA1528D8CB54675E851C3A2DDA1,760,28,1405702049171,1405997008738,1412120576524
2D605A9D8B5DAC395BA0CFC8E706590E147CD4BA,760,25,1405866504362,1406726496331,1412120576524
2D619E7A9F1E63B9EB52231E86691093977F147E,488,13,1404876378980,1405189583137,1412120576524
2D62AC931B18F7D01E0E119FE8D5DDFA4C48422D,5000,61,1405026213470,1405142568483,1412120576524
2D666BE873BF96F435A4B05DCA2C488300932F16,440,9,1406790674811,1406790755450,1412120576524
2D6F725E8828A19987EAF389B5607B94CB057836,40000,104,1405008651019,1405173635802,1412120576524
2D71D6A22A129C1841FD9B036C4B7852E5B3FDCC,400,3,1404275819743,1404297639642,1412120576524
2D75B34DF3DAF590069EA9F328FC14391C7FC492,8000,24,1404662243689,1407468608251,1412120576524
2D77EC8A114C9A468C92935A2EA890D3A40D3351,5000,11,1404955425493,1404965326555,1412120576524
2D7B98890F0D48BA43524A287290B0F0D03A13DD,400,1,1405635320424,1405635320424,1412120576524
2D7BA8BEAEF6421E52845AF22FB3D64EE34A78D1,5000,3,1405565792523,1405614125252,1412120576524
2D80EF77EF51AC5FE918FA03C008A5145DB0E49D,5000,29,1405475290676,1406078245730,1412120576524
2D83A3965C175188FED0D3691AA24C4143963C05,5000,17,1406079576925,1406080499203,1412120576524
2D890ED4564825E62DAE0AC54042D2103D867732,400,1,1406068070152,1406068070152,1412120576524
2D8AF44570F0FAFFE8B410C9566E6E7B17A753EF,544,8,1405398801182,1405398824211,1412120576524
2D9C145848876477E5D5ADB04AE5AA69ED909FA8,15000,101,1405728441050,1406880749078,1412120576524
2D9F01E52746A1F342FD36AE84B1F9BE7302167C,760,26,1405099589386,1411471262785,1412120576524
2DA274AA96B34AC13A723CF44C9A2F5D12EC929F,400,2,1406424639723,1406424639723,1412120576524
2DA53A6D5B9C7FD9042FA9B749FAA8781FFA11C0,400,1,1406005237968,1406005237968,1412120576524
2DAD24FBEE03BE63E0E27785D530A0712A79B383,400,5,1405040447257,1405040447257,1412120576524
2DB9EBEDFDC9A8CC467EE2E2D9FE5F503ADB39E8,5000,28,1405000891165,1406233236131,1412120576524
2DBB0C79060D6109058BC4A270CDAE63A3516721,488,5,1405486535034,1405486669107,1412120576524
2DD9C11E158D30F3EA30F44C9B4EF07C3FB5BA56,760,19,1405282057700,1405405283269,1412120576524
2DF056FF43AB7DE47FED0515616BF050B7A7E9E1,400,1,1405971911079,1405971911079,1412120576524
2DF37ED9A6C5603075FC00D919D866E1B9700BC0,400,3,1405219245876,1405219428356,1412120576524
2DF9E5B96B78245E0718122F324530541BA80423,15000,165,1404919162013,1407913492876,1412120576524
2DFF78D5541C197EB9E839AE38E13849D87ACEE2,608,11,1406407153522,1406407283122,1412120576524
2E0195D62E76409052555CAB8EAA2550D362074C,5000,62,1405662532305,1407334627215,1412120576524
2E0383DF40133F6AF90149F275534769E875D5A0,760,18,1405978846789,1405979685789,1412120576524
2E0DA49A1221FE2C9C6C97A3D25016B7A9E7648C,608,12,1405243555643,1405243786727,1412120576524
2E11199DC1642DAB399F12E23D245B14DE8F9187,608,16,1405039742311,1405044229572,1412120576524
2E19F4B3ABD19974554CAEC4EF0492CC5B1E821F,608,8,1405827940038,1406324968960,1412120576524
2E2A4D649E1B42E8DC94CAEF4FD4633955E03B78,400,1,1404956347351,1404956347351,1412120576524
2E2B4ACB4C75B0598529FA2BD434F962EE5D10EA,8000,24,1405255689048,1405260424921,1412120576524
2E4539E4D8601FF7D163D0AEDE64E7BD92163FE1,5000,49,1406300572891,1406511372284,1412120576524
2E5E16D48CE899C752C7D99CE1DC0796F6A19461,5000,9,1405558133068,1407001366523,1412120576524
2E630FAC5C4897C0498F80065E36990696E820DF,760,29,1405572453832,1409709954457,1412120576524
2E6B2078DFB70983EE49C45D72BC8283C7C85936,5000,45,1405581530324,1405716238098,1412120576524
2E7450F2AC83AF9B371EA4D01DA6E03BE2C48875,5000,29,1404878250447,1404944001621,1412120576524
2E7DED31359F21AF447FBD9B6C3D83C5A6D7B8AE,400,5,1404952916502,1404952916502,1412120576524
2E7DF2C99FDE66BE399FE167722224E993514746,5000,5,1404293603209,1404313711294,1412120576524
2E8561D8778132A9FE44EFF2B4AA49DA1F551CC4,400,1,1405719431485,1405719431485,1412120576524
2E894C117D9BD7686EE0B37CEBE01C5A24149BC1,400,1,1405105728827,1405105728827,1412120576524
2E8986AEFFC08A5E701CF91021C21AFE01C1679B,2000,19,1405198828773,1405199811068,1412120576524
2E8C980B63EA3A2A7F6CBBE92FD84EC56DBCBFF2,5000,21,1406411839050,1406444215227,1412120576524
2E98E63276C776D341BB65395FCD79ABC7E7927E,608,5,1405819941722,1405819941722,1412120576524
2EA80A84386853D75C723D3F2EC1BD72B1DF7083,8000,41,1405303660078,1406949285998,1412120576524
2EAAC8318412BA54F63BE2030594A94A4467B90B,400,5,1405059633934,1405059633934,1412120576524
2EB57D63014337BCD98C0181BBBCAF64C25B2C7F,400,1,1405060463894,1405060463894,1412120576524
2EC164814EBFB13FD107E97FD817FC41FA28893F,5000,17,1405322220498,1406097653991,1412120576524
2EDCAB7A42537F3F84E7C18B9C9CA84BEBFF169D,2000,27,1405895511249,1405896769592,1412120576524
2EE22F2A85963CC68F2DCDE8E6DDA618C83223B3,760,35,1405269768411,1406991304397,1412120576524
2EE47097E082579434784CA05EEE65215D02AF4D,680,7,1405448330457,1405448456897,1412120576524
2EE51465FDA40DDA7B1A20865A3668C4C757BD76,440,5,1404883557211,1404883850072,1412120576524
2EEB709868327E144DB00D44D3677E19FB5C4CFB,400,1,1406034876107,1406034876107,1412120576524
2EF42B284B2564E8E460406C0C44E94B47C59A82,488,7,1405648548345,1405648595426,1412120576524
2EFB567C253E8CF3A6D4968E6DBE458C33EC2C58,608,12,1405180899359,1405181044448,1412120576524
2EFD44C477D24D3534D4FD91F28030688E55CD0E,5000,3,1404956338581,1407531674641,1412120576524
2F0813CA768AFCFA7EE01D749BB5EDB4FB66B5DB,608,8,1405558615925,1405558806662,1412120576524
2F0F7406A6EF89D0462091DF176E3C432DD5692E,2000,25,1405317378355,1409944968813,1412120576524
2F14592513C820FB703ECFD59CD9A4CA0740F125,440,6,1405448511432,1405517161763,1412120576524
2F14FE95FBFBCDDE9AE4944F15DB170C5DE311B9,20000,131,1405715902460,1405716796929,1412120576524
2F214BBE7793249DCD9506B285E63B024B8A22FA,544,7,1405523144492,1405523362674,1412120576524
2F21F3604C4AA89FFC44F030C4261A7C9DA6BD7E,15000,75,1405136687452,1405740490786,1412120576524
2F2910871F749C357C6767BE5A6D26FB4A3360D2,2000,39,1405832742747,1405880180102,1412120576524
2F2A8FDF30759879485DE5E71298E6D7C4D0B972,5000,5,1405450838447,1405610528270,1412120576524
2F35EC48BFCB10E81BCF21A17422B82CCE60300B,5000,4,1406256407485,1406299152106,1412120576524
2F37CB56E82C8C38D0F25C63E0D684E6093664FB,5000,33,1406056385645,1406285029416,1412120576524
2F3809C9BBCDF06DF2817CD7CD37A7CB42A8CBAE,5000,24,1404966324951,1405048032889,1412120576524
2F38DED88D3376D76677271B780ADC5D75CB34A8,5000,32,1404876345599,1406789433422,1412120576524
2F3A1612B4EE2790751C458AFDF8ECF73684801B,760,16,1406148039327,1406148270153,1412120576524
2F3CADF4A7947BD14D6C3778CC5FF5D027542C75,760,14,1405409773070,1405734721567,1412120576524
2F4073035A56C983366CD964E5F4A5AB84C944C5,680,24,1405605215831,1405832203853,1412120576524
2F5DA2EB9A13B40AE0CF062000436A68B0A5D64C,680,21,1406562533969,1406562942652,1412120576524
2F5EB996157F2919395777A8235F0F5E78A9B2C8,760,17,1406739263107,1406739457842,1412120576524
2F7720FE61A4CA0970B3F5C46EE7785F04D6C559,750,11,1405131380550,1405131452810,1412120576524
2F831A327C9D12C0D43DE0C3E7346EF441F2D157,760,8,1405144746440,1405144765208,1412120576524
2F91C88D8697FB5D8C825F1759182A0C01E85DBA,5000,22,1405892002298,1405893680069,1412120576524
2F932E720F1DFBCE6079E2BE8A6A28DC340F11E5,488,8,1405415993523,1405416040390,1412120576524
2F93CAD0AA8DD54A18638EE8CC347E6317DF7F20,5000,32,1404895678175,1405060559195,1412120576524
2F96632ECCE5649AD7372D7C5DC7AFACD3DA9501,70000,213,1405310936113,1407447133074,1412120576524
2F98C88F11094661F71719250F73EAF6F06D0A46,608,12,1405908094961,1405908247340,1412120576524
2FA0F8CB6F25FC171832D367BD8F39A904DE635D,15000,34,1405650940931,1411043417927,1412120576524
2FB6B1E0D7D26BDD8907A0E052CEDF758F4D0B10,400,3,1405967058253,1405967058253,1412120576524
2FC201337F03B4CC3C714F2C837B5FE5ECCFF338,400,1,1405912584031,1405912584031,1412120576524
2FC68EA66EBCD3C931506F52E35FF26E398A7430,5000,4,1405386377724,1405466074538,1412120576524
2FC8C09ECA56D5F472C410CD72EC93177C4FFC5D,440,8,1406342528061,1406344148338,1412120576524
2FD0E8E0F616413846F2F02FE184E71CE8F523C2,400,2,1407198370765,1407198370765,1412120576524
2FD7521E9418193D7F5D0E1CD9443FB922DCE707,680,7,1405471595008,1405473483144,1412120576524
2FE0D94C1CA144EC2B5E6FD301091FB65CDF6F82,5000,50,1405107089740,1405115282419,1412120576524
2FEB089F68B1D3E4BBE8F20735606E75539E03C1,440,6,1405017173124,1405017181857,1412120576524
2FED6B0FD7ACA531B02D046828F0034D08E429A5,400,1,1405570984321,1405570984321,1412120576524
2FF04BB79DAD1D2913B46DB48DBDF89D11C72E22,680,6,1405568402010,1405568427349,1412120576524
2FF8F4128FB02226385B9A4E298A4B38E4DC8226,488,9,1405816926380,1405817080444,1412120576524
2FFBD4466BE7DE3058D32DC5DFE1C539E7FFB247,5000,40,1404977401987,1405666006247,1412120576524
30016BD14DC05B4CC4C4356802D4C27237CA1D99,5000,9,1406156959485,1406241791713,1412120576524
301A73A67D3ACCA970B0A17480ADF1CE8BA18316,15000,107,1405700449967,1406738660812,1412120576524
302233720A7D323502C249BFF47A53A60E657AAF,5000,16,1405598842568,1405825439073,1412120576524
3024838A229AFE01B5FE07EFA181FD32873CFB81,760,33,1406289502657,1406533114102,1412120576524
30307BA07FF8B2144114DC759862A1C062FA48A0,20000,32,1405265511457,1406971211130,1412120576524
30340C95CE0527C12DD6A7AB1D5095952107A585,36000,341,1405388170055,1406230257843,1412120576524
30369E3FE22B5C689ECE4A0BEB5BECE967D3342C,760,9,1405522992954,1405523376343,1412120576524
304330FC0FDF5D636F8781587D2A66E0E043FA97,5000,26,1406269251982,1406299969942,1412120576524
3043D066A23B688D8C2C510A42469340E66C4D37,20000,64,1405543271327,1405713369305,1412120576524
304445A5AD754A893E73F8129B35B44734CD289F,400,1,1405089749040,1405089749040,1412120576524
3046D75635AF538CDF726D15A3DE69EE748EF2AB,488,8,1405354504205,1405354520457,1412120576524
3057E78991E524731BE259A8C7D3452F970D122E,544,13,1405219788238,1405220049672,1412120576524
30661D4403A480DAC635734FE001988C6B44D07B,680,6,1406068480620,1406082432186,1412120576524
306636CEA06FC1D077600C1156F66327E38D4A6C,2000,15,1406466743120,1406470069897,1412120576524
306E134EC86FFF47EBFF07C0CE8783E05EBE6C2B,2000,17,1405222755313,1407452598388,1412120576524
3071904ADC662FA50B98052BA5568B7A1226F8B9,2000,38,1405356930609,1405468733212,1412120576524
307C93FD5DF2A7BB0E2AD8BF016082E1C9680FE7,400,1,1405386980596,1405386980596,1412120576524
3084AC4FBBB85B76DF13260FA9A26FFC8143786A,400,1,1405409236086,1405409236086,1412120576524
30856D52662FFBC79F5CF25203461FB20B2DED41,400,1,1404323310488,1404323310488,1412120576524
3092DA0A1600B8C60FBC331773BBA1B1EFE43DA5,440,10,1406069358179,1406069373889,1412120576524
3093F14970F8C29896865888A2DED7CFC6899FDD,760,18,1404952252623,1406325955313,1412120576524
309FC07FD776AF252DF71CDB76340550522B31F7,440,2,1405569064048,1405569064048,1412120576524
30A1EA4192200E03010160AC934EE3CA7B329E76,20000,123,1405438831849,1406086570551,1412120576524
30A3BBF2940F64EC90034FD92B1A6A8BC687109A,5000,3,1406069129013,1406069872106,1412120576524
30A6322C4241005230FDEC3C9259135272A711ED,5000,17,1404872184202,1405213962943,1412120576524
30A79779CE81B86CA3ADEBEE2B6DE4CD1F3A736E,15000,75,1405147371996,1409338482154,1412120576524
30AF7FF48DDEBC6479E13672D3E7742676AA1A18,5000,37,1405978500324,1407264964900,1412120576524
30C0519C43E5841D790353520B15B779E76AF75C,488,4,1405518647948,1405653001205,1412120576524
30C9C3D8AD0C339134E92BE25D8EF9AC88EF08CA,544,14,1406625776829,1406626194350,1412120576524
30CAE98C7537E93EB301614EBE5123FD16F618DA,760,11,1406483721794,1406483803705,1412120576524
30CFB2B81DBC832D50F2C89214455E3581CBDA91,544,5,1405636602803,1405636678266,1412120576524
30D026F1DF2824FC484183DB9380D0C9D29B54C7,680,6,1405869787222,1405869796831,1412120576524
30DC81AF728F8D29029DBAD43BA635BE7AEA53A9,400,4,1406604239552,1406604239552,1412120576524
30F5F61076FA637CEEDD0A159573BA736B3231B2,5000,16,1405030628982,1405201476272,1412120576524
30F68030A8D0F5C4B6C05A2B47F09E25CC9FA9A5,608,9,1405191386797,1405191626359,1412120576524
30F721B26D94026A50FCDA6FC4B0979E058C141D,400,1,1405231365975,1405231365975,1412120576524
30FB920E86B220DC8950DDF6272FDBED86BDDB5B,5000,41,1405389200985,1405465125305,1412120576524
3104D0210C681E49217FF4F91F362040A9DC5955,15000,76,1405305312880,1405536305936,1412120576524
3119D9C4C78E66B6F0DF7421C6B54E30B8A2C790,400,1,1405878587166,1405878587166,1412120576524
312284C8F2AA8E6CA48AB343A1FE0C76A4C6C26F,2000,17,1404866427988,1404867212348,1412120576524
31258D99DA70101DC31B6E063FD282EFA75E6888,400,1,1405125433295,1405125433295,1412120576524
31293F93428D40DE34F14FFE8E0697C2E67310FC,608,11,1405211306449,1406248124860,1412120576524
312BE6E1A5E82E2C50726038F216AFB4EA8BDC29,760,25,1405689838262,1408201232244,1412120576524
31329419B902F69388258DD70FF02FBC0656630A,544,14,1406094574069,1406142640369,1412120576524
313710458D03AA28E3D1AB3DFDFB80B8F943F7CC,680,13,1404925078736,1404925621021,1412120576524
314121F66E92D9BA6FFF9EDC4BDF3D94F4DBB70A,2000,48,1405343833658,1406016240454,1412120576524
3143480AA6C05CC197FE06F4E796AFFABB12C8F7,400,1,1404954348793,1404954348793,1412120576524
314A035389CC741FC5D37852318462EEE80E241B,680,16,1404950925510,1405300601261,1412120576524
314A5E9AD384EEDAFE6C6995D40757B95ACC7F97,15000,57,1405582450006,1406850938199,1412120576524
314A8A6D1007A091EE33885E26F0EFA2003F9A8E,5000,64,1406078101092,1407215249939,1412120576524
315A6A45AF56E96DB092C7EB97A4AE571B1D81AF,2000,36,1406344601357,1406601054832,1412120576524
315D4EF5C55F947D503E9B8C639ED7536763DED1,440,6,1405997016094,1405997027839,1412120576524
3161B4CC8EA191AF4F0654DBF988C21FFDFA6311,2000,8,1406745294333,1406746388687,1412120576524
31652D5D637F4BED587EDF13D106C47518760D32,8000,63,1404880098524,1405287417362,1412120576524
3176F284C2D622E3F935D1971CD776D4F0D7EA17,608,10,1405155528085,1405155832101,1412120576524
317B3E110A62D06E43AF7D89EEA87A244C7B4CF4,400,1,1404934961348,1404934961348,1412120576524
3185C2137CC40A7429B00574F4983ED7544A1B0B,5000,10,1405868137793,1405868366484,1412120576524
3188AAC087ED47EBC6B96B990A9E5EC8EDD9062F,400,2,1405185244824,1405185244824,1412120576524
319651EF91950571958901843C1D26EAED0EFDAF,760,11,1405395933615,1405489091926,1412120576524
31B973ADF57611319DD457A91E8E8B46938CE8E2,2000,13,1405491176086,1405556443615,1412120576524
31BA23CE8A398F0BCE85EA1C1670EBBB10629DA3,2000,17,1405465061228,1405465820951,1412120576524
31BD74337146380A997DD364EA7A208E5A1E60D7,608,13,1404441412453,1404442095483,1412120576524
31CB34B71BFD81014C5F09BF47AB3C87171458A8,2000,16,1405486592588,1405559789310,1412120576524
31D3DA85CF5D5869F30846C13E43C9E7E93E9A9E,5000,16,1406750232242,1406815564674,1412120576524
31EA391C007D21A8C6553DBA90C805D33F616791,400,1,1405476341139,1405476341139,1412120576524
320726FFE2D74ECF4FB9E4AC6434F58719981477,608,18,1405387431852,1406829197603,1412120576524
321A8E71E547432D23D7C4498D1C7E0BE95C3240,5000,11,1405820466522,1405821682699,1412120576524
322A7DFA5034EB88EBCB604F3BD6F16CAA35E44B,5000,20,1405854222110,1406337787085,1412120576524
322B4F3F64C1C38AAC445B05F03AC17DDA06EBDC,15000,81,1404871744216,1405566910105,1412120576524
323AC4F6EF04169E651BFCC5414CE4CD0DFC605B,440,10,1405800419802,1405800459469,1412120576524
32425D0873A015987E1A65558BFF190AE621E7B5,2000,73,1405350199231,1406047352296,1412120576524
32476A6A5A0FDCC09457E81F12EAD08B298E84F7,2000,67,1405015030125,1405031434391,1412120576524
324955E7981C12C92269C91ACA449752A8F1206E,760,34,1406002946358,1406173644405,1412120576524
32536ECB8B8DC2BFDC111DAB37D4485D49CBC363,15000,76,1411315419489,1412027149695,1412120576524
3259B6971C719D3D16CD3F621D9F34155A358B80,5000,55,1405064046249,1406009289176,1412120576524
325AA7281C0A910F5148B31BF28FF7E78EC280E1,400,1,1406302856565,1406302856565,1412120576524
3263D7D735283DC5490DC2AF7469FE320AC9F06D,608,17,1405040503258,1407123056951,1412120576524
32656EAA57C5A4114B22D21ADFBA0027D7B6224F,760,19,1405399240879,1405399666451,1412120576524
3269F9DE1974F761BCA444883F34CA7EB4F47773,5000,48,1404916307220,1404938846521,1412120576524
326B6B46DF191A50E760849A32950B0F3E991904,488,8,1405357994512,1405358022797,1412120576524
3275F396C08895C46B1427D9378E2D9E06C7B262,20000,104,1405109678254,1407032369071,1412120576524
3278650BCB86CC9CC261354A3AF218C1F724DE50,40000,85,1405124002565,1409053842600,1412120576524
3279F74CCED95DB4D7C7750EF2975C41A26E87E5,680,6,1406730798038,1406730830380,1412120576524
32828245105CAAD8FF8EF881353B8ABD5802CC5F,400,4,1406088908444,1406088917846,1412120576524
3288916FBEDA162F908F823819B41F33015A717D,608,15,1404878559929,1405304820265,1412120576524
328CCD00ABF357C214D96CEE72C7AC615377A0CB,400,1,1405487313306,1405487313306,1412120576524
32926C435C3654CD84F44057D7B1C158CC7725C7,15000,70,1406032032807,1406291792776,1412120576524
329AE89FEEA62E971584DC834F8747C316B83749,440,6,1405546794040,1405546816466,1412120576524
32A2DECD1E384BB08A9392A80F587BDCE8779734,2000,39,1404884095878,1405209026135,1412120576524
32AD2CD0DF39337A934AD81588890083E884A87D,440,6,1405423074583,1405423098305,1412120576524
32B12AD25EB0566388842E05EDDCF931F5E556EB,680,15,1405661422368,1405661652983,1412120576524
32B5BA33DF10D7955769CCD178B762DD95ECB68D,488,9,1407084278447,1407084563900,1412120576524
32B78CE9B62649BEFCB04AF570A84EC9ABBB6C99,2000,22,1406075706886,1406125098798,1412120576524
32B8C0B961F2C85DDCB5D08717B005AE8DB851F9,15000,109,1405303814544,1406147671212,1412120576524
32BC456B866CA1B8ECD232E22AB09C5184496D43,680,7,1404971916953,1404971953028,1412120576524
32CBA4E15A44DB9AA6112171745ECB47557C0263,608,9,1404867845293,1404867934544,1412120576524
32D0EA20EA37097A0C6477705BB1C6048C656578,5000,37,1406033625974,1406515259988,1412120576524
32F569B03D6C1850A24D73E727D336ACD17BE37A,400,1,1405166410969,1405166410969,1412120576524
32FD029CA0FB859F11DDD19EECF3CB728D8AA007,2000,25,1406405209893,1406429215662,1412120576524
3304F1F0BE392621322948504A6ADDBC4131E196,608,18,1405380717482,1405380967981,1412120576524
3306BFA7A6B45EA5D3E5504391259366665535EA,9500,145,1405046173026,1405374483923,1412120576524
330D1DD50AC79957A53D8F213DCC780F722B071E,2000,20,1405009873618,1405016062022,1412120576524
331DC3E893466809EC12A3E7B6B6E80FC002B955,608,13,1406095374935,1406095511854,1412120576524
331F2D28686EBF356ACE59339D1F883C91DB04B2,5000,30,1405771055363,1408288823077,1412120576524
332E55038AF5BC29531CADE3F19DE475076F85F7,760,17,1405479737690,1405486613091,1412120576524
332FF00D9A682B2BB993D8F5B1BAE91B76845163,400,1,1405386446141,1405386446141,1412120576524
333355CDD1B5F14B9E184475250A09EE7742E53D,15000,45,1405040332483,1405811599029,1412120576524
3335544C9A8C12C9921A4A4414027585CB520957,5000,100,1404885782538,1407769386509,1412120576524
3337D2E1F550A6B5444B9F45A7D9DCDD86F2F629,2000,33,1404877120020,1404929793663,1412120576524
3338E6F69CA5A73E31E574E13384802DCF11C4BD,400,2,1404550121896,1404550148205,1412120576524
334515D2A3085332F1089F11D31D8823A28B5271,400,1,1405702940262,1405702940262,1412120576524
3345F16E9F2FBB5EE80B29C7683CF82E0344A5FC,400,3,1406384473976,1406384873078,1412120576524
334CC4937F3B5939B7496C32A422F33E2AB9A1E4,680,18,1404792285111,1406077595192,1412120576524
3355D52445B7F25D02A4DAF7892616D72B6ED49E,544,11,1405502661444,1405502941522,1412120576524
335B1D306EE6BF0430BCBF194DDC728C3DEE5FA2,2000,52,1406456137757,1407368629284,1412120576524
336FBC356CE63E1E6B827778613909AB90752715,9500,152,1405628164787,1405629037126,1412120576524
3371AF45E01F751F8985706BD510CFC3282DF7C8,2000,30,1405188583865,1405191753430,1412120576524
338859BC368EEE17ABC547429186632747823949,400,1,1406431967174,1406431967174,1412120576524
338CE1CFA141F394953246724D926704F4806FD8,400,1,1406683380553,1406683380553,1412120576524
339736780F45CBB55B81FDA65B479AB34F644138,760,35,1405578035480,1405650141576,1412120576524
339B9D340F1F361EEFB4DB5A6D261B00DA54E636,8000,24,1404878392088,1404879739796,1412120576524
33A026F95742F2E643234E89F2D0E6FB46F3AD2E,760,8,1405303254180,1406506966369,1412120576524
33AB1D5378261146BA220729028A904503B25E0C,20000,187,1405307685598,1405368953324,1412120576524
33B2DFE6D8357943DAD40E77F6077628F728DB13,440,5,1406305430510,1406305759281,1412120576524
33C0F426DBD1680D477AF5976B621E870D8AD089,440,5,1405782988437,1405800437106,1412120576524
33C45F4BD0CB290CEB13BCF5E6BAE36D3714872C,608,13,1405448242092,1405448415097,1412120576524
33C8171815E3DA0781CD5AA76647AB1263AC00F5,488,9,1406041646369,1406041847372,1412120576524
33C882BDB18B38ABDD89F21C3708C38093BBBA1D,488,11,1405782409259,1406855805484,1412120576524
33E2B80B781A986E127CB8C9699347B84A74D2D8,680,14,1406730775384,1406777409359,1412120576524
33E3DD3B1173D017EA27BD8BEC6181C0A10C87E3,680,7,1405255968281,1407557273483,1412120576524
33F9A43C368E98D0FA1CFC3CE3B6A93F5CE2CE0B,5000,13,1405712919721,1405713324041,1412120576524
33FCA11883BD527557DEA8C7343323E1928B98E2,15000,37,1404863049035,1406298266511,1412120576524
33FCADAB0D79F0D1272B9F2AED44686F517E07F4,5000,4,1406150753850,1406151165552,1412120576524
33FF196461E70D01D3EA972BC0C6C9D5DE9A296E,400,1,1405697087704,1405697087704,1412120576524
34035D17EC5F6070FDF5C09B551322AC4906CA26,2000,7,1405032654372,1405034127531,1412120576524
340AEEC9463F2BCA2B070C1A70DF49D9DBC74744,488,14,1405386199413,1405866572003,1412120576524
34114DC6363D6F2539E4D0B2BF1B11872BDDCBCC,544,5,1405477095483,1405477112389,1412120576524
3417CEF03AE6F76C798FDBB130B3F8F9319901F6,488,10,1406540632863,1406540655210,1412120576524
341B6FC5844E753CB5FD749913E3134E620C8B20,2000,34,1407100214546,1407470175674,1412120576524
341D5FA333FD3D24AE0EDB611E7E2989A2A10F7C,400,1,1405358198174,1405358198174,1412120576524
342339D159EABAA73D88096EF4A81629EF451464,400,2,1405445270811,1405536283756,1412120576524
3424C3417CAE072EBC73F2BDDF308F6886B8A7B3,760,25,1405901433825,1405953593364,1412120576524
34269476820D063671A820C8534F7EC279D3A415,2000,46,1405059920086,1405138033785,1412120576524
34368AE041EBDCB3C74F28A92A3F4828FC48FFAE,400,1,1406669889305,1406669889305,1412120576524
3457D0F7EDE859F2D6D053C753A4D8EDA88E92BF,400,1,1405332849764,1405332849764,1412120576524
3459CEA08EDBF856CD6C1BAAC8B74148A9602D6C,400,2,1405293197651,1405293197651,1412120576524
34655B8E8937284F40CC168081035FE50E08B780,608,12,1405484239432,1405705879685,1412120576524
3467965B7AEE77019CED86BD1E09E16C173103A3,488,8,1405222849029,1405907563380,1412120576524
346C10F35C9DA917EE9936B4A47D35CAAF6BB5A6,20000,70,1404882575604,1405133743578,1412120576524
3478224451A27450C0C732A7A2A4CCBCA83EE2B9,680,18,1404959664760,1405045950732,1412120576524
34790F0487C2B3C53929D28BCE4B4EAC6C0B1979,2000,17,1405441445247,1406256476147,1412120576524
347F5ED52CA25C6C4957BE619B2F1284E77F3727,544,15,1405484584267,1405565500599,1412120576524
348CD6784907A3E07F00B04B594F6FFB1FB645A1,760,25,1405734373111,1408228452994,1412120576524
348FF6073CA26FC0D846CAEA786E289A2EFB48DF,608,20,1405043920792,1405045077860,1412120576524
3490C9BC211AFFB8BDBB6B6F0A22D9E8AB036460,15000,109,1405386640703,1405990776143,1412120576524
3493AC2FFAA3F4BAB86C11C8A60ADD1525D04F8A,400,1,1405701351753,1405701351753,1412120576524
3495621EE716D4BEAB0853FE69CB2AD14C4C2CDA,760,17,1406690104536,1411098459468,1412120576524
34975728A8DF31CCD69EB2B91DB0A9880DE8220D,400,2,1404891379433,1405825128735,1412120576524
349CFE43AECBC1388F63F7006474DBD84091ECC8,5000,4,1405084663180,1405085248328,1412120576524
349E4D515600600A2D1BF1F73922E81A6AAA9AED,608,9,1404878813664,1404878951980,1412120576524
34A52ED12343B0024C15E0555725A247230C1D48,5000,26,1405296290013,1405299289656,1412120576524
34A7BEA7BAC1B59D4DBD5DC8644E223C47A688ED,544,10,1405801633220,1405802101196,1412120576524
34B16BDBDAA6A5C593534771C252AFF4684BA0AC,400,1,1405425182580,1405425182580,1412120576524
34BCCF926954617E8137D3DC42E7DBA4B901EEF0,440,7,1404876504425,1404876522879,1412120576524
34BE630CFC4ED4C3EA2F02543087A26CB38C599C,2000,51,1405819729658,1406324715548,1412120576524
34C27B2CE75042E03E20F3B6AA281E356ED3F635,544,14,1405561921709,1406496803238,1412120576524
34C44FF5045B01E67EDED2B7E01F2A3168C935A1,2000,57,1404916420771,1405215018983,1412120576524
34C7568E6D6B5CEB0B50C2E8DCC53D9FFDC8E35E,2000,7,1406303443322,1406312413986,1412120576524
34D5F6FB5E325FC0AFE0F1EE9F5805FF7EAB9C8C,400,2,1405257123317,1405257161920,1412120576524
34D94E932693752DB3767A9DD2FCB46CA60A1AB5,760,12,1405468393875,1405468767030,1412120576524
34DB468445711DCC48D02729C0A2CD5C77D57496,544,13,1406419093822,1406592091631,1412120576524
34DDAEDE5B69681B7932B9B6A96623AEB3965E07,680,16,1406583524263,1406602088122,1412120576524
34EA9AFFF3C0E4C3C0D5FF8475D8ACBA7396166D,544,10,1405589052797,1405589069812,1412120576524
34F8096E72F66F27C86B6D8CDD1C3B924CEB482B,760,15,1405466511004,1405466957747,1412120576524
34FBF3189F60C6DFE5034F3D3E53174113993F26,680,22,1405895243671,1406080716718,1412120576524
34FD1300FB66E74619C1F10E3C69129823F72805,488,8,1406247519911,1406247548803,1412120576524
3502C8E72F116157D4210DA0E494BFB7E82797C3,760,7,1406067475471,1406067489744,1412120576524
3503C7123A24B3724E430E2B5A16C8FE23A4A23E,400,1,1405515331127,1405515331127,1412120576524
3504B12E7AD274DC60F8D5EB7D0FD9ED3926C0CF,5000,23,1405391100294,1405543598936,1412120576524
350FDF5EBF36EA676D960F18AB1DABC874CC81BC,2000,50,1404871530163,1408089143088,1412120576524
35149340F9F4E7E6A9E8A43416AAB4DDADD06E04,544,28,1406166012959,1409948825806,1412120576524
3525F288D9F7232DF31A2C240F45B6C6A1B7B16A,15000,76,1405126520936,1405286693654,1412120576524
35299175AFBF98C133F57870B69A28E0BC1F8E34,400,2,1405031245228,1405062040467,1412120576524
352B8E016BF0364FA721994C8E62BB99163238CA,440,3,1405313997829,1405314467373,1412120576524
352C8C17EACA08C6A73F2366CB53DFAE70B11E52,20000,209,1406087076947,1406875198473,1412120576524
352E312BF012477D49AAA6EE572CEFAF3A4DC968,760,16,1404966295062,1405628784230,1412120576524
353361BE1DA484ADAEDDBAD0CBF23B17A4FC6C97,680,16,1407505663114,1407640153187,1412120576524
354E83F5EF8E6698B89918EDC7251E857582BAE7,5000,4,1405385559039,1405385826406,1412120576524
3551B2E252CCFEAAAF4C59789B9EAF2ED7C02246,760,13,1405188866007,1405189074866,1412120576524
355A1A3417874859EE026CFFBC96B3941CD0CD6A,488,10,1405841411277,1405841421545,1412120576524
355B730AD2079B287CA331C19BD530B1C5804504,760,25,1405389038916,1405389527456,1412120576524
355DF6CB379F20B0C69A7487B52135B8ED08AF6C,440,4,1405576604973,1405577022225,1412120576524
356116F244CFFEF55CD1253D86AEA491372499B0,440,6,1406395977492,1406395993607,1412120576524
356805EF1CAA9393A616023622DB4672743B67FF,440,2,1404951447276,1404951447276,1412120576524
3576929FFFAF5ADEA1C57816F1A7F3C289415D2F,5000,26,1404876822904,1407205387335,1412120576524
3579CCA3D357E95067F8809BD9DE66B65439E737,760,34,1405211126171,1405883970507,1412120576524
35822A04934006CFD56A321EBFEC20FE82E1B6E6,3750,39,1404883719643,1405060504520,1412120576524
35893DE52C0F1569B8EAA3664737FDEA2A1E41C3,5000,9,1405806512484,1405881134602,1412120576524
358D1E72708C46D0675D16B9CED76767B374984D,544,17,1405994948399,1405995189496,1412120576524
35929DF09C7D244641C946E660C42602B3A74D0F,400,1,1411344809792,1411344809792,1412120576524
359DDBAF5F53972B600B4682C72DCFAFC2966B5A,5000,26,1405132537726,1405185045291,1412120576524
35ACAE9F6BE937A2B670C24CE4E124E3EA0EF103,608,9,1405340125032,1405340280041,1412120576524
35B01966692081AF3C2D32F7F0609B0BB9FBF2F6,440,9,1406414411123,1406415170688,1412120576524
35B590DBD61675882A544EAC57F9272B2A12AD46,680,6,1406733096917,1406733123277,1412120576524
35BACFEBC7AC542F15C61CF77725ED5CCD3B15BA,5000,3,1406239205872,1406239456656,1412120576524
35C23BF9E1F121FD9A9DD177156497CC5D793604,760,30,1405651996034,1406087000685,1412120576524
35C2AD07F3273FD03937D3FD5779D69E3403B73D,760,21,1405088215294,1405088627840,1412120576524
35C2C60011206A074E83F4DA5FE0ED64B0AE528D,400,1,1404871408522,1404871408522,1412120576524
35C4E1A2CEF1B0F19EF701CAD7EF5A2CE8DB943C,400,1,1404613376623,1404613376623,1412120576524
35C8260136FB04F43A908F207EC5FD5F59167EAD,760,16,1405994297284,1405994746930,1412120576524
35D5ADED296E8267A65D53E2DE15C81EA482499C,400,1,1406081771537,1406081771537,1412120576524
35D71B0C267018987A69A681D42621AF6D2F5A82,400,1,1404916063684,1404916063684,1412120576524
35D8845678581B22DDC67E559324A9BDDE3E5F84,608,20,1406097811163,1406098790567,1412120576524
35DBB49A0A6DD658EF470324A8FC8163A2D78A5F,5000,2,1405592312749,1405592891303,1412120576524
35DE1A15EE76EAB460B5BBA40B2C60D23F44CF35,2000,65,1406561205478,1406769218808,1412120576524
35E89F597970FB6F45BC609D61A06E63F0CE4A26,5000,4,1405367894473,1405487299494,1412120576524
35EB2B61187451E144B64BCDE09D60B8F91A2B27,5000,59,1404873721108,1405269383298,1412120576524
3604439185846DF6EE897D50A60E0BF3B0BBED50,680,19,1406487220177,1406488911211,1412120576524
36077C6D2DFE140E4BBED824D847ABD88E3D1835,760,29,1405238243181,1405241865820,1412120576524
360E513C253B3735E27C3847CF1BC035D4E637AC,760,20,1405323260121,1406184348466,1412120576524
36164B084E36594FBAF6837A3D8974057B5EF156,488,7,1405345244637,1405345266236,1412120576524
36171B93B470F808CC0433FC284EC72F08C580F2,2000,48,1405569268421,1406257952180,1412120576524
361FCD5A6D9593645178739F398CDE22A7D02ACB,400,1,1405385374244,1405385374244,1412120576524
36264D1B7649AC6611583D80810C8C809E68A8EF,20000,22,1405192342742,1405405084938,1412120576524
362DC429A4C9AF5E050E882B32401981A28BB445,440,3,1406386465840,1406386465840,1412120576524
362FE6E7B6E58E1D2CDA09D0A601C8FA117753AC,400,1,1405462374825,1405462374825,1412120576524
3633C330084860AC6AC8EA575A8D46B6603F8ECD,680,11,1406024556699,1406031453025,1412120576524
36556BA5BA457F36A4CBAD2DA25DE2A718761B70,488,13,1405064363184,1406638797109,1412120576524
365BD423111CE1478470C8A96AC4C4B4BA78C227,760,7,1405713927877,1405713931488,1412120576524
36749B34DB57F226E45470250FCCEF2569A702EC,400,2,1405519322066,1405570580887,1412120576524
36761DA1908A5F9BEF6AA2F749BE3C44C3163A29,2000,33,1405276604535,1405378127176,1412120576524
367FAB511F363CC91BC2554B765073322CFCA0F8,488,8,1406251533032,1406251618030,1412120576524
367FE73B3D48AF8660AFD7DE111704A4AC9BFFE6,2000,32,1404934568960,1404938840882,1412120576524
3681D85CEEB2FB9432A1E839D76FF2FE3859A7C0,5000,12,1405462063743,1405772588362,1412120576524
368427F5A9C9C11367A787E5CF1E70C6BA06B43A,760,17,1404426005970,1405108273347,1412120576524
3697198732E24E2825D5BA35C4F9D0142FF67612,400,1,1405121019107,1405121019107,1412120576524
36992DDFEF151D78465BB949ACA2904C84C34CA1,760,15,1406328575920,1406976021827,1412120576524
36A6A4CF2274337117F25DAE078C87B7EB163BB0,680,18,1405617008608,1405706650655,1412120576524
36AF06E094839C2D6BA6DE7FE5AADF36FF9BC0FF,2000,70,1405815359572,1405911358682,1412120576524
36B634CA0BD26C556585FC7C40AB9AEB53117A41,400,1,1405054608125,1405054608125,1412120576524
36BB7BD5EB790041DDF43B8A71F828558DB5D6F9,544,8,1405527791410,1405527846765,1412120576524
36C0A953EC6327FCB7887E241BD1C78A7A28FCED,5000,63,1406528360726,1407071579528,1412120576524
36C0E143980CADF9A2F456592F824C101EFB724E,2000,25,1405610601456,1405668044338,1412120576524
36C951EDB30B9D60D0E96DE7A15EDD0992A2F4A3,488,6,1406061011559,1406061026206,1412120576524
36CFD7A0AF4A8183FB9AF423CFB5841CBA759512,400,1,1406261213532,1406261213532,1412120576524
36E83F90046975DBEAAF9308E547AFD43EEB018A,5000,8,1406257059605,1406332791570,1412120576524
36F77E5EC84E6AB88B74870D74B0BA590ACBCE9E,400,1,1404432101025,1404432101025,1412120576524
36FBD739F99FF802E1B172EB7CE4B7A1B6B4AD98,2000,26,1405258187303,1406888945440,1412120576524
37099BC780F47D2CE22A2D281048ABBAC9D5A55D,760,13,1404871651072,1404884876470,1412120576524
370AD69FB09D5B86AAA471CC320459DE26BC3D0D,400,1,1411482018159,1411482018159,1412120576524
3728DA53C3B854096390C22C38CCE71266E9374D,760,26,1405213614110,1409969587759,1412120576524
373C7A063ED1C9761E49C127479EB509205D5B6D,2000,26,1405087013216,1405433360725,1412120576524
3757D1394106256C1BBF4A5715D13E16B6F05D02,608,5,1406169349933,1406169349933,1412120576524
375A25958A6442EE80C6F34C9087B1B5010B7AED,2000,12,1405554580471,1405555408654,1412120576524
375BA7FF9D0CC51823CEECBFF2C1601B94B2FA8A,608,11,1405438175718,1405493956642,1412120576524
375C9459EB6FCBD204643B3BA7BDC27EDE516066,544,7,1405663851938,1405663879928,1412120576524
375DFBCF3BBB63B47DDE142999DDB97F4BA1D2C8,15000,90,1404939799723,1405926486271,1412120576524
376ABB3DD0EBD97930F3EFDA64C6E5DE9775874F,400,1,1406060373802,1406060373802,1412120576524
376DDCFD0AB17B19CEBA31CF8F93016221B0A1EF,760,25,1405795663039,1405802845413,1412120576524
378051AC76916FB07D2E38840DC2FDC8517C9934,400,5,1405164600480,1405164600480,1412120576524
3786C0025F6DEA4E893CFD1AFA66FD78DDBB75E8,5000,20,1405985770899,1406055027489,1412120576524
378CED0BE808CFF6B1452039FDD0F75F267BEBDA,1260,6,1405547209339,1405547342068,1412120576524
379971A6CBB059F69840222E4618811B77627AF2,760,13,1405465049246,1405465248589,1412120576524
379EB12AE2F98CECC8D2D395F30D24DDB3C60C99,2000,9,1405115477175,1405126581012,1412120576524
379F45E21C1616FCE43718E3D2C3DFF9FFA07AE8,5000,24,1405105310041,1407676105171,1412120576524
379FA2A74774FBA8AF6182F810111848E51C72C4,680,14,1406217654374,1408380313220,1412120576524
37A86FFBB9F4DE3A5BD2BFAA692941865B6C326E,2000,40,1405807648079,1405810026530,1412120576524
37ABE294BBBC2684E7F1BB0D075BF7102A867ED5,400,1,1404950489887,1404950489887,1412120576524
37B9F74F4BD05162792FE4E0CCA787FF2C8F414B,2000,59,1405869759313,1406067456127,1412120576524
37C153CAE13F6B1582B4210B520DF02DBB7A3BB9,5000,46,1405558838152,1405676304829,1412120576524
37C3233E547A58445BBA5BB4348ED65B6D145F68,5000,6,1405553046562,1405606768218,1412120576524
37D203F1AE7635CA60E71E302E5842366497090C,488,5,1404973688828,1404973688828,1412120576524
37D9971206C04E1457A1C8283CEBD3E1510A2F4F,5000,4,1411766646404,1411767350774,1412120576524
37D9FB61A886CD7931927CD02C4D945D199916C3,400,5,1406547218972,1406567450270,1412120576524
37F2436906E52A696FDA431EF53CDD3EB793808E,680,7,1405745645841,1405745658026,1412120576524
37F60592995F25AE3C958578D4E6AB43ED313044,544,19,1406223057358,1406233661786,1412120576524
37FA7B31F7E5E63E0F569609959FD93ED68D46C1,2000,22,1405881701040,1405982507911,1412120576524
3800E4B26B4D17DE505642ADA210EC4768BDD170,5000,22,1406082508296,1406521721370,1412120576524
38066F4B9752151C3CF6A4A065B2492D579D5CCE,5000,34,1405009212105,1405977248060,1412120576524
380BB9475017DFA64348F85E643DDBA4F3195603,5000,8,1406178433240,1406508092233,1412120576524
380E6A7860EDE97962745E034CD6E211A64A0FFF,760,8,1405349999285,1405350032975,1412120576524
380F62A6744359C2242CC95E373B29346FEC1D3B,400,1,1406182446356,1406182446356,1412120576524
38102B3A88517DB10E80246C2CBC368147096E88,680,6,1406432703962,1406432718516,1412120576524
3811CE094ABB8B52A705A1EBADA420D16A87B747,20000,81,1405220756531,1405815175276,1412120576524
38144EEDC65778A7C4C10777CE7BDE6E5EA1ED9B,544,12,1405474971158,1405475791088,1412120576524
3820A1BBE103B7F43D105C1BE37B64E626B52FEE,20000,46,1405660890022,1405893049739,1412120576524
3827868E63632B32CA60F48AE645146BE58FCC7B,760,24,1405833454324,1405867718412,1412120576524
3844BF2DE9EE022A42E7E8300F867CF16DA2A96C,5000,14,1405135914589,1405168320878,1412120576524
3849CC62E10ABCBB2B00C72607E92136534964B7,20000,102,1405231602493,1406693338881,1412120576524
384B33EA2984AF92CF55696C183580F445D03DFE,400,1,1405472997886,1405472997886,1412120576524
3853154AD323C224F195D74E291AE85A94206B48,760,7,1405489808567,1405489823870,1412120576524
3854E99BCFF9C6A24831BC55C04A5F3EF75BE4D3,400,1,1404330390430,1404330390430,1412120576524
385862D2B001EEBDD1D463D0A3A01A4E4C2D19BE,2500,16,1410109899665,1410297726684,1412120576524
38589128C8C5488AEF9F8A0AB0DFD94D5C734F1E,608,19,1405306282790,1405732513237,1412120576524
3861BD177C5FB6C431F190BCD46AA2B7964FFD86,15000,60,1404877489982,1404883113016,1412120576524
386F0EB90994208F6922AD2EE717D21963054B5D,5000,19,1405155271890,1406494157326,1412120576524
386FF49F880EF8D50B526051146560BF1D7166FC,20000,106,1405510195175,1406853339168,1412120576524
38700F52E10A852FC1E90BF6C93104DF58F385DA,2000,54,1405624754739,1407266804676,1412120576524
387DEBFA96174DFDA2AA7BA6A4653A68150B5910,2000,15,1405662196934,1406580785119,1412120576524
3892B82B85FB3E8CA94894CE2464825BF9389BD8,488,12,1405635816565,1405636391284,1412120576524
389B77952B55A9C2B7F4E239F38605FF1E90D7F0,760,21,1405217135367,1405387663824,1412120576524
38A48BD426F8470ED23D5B7CB121C2E8E44CA4E3,400,1,1405307335777,1405307335777,1412120576524
38A989858DC9FEE6237393D2B024AE73F3486A5F,608,10,1405632655936,1405632831824,1412120576524
38B6087570C0A745612232CAD0560B74BB36A665,400,2,1405490704459,1405658834202,1412120576524
38B8680C575FC696009C02168ADF4748CEB2224C,488,11,1404871928626,1404871972047,1412120576524
38C0D3F6AAA9CEED60DE8F9461239C7FDCF5BBF4,15000,29,1405579536916,1405630107273,1412120576524
38CF42017D838BD4C3135EBDBB8D28E5484C6F27,5000,17,1405527494100,1405817126673,1412120576524
38CFA2D78A1863F1E1266980143043FE7E8A7277,5000,19,1406320797558,1406321877239,1412120576524
38D85414BE31508E2B637B80EA414A3930F9EE10,2000,38,1404871956440,1405467203196,1412120576524
38D961E088A88DFB5AE78045601D1C1B8CD496D5,5000,8,1406343025051,1407871211850,1412120576524
38DB3D7FF48EC0BA58DD01221FC83C9DE29ED4F9,400,3,1405139942072,1409909033219,1412120576524
38DBBE20003277BB91E9C9BFB2E94A4096C05444,440,6,1405214151134,1405653393380,1412120576524
38E054C078D143918C9BE57B469BC49A39BBC8B2,400,1,1405728866778,1405728866778,1412120576524
38E3A5F4C8D8FE6FA45DA9453487930B8A292EC3,400,2,1405683487932,1406188133634,1412120576524
38E46508A07E7078F6C4B75E3141030FB36D2BBF,400,1,1405303261119,1405303261119,1412120576524
38E7797694793BF07E3C4586457BCACA9CB4CB8A,760,29,1404409732218,1404875540343,1412120576524
38E87407B3DC6651F9D862F5AC66F0AC915B5B74,20000,119,1405611196149,1408324142930,1412120576524
38FB185084BF8A5CEF88C6F5660880ABEC977639,760,17,1406662007002,1406662649542,1412120576524
3905118880C8E99ED593CFC7402B74B60A774564,2000,20,1404866962664,1404977352717,1412120576524
390AF84FC3C85FD4089EEF45570B09BBC4158842,1750,8,1406508652744,1406508753801,1412120576524
39115034DA96FBAB83B92F3F40501C2170E6A741,70000,173,1404956293693,1405950530338,1412120576524
39141FA31DDF386B571C1E96ED63EE3505499937,608,14,1405526537831,1405710149701,1412120576524
3922686D29D9865FD635459F27B35518AFE8E30A,760,27,1404876700105,1404930780326,1412120576524
3932B91CF7517DBCDE23D21FC2305A88FD8AD72A,760,13,1405039900884,1405040165299,1412120576524
393F2CAAD332108187F3838987454911386EBC96,750,14,1404877354070,1404877533265,1412120576524
393FA39D971B826EBEB8CE27843C097454BD12D1,400,1,1404956391411,1404956391411,1412120576524
39454837D854DAC98FD60EA78C100A565AC948D1,2000,62,1405388142732,1406606354277,1412120576524
3957E4B81806BA8BFF1CAC0CAB32E044424CF28A,760,8,1405522748287,1406076098783,1412120576524
395C89942C2DFD1BA098C5504257A35362CFA150,400,3,1405357516739,1405357618709,1412120576524
395E180FBAD8591B3010A8224AEA0A3514EB5824,544,16,1405397525988,1405486169652,1412120576524
39622C57B9CC8A8C7737BE6CF5B5E2237E4354B1,440,3,1405903104860,1405903104860,1412120576524
3968A82BDAA49D7661184CEA8340D8DCD0042034,440,2,1405045048886,1405045048886,1412120576524
396DC08A40BE36DA88B6B20AEA1880476BC8DB51,2000,35,1405050331169,1405405766033,1412120576524
3971E672C4567608BA67486574E9E88E6B7B54C3,400,1,1405384703463,1405384703463,1412120576524
39761D5D611B6304E438E7B1E026236A220A552D,5000,7,1405649243383,1407481796155,1412120576524
397677E49E130CC4587E37E2B41DCEAE5A33C083,400,1,1405174668390,1405174668390,1412120576524
397F639D19CB0C5488685DBDEDE0DE9EAC85FD8B,5000,8,1405285572622,1405288946934,1412120576524
398545C9C52BB2362DA6678009AAE871FFF67D52,400,1,1405020379070,1405020379070,1412120576524
398E90AE7A866E63C3C4CCFC7240BB63D50BEF90,400,2,1405605778234,1405606086295,1412120576524
398E9370B3B95CBAA081AABF2BE8B22A13F04817,680,7,1405410831409,1405580505595,1412120576524
3992258F1DF6CB0C3914663F7692898B7DB762F3,760,21,1405121988235,1405788003958,1412120576524
39962E98AF4A7EA5CB0B8198867C2623C8FF56A9,680,15,1406540768390,1406541153865,1412120576524
39A97D2583B9E1BC827AFF0B542BF73128ED857C,400,4,1405397921802,1405397945585,1412120576524
39AE4CDB1E9313D1C03AE783D8DFC0CF8436B69C,400,1,1406134894920,1406134894920,1412120576524
39B8664184CC3E4B9DC0F9FFDACAF88FB1AA6A35,400,1,1404956095527,1404956095527,1412120576524
39C5C67214F139EB791865B5A4664A5FDF525071,544,17,1405396993074,1405397472559,1412120576524
39C740347B4E34E5344966BDF7C91BAA0A719B7F,440,2,1405113804286,1405113804286,1412120576524
39C85D6C0EACDF4DAB3684B1CF8D994892A6C934,400,6,1406510739768,1406511123965,1412120576524
39CA7A9D9AA12843D66FAD89CD842AA9031D97F1,2000,37,1405422620397,1411095862598,1412120576524
39CB73601F7E6CF7DCE1A9AF9A3209A8BB76084A,5000,47,1405386070239,1405790749282,1412120576524
39CC9178AF8F2E292DC0A237C7537FEEDE02C9D1,488,8,1404954967637,1404954991328,1412120576524
39CF615A967F881D550CCF125055944576648412,488,5,1405276205056,1405277269542,1412120576524
39DEAD248640F638984743ED587F87EA808A9C73,488,7,1404916680058,1404917091999,1412120576524
39E327ED9BFEF3FA77FE633A606A8E41D4D232C4,760,32,1405313672879,1405315424502,1412120576524
39E60EF0B62368727A9772C82F72AF707424CC50,36000,85,1405177014365,1408305793145,1412120576524
39F7A2A9E02A250C37BC986065B26E9FE06144EE,440,4,1405232392247,1405232614179,1412120576524
39FFED1D11D63942322F9253B13B9A361F252000,8000,73,1404956142367,1406145990212,1412120576524
3A21763857226451CF141469E70782325E44538F,2000,47,1405101169381,1405715415365,1412120576524
3A2502A5B0912776C0922B22A2E53084F83794FC,760,21,1405025174156,1405025918535,1412120576524
3A2647E5CE4D6C3DA2BB7D47B33079F908A48A4F,5000,4,1405336819199,1407645040649,1412120576524
3A28131202D0FCD8D3638393037A5F6F46E3CA1E,608,11,1405662061031,1405662398705,1412120576524
3A38F18E94044F3CCBB148253AA60C966604358E,760,31,1405995716040,1407972955265,1412120576524
3A44469012A45667ADEEA117E54F0BBF8F43FD6D,400,1,1406564913130,1406564913130,1412120576524
3A57B2E912B6501600B9C31C445216299B2B42F3,760,22,1405146514268,1405305575258,1412120576524
3A5CA5578823A393C2F21AC132715753808626EA,760,17,1405907931657,1405965328028,1412120576524
3A79EBB31AE5DF59EDAB90C9D3CA8AD56230D857,400,1,1405331642743,1405331642743,1412120576524
3A88ED49A0C5A5FB1FB0031602D4F7D0BA5E5CC0,488,11,1405336187805,1405336211687,1412120576524
3A92A1381EE322D11A7310E43AB5681EF90A150C,400,1,1405141325443,1405141325443,1412120576524
3A932E706C35A0D0F3CB5C3CF476F9B11BC69FD3,608,14,1405057674835,1405059488699,1412120576524
3A956F6E7C296817286047853CB4A29CB42ADCC9,5000,17,1405052092748,1405135842169,1412120576524
3AC3D8C04C9EDF125C45674BB07AA372D70E407B,5000,3,1405638265306,1405638910132,1412120576524
3ADAA67BA7EF6E6A2C899D68D127FB6368351EA2,5000,19,1405126285160,1405221808929,1412120576524
3ADB61AEFF5476E6A6C594AEAD680E35D7C92F97,760,33,1405134282566,1412079508570,1412120576524
3ADB62F99F87B0F8BC9EF3B249BFEF9235E5BECA,15000,66,1405993986915,1406065093667,1412120576524
3ADC2A1C68EF377EA1315CBA7AF334BCB6E23DD2,400,1,1404959524538,1404959524538,1412120576524
3ADD0384006FC4495898E5F20C9F66FF660C976C,440,6,1405142253558,1405142299156,1412120576524
3AE366F5F55F40239C6AE949CFBDCC58ADE980DF,440,2,1404502624715,1404502624715,1412120576524
3AE4140A7F844E07E199D7423098947AC01F6A2B,2000,69,1404922263565,1405391441124,1412120576524
3AE6FCF4C76924EF2D7CAA84B2188A29FA7C83A9,400,1,1406372896319,1406372896319,1412120576524
3AEB566C22D8C0FBBF1FCD7543033EE722C580F7,760,26,1404627338090,1404627954773,1412120576524
3B2BCEB833A978CA1D097ED66F9B9D32405C38BE,5000,16,1405266853988,1405267874470,1412120576524
3B32EED5486A380BB0378AB7FA11F0FB087E0DBA,400,2,1404871829500,1404872006545,1412120576524
3B3D5FDF92D55B82E991D89BAD4D8F1A1F7367D3,2000,35,1404605009899,1405382310076,1412120576524
3B3E72429F0113AAED4C60593CCB659095932316,760,14,1405117160689,1405117502345,1412120576524
3B478ACEA1F86F2AE55308AC33DF449CE5A00707,5000,30,1405474763643,1409376533426,1412120576524
3B52E43B2E3C49E8516A38599261087E0EBF9866,544,15,1405206032291,1405210342251,1412120576524
3B55831F4499237C9C4951C4E2F6AF574EDA1938,440,8,1405137625194,1405137661042,1412120576524
3B588D30B5B528108955405BB8BD448869AC6C05,488,13,1404876877251,1404877825715,1412120576524
3B5BD329002909D0C88BE08307FA628F02592F5C,5000,20,1406258389501,1406313036719,1412120576524
3B5C27D56544F3E8070FACC348E1A9E2C3194B0C,680,6,1406473267088,1406473279360,1412120576524
3B6B5EEE55BEAC45797F7BC602E8BECE708378DD,5000,8,1405528510510,1405528754055,1412120576524
3B6FDD9017EBADDC10EFD401E1C2729D021ED5AD,400,2,1404403429737,1404405141229,1412120576524
3B86CEDB0CF032777C567FC01A39B4753C2262C6,40000,117,1404478699444,1406165778992,1412120576524
3B8E1386BABF1C57FD09EEDF5486D5CD2F60E740,400,1,1406978998574,1406978998574,1412120576524
3B93DC09499D7A6CD78B04780DCD156CB6B89D79,608,11,1405099131730,1408086544940,1412120576524
3B947ADB54AF0D665046DE8A30E96E1CD748D7F8,608,7,1404918962844,1404918983279,1412120576524
3B980F8FE290F75B910D9FB7F0BBAADE775BEDD2,440,10,1406435795478,1406688454393,1412120576524
3B99D3BBA5B7C596D38311C7CECF63879FAF5610,5000,43,1404881216307,1405188651087,1412120576524
3B9CB8EE4481FE40B7EE14429F6D8728F625DE68,400,4,1404928515517,1404928515517,1412120576524
3BA31A3ED64B0CEF7D6FE741BB2C9735312C8C92,488,3,1406295947975,1406295947975,1412120576524
3BA4B38837A35AC0E807D1EA922EFC352840A72A,20000,74,1404957410397,1405182002817,1412120576524
3BA6A1124099AF2422E16F8D58BF2F12FDFAE8A8,680,10,1404930950356,1404931113894,1412120576524
3BA99751E5F97D6126A69414AD4BAD62C0C92487,440,2,1405479277647,1405479277647,1412120576524
3BB0082F71642F9C23F4D89D2D85FBABB1FF2290,488,10,1406743968055,1406744058032,1412120576524
3BB0D74A5C87A60FD81302C22D71C3C41C516CA4,2000,1,1405536225519,1405536225519,1412120576524
3BB406520FF75F753AC3BCB5BB01BEFA3A1BD416,400,1,1405159092354,1405159092354,1412120576524
3BB46EA221F52F2C3AE3CD48984E673B75254250,544,12,1404883881665,1404884214001,1412120576524
3BBC6804FC0E11CF7788FDF7F7F8AD4AD4E83D5C,680,19,1405602626504,1408023500595,1412120576524
3BBFACDE8AF2CB435977A7DC32C86504DB8FA410,400,1,1406168434388,1406168434388,1412120576524
3BC1DF4D42EFCD23B76A596B2A66C596F4124259,20000,55,1404959115048,1405127450553,1412120576524
3BC33F9E50CC1D6C41114D825C14416FEC62B09B,2000,28,1405039693113,1405044547205,1412120576524
3BC5DA498AD3B3AB1FB8B2302D3C68653E3ADB8A,400,1,1405135264315,1405135264315,1412120576524
3BC775372A21DB1E3C440AFE325306E65CE395C1,400,1,1405626959066,1405626959066,1412120576524
3BC7D95A6AA72780FEE8CA96FC550F8EBD9EC728,608,15,1405277950674,1405830006039,1412120576524
3BCA3974C97D43B29644D9881BC74234DAF5B0FC,544,13,1406209408660,1406368832461,1412120576524
3BD426D90275DE86865F1A22312C15E2CEC663ED,1050,23,1404956333985,1405005025664,1412120576524
3BD5AFFA00AE96F65A3987C83E9ACD8E2665A40B,2000,3,1405462727405,1405607352809,1412120576524
3BD86F67766B42DA70465F991B5CE45295F0229A,2000,31,1405432523921,1405435550775,1412120576524
3BEE61BF8D758C37BCBE30C437711F1CCDC21FB6,488,10,1404876471494,1404876917490,1412120576524
3BEFCECAAB281DD23DB33D82827253DEED6AA140,440,7,1404280349507,1404280487136,1412120576524
3C04AE85DFF9F18CEF5E07508C8158081A8F12D2,400,1,1405744913869,1405744913869,1412120576524
3C111996A960BEA9749FC9AC5998558A44B4CF4F,8000,43,1404923722975,1404965796198,1412120576524
3C11FB8B4BC9CBE6411BCB10AD6AEE902B839D28,760,26,1405905802704,1405906533071,1412120576524
3C1A0A6B1102DD289D6F4CA3DB241F021713529C,400,1,1405839217954,1405839217954,1412120576524
3C1D0E781C05268D06C772DF8A0BE794238E29F1,608,23,1405160929625,1405161510955,1412120576524
3C1E3D236DEBA64536B976C8542F13F90AD7DEEB,400,2,1404881697101,1405122828282,1412120576524
3C2FA3EA2E87EED1B2ECEF36DE9ED7C8B002B188,440,6,1405147012254,1405147775233,1412120576524
3C3142978C7A39E2450B170C49C71A5F8A7F6CC5,400,5,1406242365320,1406242432054,1412120576524
3C3BCBD2283DB6FF1D702BBC4BC8F98323EA1FC3,608,21,1405226895726,1405228158783,1412120576524
3C47AE00F4DEC80E45CCD8846F6A3F81BDCFAA3E,400,1,1405514967210,1405514967210,1412120576524
3C4E63CFDD67420088EA7776127271EC26F5C75F,544,9,1406297963802,1406402871928,1412120576524
3C6376B877C8AA442C2EFB9F8B30C55DEDA92798,2000,120,1404929479173,1409610555534,1412120576524
3C81B75707D6F90A0CA6DC1AF63FB30FC644E234,440,10,1405516388181,1405562059129,1412120576524
3C82728E53CC70D70201FCD3E7A90D86D9ECB854,760,14,1405448696038,1405449164876,1412120576524
3C935D1FE924E64EC2F0891519D2BBFC0A9859FB,608,5,1405336920589,1405336934860,1412120576524
3C93EE7B904737C97BC1DFA11D9B67CDB187BFE0,2000,23,1406514156303,1407172117767,1412120576524
3C94C6FB168266F3E834CEBDD186A5F1C4035BC1,680,6,1406399079588,1406399098167,1412120576524
3C94E0A1FF60870D842D307AFCB5244DF02278BD,5000,12,1405594111820,1405596935975,1412120576524
3C9D120D68E7CEA0EFEC6B84462190D53FA28FE5,400,1,1405059480445,1405059480445,1412120576524
3CA84DE76BB2BC0831194F5AE08755E14AD44864,440,9,1405310279908,1405310437869,1412120576524
3CAD09FDEC9BDF997B36A5DF3947318D0976D5A5,400,1,1405314884008,1405314884008,1412120576524
3CAD472F9D15101D04F4800F9B26133D2E70CE31,5000,25,1404784713942,1407630803168,1412120576524
3CB7114739D3942215AD20BF4FF1CDDF3DE09BF7,5000,58,1405042606093,1408997270330,1412120576524
3CB91D3B56CBCAD66B054186D2EEF220434E2169,9500,86,1405508359820,1406807991773,1412120576524
3CBD38EDA0010F39D63483C61BDBC6E49A4B7774,9500,144,1405519880196,1411426779838,1412120576524
3CBF4D582A6C00E7644B049A320DD67E60A45BD1,400,1,1405237878489,1405237878489,1412120576524
3CC33A1CB37BDEC40FD09DB163C260E1685056E2,5000,50,1405567253377,1405654779430,1412120576524
3CCE5CEB938281E940BD1B42BD904FFB5D2DFE85,2000,2,1405042831830,1405303572948,1412120576524
3CE71C344DC3B8AA9BB17E716361028C80E16FE0,20000,85,1405613284098,1405704476392,1412120576524
3CEF3EF02B8D3594E37DD8A0CF9AF385B8561415,440,8,1407169887264,1407169970317,1412120576524
3CF3B825FF77C61E6E87743C6D812751A5AA3C69,5000,53,1405144123981,1405754543601,1412120576524
3CF609AD5F29E340074059F1BE9F8A0F40383695,760,16,1404872600726,1404873108254,1412120576524
3CFAE970418F8C042CE946146D667AFFCAD45CD3,2000,20,1405233522504,1407548849300,1412120576524
3D051B1146BF849DC32D45E739FCBCF7C8C08928,5000,20,1405651086799,1409237222381,1412120576524
3D068BA32AAAD959965812F054BF53D69149BCEE,680,6,1406372034528,1406372042414,1412120576524
3D132A6E68CF6E2E23AA08BEB252D3E0E8D390F9,5000,11,1404319241296,1404329716898,1412120576524
3D1C0A8F96C52279FD76A6D2163350028B3D5969,15000,42,1405092637827,1405173889414,1412120576524
3D28DCC1B61F11DA669ED3DAEA8CA00684AA3660,760,28,1406520447245,1406520691220,1412120576524
3D2ED6CD395F21ECAD5280ECCC92059DEEB3ABF1,608,7,1406661844513,1406661872819,1412120576524
3D4BECD358D07DC3B7ADDE273653ABD3F3132146,5000,33,1406573229545,1406665410229,1412120576524
3D4EF12DF780DE7FFB5FC0ABBB5BC15CF6588286,5000,2,1405229440680,1405978505732,1412120576524
3D5222F7E1FAEE3E2704ADA3A6FB9129B214B25C,488,15,1404440838746,1404528600591,1412120576524
3D6057654135A5BBD4C1E22016D81300B1DF0CCC,760,33,1405181854412,1405182781854,1412120576524
3D629FF02B13BBE36344D152CDC428156CB31311,5000,11,1405697052075,1405697575326,1412120576524
3D650AE922531E3C3EAC58A66AA3BB43295E1A81,36000,205,1405311308598,1406121523117,1412120576524
3D78ECBFF9BBD832C2004114A5587ACD85D665B0,40000,144,1405566503695,1407202139794,1412120576524
3D79C7D8C0D47389837BD58FEB2B7FF9BC453C59,400,1,1405754984433,1405754984433,1412120576524
3D811AE07146FA37781537DF1F4473D26AB5972C,2000,3,1406652187934,1406653644251,1412120576524
3D834095255ED689E053729E84C153DB9A17FF2C,544,28,1405084142133,1405084688953,1412120576524
3D918317C1AE54D0C91204CD76A21515AE993160,5000,44,1406349263825,1406350360070,1412120576524
3D951CC1C43C8F4803D3BA9AF4BF5CBA9846487A,5000,40,1405099036423,1405181458128,1412120576524
3D98ACE6AEB07AB52F0F88D4DD314F2C820DA915,760,11,1406185740722,1406186141641,1412120576524
3D9C9FEDF745FC584AA7C2EF0EABA34CD4A8B139,400,1,1405722734332,1405722734332,1412120576524
3DA654CE7D26D8AD3CD83A6CABCB514A9C919F70,5000,24,1405828133002,1406011065836,1412120576524
3DAAA5F5FDD53FC615C94DD909731593D100666E,760,26,1405604833831,1405650483324,1412120576524
3DB198A57FF957250E42D2A270422A00CCA5D159,15000,72,1404877310774,1405029523144,1412120576524
3DBF6D7406A324C3BCEF011A335C4523C12AAF08,488,10,1404891673358,1404891698008,1412120576524
3DC1B8A526F21C658F285CA1E996A75739643342,5000,23,1405666204090,1406433699447,1412120576524
3DD10F718047540EC8BD8B03FF5D42CAE0F0CADD,400,2,1406253297528,1406261191230,1412120576524
3DD6727D22EFEEF517B87CC5862D5501CC46410B,440,2,1405820956453,1405820956453,1412120576524
3DEF655165B5DF98E1B77B928EB83ED880BA3214,2000,21,1405437239537,1405437902679,1412120576524
3DF05CB6549AC77DB1BD2E504C8615C990498679,2000,19,1405481592802,1405482456542,1412120576524
3DFEA400E10B93130288A6862019101F13324CCF,2000,42,1405255491556,1405258163938,1412120576524
3E0A74F1EF399FA03652E973E53AD57DAC365F54,488,7,1405469876243,1405469950008,1412120576524
3E0A8485726A229F38F08CC41886221A45928611,36000,116,1405061569064,1406760984979,1412120576524
3E0C646652740E7A4438B74B31C854418DACE5A7,5000,37,1405823618102,1406292311402,1412120576524
3E13C382365847122CDF5A44E644EB2D47602FF5,400,6,1405892619138,1405892722957,1412120576524
3E189DFA18E094E0A1E6829B5A853F342EF2A2A8,2000,44,1405708314568,1406049154351,1412120576524
3E229396FFC4355FCEA9E58F0CE22A61147D1023,950,30,1405452341060,1405642809684,1412120576524
3E277B59C181ADDD269E9DD9F8D46776C6D53CC4,400,1,1406678119409,1406678119409,1412120576524
3E498CD99E237BE08B0E1459E5AF999E7CECB581,5000,32,1406215542928,1406917349930,1412120576524
3E53BE4FD0B1D436477F810F91CA1D6E328CDDEF,760,24,1405387273704,1405514767834,1412120576524
3E5552DB89D7BB0BC26C55B63E97D218F81D2587,2000,22,1406098104154,1406099100839,1412120576524
3E5729A1B285327A22135806CF95332A4A2C8FBC,15000,69,1405486236848,1405711129059,1412120576524
3E649B264D74440C23F2EE00C2350470CEDFFFA4,680,11,1405479692966,1405480513866,1412120576524
3E757C9487E9C6C14D179179DB35384FA6F3EFCE,5000,31,1405022006387,1405148432322,1412120576524
3E87B6884C91979B9DDD643F32286FF12A9C3DB0,680,14,1405565215271,1408661184950,1412120576524
3E89BC4C10B9B8D9181B0297BC6D08C836ADEB1E,760,18,1405385471390,1405386827189,1412120576524
3EA2E5BC625FF271036CE48F4992CF859826B9B5,440,2,1406044803672,1406044803672,1412120576524
3EA4840A78B9AC7D4368BE5451C2FFFAF17D5406,40000,98,1405399279145,1407908512177,1412120576524
3EA62B69C9B6A747FDB4D3B1262F7BA8D597C6B2,544,10,1405235745708,1405236189031,1412120576524
3EB18A5CECE57AA7D83DCE2E4227082091F97CE4,5000,13,1405286890204,1405341981226,1412120576524
3EC4A87ADA282FE871009661C29AF257EB500219,15000,59,1404871672645,1405395811166,1412120576524
3ECB262BB6341D83C61BFF954B98830493AF69F7,5000,29,1404620696399,1405390189198,1412120576524
3ED3A9F566EBD0909EF1420158550BE589F17BF3,544,21,1406088145189,1406088538379,1412120576524
3EDF9F5B30CADCC96542A73F4F43B75677CA3188,400,1,1404957853380,1404957853380,1412120576524
3EE46A42BC338DCB07222DEEBB47A602ED6BF265,400,1,1406114351693,1406114351693,1412120576524
3EE66AC56B3B891B3214F00725A52720D3F14CE1,544,11,1405787363124,1405787555544,1412120576524
3EEEC945E13D6667126727BE913DC293F0C6EE5D,488,16,1405795751616,1405796128262,1412120576524
3F10BB14E4D620D07583A79BF098633E7A72153A,400,1,1405625129686,1405625129686,1412120576524
3F160158C0AFB7160E86F15A4F6891F008CAA082,760,18,1405299518622,1405376692713,1412120576524
3F2FA816C5954A2B1CBB2E3C15086830180FC10F,2000,15,1404956292009,1405112485033,1412120576524
3F3338B76FA241B578E0AFC766B15E5189864C94,440,14,1405420393301,1405423310268,1412120576524
3F3492A68F9FF0EF2D6176A808C6CEB18F03DF63,400,2,1406093993227,1406094202595,1412120576524
3F395C767E74801A5A86185D3F85AE21B941A97F,5000,17,1405429969744,1405431480095,1412120576524
3F40FB76E25159EDDA0093895B68B7A7352DCE34,488,14,1405394582118,1405395172730,1412120576524
3F42867837FFEFFAE41BE7BCBF55E31D8B61BE43,400,1,1405492249133,1405492249133,1412120576524
3F4FCFD82D561273DC951018665E651504FD0C8B,760,23,1405590140007,1406150214816,1412120576524
3F5A2449170ED75B3BA286AAE331E68D6E6D913E,5000,100,1405491821216,1408079214301,1412120576524
3F5D34E537C49A3334025B0D43633CD7D2C4038B,400,1,1404907969125,1404907969125,1412120576524
3F6B31A29D4391BB5065BB44A2BE7E27145797BE,608,8,1405475261795,1405476048226,1412120576524
3F6C1AE2647131C42494F9268E002BEA852FC7EF,488,3,1406594959670,1406595331409,1412120576524
3F6D785117AC6FD531CDD9B5710F95CE93C696D5,5000,3,1405562598979,1405562958907,1412120576524
3F6E38DCDD920638B345FC5138F02BD2655661C5,5000,75,1405354497307,1405623662186,1412120576524
3F773E21217A885A9C8BA9CCA2AD36E8DEF0C1C2,680,16,1405475165999,1405499086299,1412120576524
3F7774EB6FE57BF9B29904A63FE8BA2A08F51504,400,1,1405954805751,1405954805751,1412120576524
3F79DF1970E82C46C377AB9E8C050A4A11B5B7D2,2000,31,1406061085231,1406062835405,1412120576524
3F7A0EEB8879F7A6A61C3952A8A05CE9EE5A9B4E,680,7,1405212824994,1405212840047,1412120576524
3F7A824C9E09684CC685FD704ED98D470782B3F3,20000,58,1405302873815,1406153312458,1412120576524
3F8014129858A6A54B1FF92B71A728A01298ED58,1050,11,1405494093058,1405617806342,1412120576524
3F84CCF54A75B3DEF37756E85CA66B5B10BF9C02,680,16,1405176649516,1405176799628,1412120576524
3F88C8480257FD4CCC7E0330F4773E742A5711D2,440,7,1404910446792,1404910461443,1412120576524
3F93932E080D1B6411010A552C6F802C061B4AF0,5000,22,1405225157220,1405446803862,1412120576524
3F990C0BE6892FCFDD0A31981ECF77A8577FBAB4,36000,132,1405377612918,1407349277319,1412120576524
3FA75064EFD368DDAC986A42548CC666F732DC38,440,9,1406620353018,1406652376309,1412120576524
3FA81E3BFC17540A8B73B967E2F1BD73C287496F,20000,71,1404972776642,1406654357901,1412120576524
3FAABD283B4F65B27C0836AEF09A6F84D9A913BF,760,21,1405834438146,1405834922543,1412120576524
3FB99269578B6AC564CED65EBE3983D16A15CC97,2000,30,1405144147330,1405145347817,1412120576524
3FC3B0CA7CA7F61B8A8496C837883F64160CA6D8,760,18,1405646404357,1405646851234,1412120576524
3FC5822EB1FC5B4F3373011E5CB3D284579215A2,440,2,1405484871135,1407576924100,1412120576524
3FC5B5F6996411FF52E964849A0F32143A1C1BDA,400,1,1405314455473,1405314455473,1412120576524
3FD0565886AECB60B3E43CF589DE4EA6D5C7522B,760,12,1405200491061,1405200588984,1412120576524
3FD8F40005F3FFC76163CA3774684804B3F70A33,400,1,1405480908675,1405480908675,1412120576524
3FE7042BAAB6B5FF784005DAB90820E8414951DF,40000,90,1405233897331,1405889086159,1412120576524
3FEF1AD76134F6B9E1FFE61674AF81872FD24201,488,10,1405835918638,1405836214789,1412120576524
3FFA5910757648AF8442EA6DDBA3F6DBAFE9EBDD,5000,89,1405109677963,1409077908627,1412120576524
40065414581E97761ED77F67E8AB120DCF123C47,5000,23,1405009235544,1405009594495,1412120576524
40153CE333E410D724239DC7CFA8C1F05888BECA,760,23,1405263524258,1405264106044,1412120576524
401EE4220A4545E92E9E2996D7915009881D9A59,760,16,1404917789485,1404918136276,1412120576524
402A104070A120ACA961E7BFEB63AB845F8E65A4,400,2,1405736852128,1405736886070,1412120576524
402D3F9E0785FD8E3FCEE3B9611AC3FE41517DB3,5000,26,1405050585321,1405051764091,1412120576524
40357ACBC3EA5CF1347337D3C2212C934901BE01,760,13,1405433070311,1405433365699,1412120576524
4046753DBF44C26F18F76FFDEDCE2A8829D17073,488,12,1404484604455,1404484646049,1412120576524
4048517DC7367DD3FD6312A5026CE3D47387E45A,544,17,1404872062549,1404944110129,1412120576524
40536365FE0601438C644E4B00922B81FA71AEBC,400,1,1405641865763,1405641865763,1412120576524
4061725B0CA388929CB338D5A27B005F5BBDADE7,488,1,1405513223685,1405513223685,1412120576524
40630918E4E17103014C840532B60EB3A0104813,400,6,1405696793180,1405696904531,1412120576524
40649EBCD28BB8F64C9940090F0CF60F291FD018,488,15,1404933711454,1404933936132,1412120576524
40692623803160CBF4BB4933CDF22BF476E74900,2000,57,1405131243856,1405305751514,1412120576524
40797FE9D7FEFC031FF1B6523292DFE4F8BF105B,400,1,1405990309178,1405990309178,1412120576524
407C84C1502B61353F0A7B0180773185E3DD5AFF,5000,31,1405438115680,1406222289967,1412120576524
40981FDECFE393C9C08640F9EBDE6D673C016050,2000,58,1404491206926,1404847506941,1412120576524
40ADA10B48929A7E7B9BBF0EDF0ADDB0363954D9,5000,10,1405952907023,1407526043828,1412120576524
40B6272AA7C111814DCF39AFEFFF40B3AC772DEC,680,7,1406736858296,1406737447306,1412120576524
40D7CBC264308C9B5F860E3FCDC96FD9700BF476,488,16,1404919901532,1404920207795,1412120576524
40D9019F6123010104BF7A8A1E73B43BF866577A,760,21,1404963732656,1404964453468,1412120576524
40DEA52F86A8E126A82488462BF719D776823396,8000,49,1405055691344,1406268016486,1412120576524
40E1097FD913661F71F29D7423716485A8265793,440,6,1405768629086,1405768638223,1412120576524
40E2E47F98FDD8D975CFB030970BA363A04E10EE,400,5,1405034750778,1405034750778,1412120576524
40E7C80307351A6787F37D90BECA976DBC8432F4,400,1,1405221400120,1405221400120,1412120576524
40E834349F4F67558717AAD28857A3F03DE61F31,5000,7,1404797088353,1404801126111,1412120576524
40ECA24728D6372E8A9D75F0D513F73012C200FC,5000,22,1405230863731,1405466990893,1412120576524
40F181FC870BB35DE294871E232438D3156F119D,5000,29,1405304530807,1411980298594,1412120576524
4112B3790A7A7B6CFED2424CBC207CB0719C3384,400,1,1404959521775,1404959521775,1412120576524
41133EF02D0D6A5B788A583F8714E5CE9C6FCCCC,5000,4,1405390168524,1405406237123,1412120576524
412CFC53818FF17796B89A1A9C6692D24B9C02A7,440,10,1405727986530,1405728026382,1412120576524
412FD89BAF82A6123E5F8734558945B4B28D91E6,2000,41,1404956851226,1405512120741,1412120576524
4137ECF6F37CA72ECFE8BFE6D2116126E8BADBEC,2000,23,1405122704413,1405287873688,1412120576524
41385223981885247F723173DC2DEA32280E410B,5000,5,1405720151675,1406162295875,1412120576524
413DE91E362D398072D605BEF8131CBCA55E281A,5000,14,1405411155964,1405809852870,1412120576524
414737928D87A6653024FCCDCF8D0E0427DEF8EC,544,3,1405537861006,1405537861006,1412120576524
41495F1D4F96B5B833BE0508D5091F275B241A4B,760,28,1405222261001,1405222569741,1412120576524
41504C24D747ECA21C042DD663FF9732AFFABFC4,2000,48,1405486569851,1405728172361,1412120576524
4152047FBA8E36899DD9DCA091F4F5DAE8092822,488,9,1405396208052,1405396658589,1412120576524
4156475F14F017E15E93D1F1D69436A9D03610D2,2000,23,1405929197285,1406099611231,1412120576524
4160A0D430405D16E113CB5C1DEEF28D0A4CD431,760,35,1405379680572,1405382726950,1412120576524
4168EC71D82FE833C4DC8FA02111751F23E0ED25,2000,32,1405388750857,1405731440114,1412120576524
4170B9E4027F8D7B7879C72F64E0D9A30159641F,400,2,1404928644611,1404936427202,1412120576524
41783BC39FE692A14F7AC96EE956C73DC18D52B3,5000,55,1404873722443,1405221194437,1412120576524
417DA635E0E67FE7AF243E39E789A6ED2232076C,544,19,1408215346295,1409516070090,1412120576524
418A1157BC0B1946FB4714741D693CB50D70F102,760,31,1405045134420,1405483850841,1412120576524
418D48314EE8B55CA5DAB636B4AA356000A61A59,440,5,1406593791824,1406595333759,1412120576524
418E4F9C3F51431D498ACEAD66548517A92CB628,400,2,1406489509315,1406489645664,1412120576524
4193DCF4FFA2DEAC605899065FAA5AF145BFEE65,760,8,1405812968116,1405812979902,1412120576524
41993C7510265E90B725C9F2F40DD4A9EF5D53F6,440,2,1406113467149,1406113467149,1412120576524
419E4971979E65451B9B95043CB6A0823C5FF234,5000,14,1406543985288,1406644794890,1412120576524
41A318164F268A5D49602FA03CBFC4CA1767641E,400,1,1404260658952,1404260658952,1412120576524
41A9F83450377A696B6FE829D841FC4F3EB3428D,760,20,1405877059503,1405877800470,1412120576524
41B3A05CA53C4B09E3E37DA8656A67622DDBC2F9,544,4,1406346582325,1406346582325,1412120576524
41B408914E5C75BDF7ED08DA6ECE4F601BC5E133,608,13,1406158512999,1406159419882,1412120576524
41BCC06C58893396DA9551AA965737A84F452B2F,20000,51,1404876345950,1405199785488,1412120576524
41BF260359C3D75F143B46AD34E089FDA51FD1CB,2000,45,1405535976704,1406069152698,1412120576524
41C852A9D6ED13262757C7CE9452CF5A1A8AC3BF,15000,47,1405960797855,1406039225393,1412120576524
41C890A1B023932634DC6A25C1ED16BD2EE0A0CE,760,14,1405483447752,1405531425246,1412120576524
41C935A21CF7A439154270ED9784E95D75B7D8C2,760,10,1406676767791,1406676928575,1412120576524
41CFFC71DFC965739694E3D73F759A0C86F9B37E,5000,14,1405694839768,1405695573160,1412120576524
41D6D96554CEA37078E9B25A7DB9D6CF9145D2ED,15000,70,1404867681715,1406483451486,1412120576524
41D862497DC39E4C7ED85DEBD610C67102958A0B,400,1,1405331557393,1405331557393,1412120576524
41F144FA1E79EE9BA90B1E12E99C8182C080E87D,900,18,1405011592815,1405207532784,1412120576524
42020ADB1325A4013C5B292EC00494A4C6C948AE,760,32,1406341876345,1406472965031,1412120576524
4203787B9C865FE11B214A519AC379FDCE0A92D4,400,1,1410008296390,1410008296390,1412120576524
4212403EDFB681094F0C013137F1C0C03F3AA7C1,760,12,1406003527152,1406003734725,1412120576524
421646EFE6FC3402325791E1DB68FD7DF9540A85,2000,38,1405733252250,1405740254211,1412120576524
4216FA2C79EA662123DA1EFF301C93D8F213E2DE,400,1,1405222418984,1405222418984,1412120576524
42176E10884F308CFF6B64C1FF236BE48715C7FF,5000,57,1406172259326,1406296921818,1412120576524
421C6788BA295A6453AFB4073979AFDF23AA98CF,2000,3,1404964991424,1404997098182,1412120576524
422457D98255C8B54156A2588E2ADA04DA538161,488,7,1405708843989,1406487358622,1412120576524
422C9E0FEFAF238D695B3F32B87B1AB267A58FFC,544,10,1405643085241,1405643112394,1412120576524
42316D6B085625147FF197A3CD6C80AA852E44F8,70000,187,1405226303446,1406333765794,1412120576524
4232F568881CA5F2B288FB50B5A11A00C9FF552A,400,5,1404956303569,1404956303569,1412120576524
423A085F2E5F30A7E2471C45ABF7B37E73B5729F,400,1,1405290363502,1405290363502,1412120576524
42475A65FDEEBFBFD86732C6E482C82C8AFEF5CC,760,8,1405980547060,1406038017550,1412120576524
424FFC8992AD54747279534ACF75F674F2DFF979,5000,2,1405045762105,1405046013520,1412120576524
425009ACA39B8AA84189199B70FE232440BF0372,15000,84,1405794911095,1410189260550,1412120576524
4252CB597903BDFB0EE263779EB45EFCAE51E658,2000,34,1405386668981,1407437792125,1412120576524
42611D96D95BF94F6E00EB873A654ADD5E8B7F67,5000,22,1405528969551,1405560144926,1412120576524
426783A12956A83C0D8793A44ADDED37B38E2D97,400,1,1405243995004,1405243995004,1412120576524
4267B8B8217868447D6F615CBB30A2C35144BCD5,2000,30,1405318660921,1406260825104,1412120576524
42780D488319A5ADE659B478BBF6F3A3CF61DA1E,680,7,1405899199802,1405899337707,1412120576524
42786D689DEFD2604CAD932616AE728DC1352FB2,5000,46,1405456521115,1407781659543,1412120576524
427B820362626F8483FF3BA724B00662EFCA3634,5000,30,1404956495009,1405561569771,1412120576524
42833385A23EA952B81C3FC218C6C66E6A8E79A2,5000,7,1405126793791,1405871175743,1412120576524
4289072EB5076882375781CFC8DD1C423798A8DC,5000,10,1405396200848,1410946725657,1412120576524
42896E6D95DA6ACD4F116380777A75D1FD51CCD4,544,12,1405004566972,1405004728262,1412120576524
428A196A443E8400DA94DBB91105C44FCE902355,488,6,1405044379557,1405045063816,1412120576524
4292793E875177D7AFD42965E31ACE99A28912EE,680,15,1405564786601,1405565433835,1412120576524
42943796887A5A190C58C1F9DFC663501140B82C,760,23,1405988405074,1406444836014,1412120576524
429846A081D8DAF6A8A408C93A927715E7147974,680,7,1405558622062,1405610735976,1412120576524
429F9BBD7DC264A14C252C60A23A06C0B9FD3DC5,760,26,1404876397161,1405712559042,1412120576524
42A77F946A765A8B2D526AEF6CE84C8A9428CC05,2000,61,1405824757938,1405981943253,1412120576524
42A9B3AEEA3CC962C25E1A0F4F4FBC512D223603,760,30,1404956483622,1404956715318,1412120576524
42AA21135E3822CC428A57B78F7BD6591DF5E1E5,440,5,1405223148439,1405225027493,1412120576524
42AE6163CB9917FEA135C47A2F051BBA85ECDA7B,15000,73,1405191592752,1405392061264,1412120576524
42B42899EAD1CEC761180F00A3924F7E973D23B1,488,11,1406227275501,1406227507308,1412120576524
42B53A830CC507EB7DC5A96F0C0E073346F90DA6,760,8,1405388956364,1405400463205,1412120576524
42C81A0CEF75D6DCE0937CEEEE42ECCECEE8939D,400,1,1405314676069,1405314676069,1412120576524
42CA3F93D344F47762F848CFD79D5AC2342A919D,608,6,1405475833554,1405476325389,1412120576524
42D15DF84AC69D45A0D9533036FFABBF35ABB7FF,15000,90,1405772761881,1406987706304,1412120576524
42DAB60EE2F427C5EC4A44248D0B1912A84BECC5,680,11,1404934606549,1404934692042,1412120576524
42DF82E02810225B82A52D9F185B4AE6103B3CE8,760,20,1405442692013,1405443115862,1412120576524
42E4AA9562B2C7DA9FE28C321C0565C93E89CAE5,400,2,1406525229097,1406525273232,1412120576524
42EF3D5115C34D86BFE384DDCA0E1CB46FC5C236,400,6,1405091145680,1405091173747,1412120576524
42F292549DCCEF85448F31425C93B2FE1AB89482,20000,126,1406271644714,1408015187366,1412120576524
42F89809B5E1C6A2CA683F82A78AF9EA43100278,488,16,1404919753025,1404920118542,1412120576524
42FA00652243690F001AE4FA89B6E28B7FD6D74A,20000,118,1404966989296,1405366914179,1412120576524
430115805D39C8D7FC89745464EE60D860ED1646,2000,30,1405228133458,1405909900693,1412120576524
43025FBF3D4F495A466F2E02AAF566D17E8A1961,400,2,1406520406116,1407110723579,1412120576524
4304FD86CF5FBCAE7C3DDF5606DADA0E0DCAD051,2000,32,1405634020495,1405831691166,1412120576524
43063FBA8DE6ECD4AA233F8D02EB78634F6D55FF,15000,88,1405745630657,1411133290643,1412120576524
433551A24449054FE8E6F47855E5B1D325CB3BF9,2000,14,1405823219869,1405830075143,1412120576524
433703FB604A96EBF6BE5AAE36269C7567FB3176,9500,136,1405475481779,1405562858407,1412120576524
433B5146421EE83398AD9E5DDF1A979049382651,2310,71,1405384410796,1408407447087,1412120576524
4345DBFEA15DEC87F459A57531F5382C66AFFA98,2000,29,1405284825212,1405404430796,1412120576524
434667DAD8CBB967AC19622D76792008983E4B90,400,1,1406258526824,1406258526824,1412120576524
434B74F44243D6864E8BF81C8AC8CE6C26ECCDF1,400,2,1405569668562,1405616089144,1412120576524
4354F23DF8FAC749FC34DFB66A13453C904EE999,5000,16,1405488284488,1405570323330,1412120576524
435B66C3325481574C565068C48C2C0ACDA5333E,400,1,1405316364733,1405316364733,1412120576524
435FFF621AD34BD4F8908F9387E8D1D54097A103,400,3,1405287538222,1405458110165,1412120576524
4364009298C049137F17D65C9F7297582E6868D5,400,1,1405965070585,1405965070585,1412120576524
437639F3ADA5597B28F1A6E6A55CB8790B7B1641,5000,13,1405242557513,1405680719787,1412120576524
4377092EA6B1AA186620071352D0886E2CAB768A,608,19,1404953333711,1404953491333,1412120576524
437AF8CC502AD11BCD9AC98C4F72C905515DE125,440,6,1405185673732,1406153343449,1412120576524
438A543A2E22D399655B3A548D58D2418619C662,2000,3,1406048948004,1406311208815,1412120576524
438AFB5039D4644ACFF68281D108BD3FBD2B7E5D,440,4,1405383971008,1405384118987,1412120576524
438FD32BCA2EFDA4B2F5EE3BDB7907AD6ECD2C4D,760,23,1404632154379,1404633002615,1412120576524
4396DD13935D1920BEBD0818809F88BA9B912748,15000,39,1405744775713,1405950744616,1412120576524
439A2CA648ED07D5F9A4CD2F99D3E64BBF91978D,544,12,1405799679770,1405799898154,1412120576524
43A2C6C343EE325DE357B5672845A7030EF93DC5,20000,70,1405158806129,1406297182905,1412120576524
43C987C599A05D74F2D0C347052323EAF29E29BC,400,1,1404906970634,1404906970634,1412120576524
43C9BC9F88DCD839ADCFD80DF6EBDA3975F1E0B3,544,13,1405033244115,1405049352154,1412120576524
43CEEB773FD6EEAD61769CBD5FB9593542FE0066,400,1,1405443410475,1405443410475,1412120576524
43E1D3183EA98C2062BFC6A515457DBD4A11C446,400,2,1405733515076,1405733664411,1412120576524
43EA0EB2A4BC6B8A43A6B7955DDCA918D08D1481,760,25,1406391676977,1407088360423,1412120576524
43F072AA697BB74C8627E8C32B06491F29A9394B,488,5,1406272058203,1406409867294,1412120576524
43F24B6A74676EE8450301D969B762DDBFAAABE5,608,3,1405541888183,1405541888183,1412120576524
43F4C3DC0EAF9785C24C801ADA789D585AFE244C,440,5,1405654217763,1405654217763,1412120576524
43FB2798DE91703E40E6DC31B32C675133F286BC,400,1,1404545542492,1404545542492,1412120576524
43FC102ECB12C095349616813BD1F78AFC2DCE16,440,6,1405470426129,1405470449129,1412120576524
44009FC16554CF97CE805BABBF92389FE855DEDF,5000,9,1406496586825,1406559872830,1412120576524
4403A3092979FC94A6846954C792250512521EC1,20000,117,1405558896204,1406423319966,1412120576524
440F39CBA7E6867230F89FDD7E21B75FC2C74C2E,2000,5,1405477788848,1405579858384,1412120576524
4416AC9F1B0DE1BFB23EFED30FFFFFD987B82A10,760,23,1405222637540,1405354066592,1412120576524
4417059E88333177FCD1C2E54A76218CEB33A7A9,20000,49,1405825068955,1406196578224,1412120576524
44180E99188E818F308E744DFEC28B8280184FFD,680,12,1406176646797,1406213385546,1412120576524
441E518736FFDFB3CA22B53033A13BDD00756C02,2000,22,1405981675780,1406471100985,1412120576524
442C751466320A9109980CE05CBBF1F3123E9E82,760,9,1404462016095,1405402865326,1412120576524
442E65EAAA87AC0AAAB36E282DB34779724C9F46,400,1,1405811234588,1405811234588,1412120576524
44341F140F536A14FD29D9F2377C2F0213E8C677,760,26,1404504206240,1406309738058,1412120576524
4436C0A98B0DB2C015C5C8EAB1F58EDFAE7EA43F,5000,20,1404942833052,1404987591660,1412120576524
443AD7AEB1914C3261F6CB4BB911B6A5134A5040,760,22,1405056718209,1405057483284,1412120576524
4443FD348CA9DDD9E42B113EAAAEB4777871DEFD,760,10,1405300339865,1405300347942,1412120576524
4452B35D9B836B5046F3BA286790B8417A316A41,440,13,1405557176436,1405608234857,1412120576524
4454F12262C2388DD55BC6F7284A33A4121D9CE8,680,15,1405871832324,1405871921099,1412120576524
445A9CA5692AEE58408F386D7423A36ADFA10BE9,544,9,1405562610132,1405562808587,1412120576524
4463677D68AC6FF75BAE88118EE4C5C2448DFAE7,70000,100,1405389845865,1406909814847,1412120576524
4478259D553A31F94F936000E70F031A047CE09F,488,8,1405222287565,1405222614253,1412120576524
447AC127C979A9B1D5F06B760B259E23F112C2C3,680,8,1405206205913,1405206352348,1412120576524
447C00E6540538A7E4D3BF031A0E49B92228F2C6,760,20,1405570674738,1405719922327,1412120576524
447DB4325CF9D217EFBA916D3A4CB872AE93C995,760,35,1405449611624,1405571675316,1412120576524
447F17A3157010485D6DAD666CBE9B376EFDAA39,5000,112,1405368241710,1406006129824,1412120576524
4492D20857BC8404744F0EC82623C6D3C5358C53,5000,19,1406397719778,1406675235791,1412120576524
449C1C2B30F86A00CF984A9369754FC9D3EB997B,15000,78,1405988297123,1407807745498,1412120576524
44A5AD0F00A2B2D0AF7D102633A1334B039C5156,400,1,1404915592299,1404915592299,1412120576524
44ACFC60924F65CC02C4E59751EDE57EB1F79135,544,8,1405999691800,1405999720209,1412120576524
44AF155A451F48E98FCB6262E73F6FA61EEF60A7,400,1,1405977686870,1405977686870,1412120576524
44B1005C30B1BFF300D62CB1A2EBB5BB04D204D0,400,1,1409514339930,1409514339930,1412120576524
44B4AE037547A184D3B0EC6CF06052ECF9A26705,5000,9,1405397329328,1405397742283,1412120576524
44C2AF3172AB59B2C34D65175E9876CABCAF2462,544,15,1406253127231,1406332343362,1412120576524
44C8BEB2D91B93ABD4A64B5BB0A9CF34BE9E3F60,400,2,1405178550480,1405178550480,1412120576524
44CA6A0FD71900EB98D12BF98FD635346B5DC6E5,400,2,1404289199384,1404298563760,1412120576524
44D0C16912D6D091CA5968D51DAE6D289DF13E7B,760,16,1405349095350,1406386989997,1412120576524
44D7EC6D9AD03B096B062CC8303242948FFC5A11,2000,29,1405537634040,1405692392313,1412120576524
44DC60B22753393600FE846E2E17E73810B331F8,5000,11,1405632393226,1405632937970,1412120576524
44E47652CE957FA5A6A47A5CE47D26E14F2D1161,5000,9,1404996219655,1405012282553,1412120576524
44EA637B58372311319BF6334B0F53F7BBF6B319,400,1,1405565030281,1405565030281,1412120576524
44EDCC49C7A4152F1608BF0FEF3921370F18592D,760,24,1405652877242,1405893142575,1412120576524
44F350904B8C4DAC338388567DDBB36854FD0C58,400,1,1406736496823,1406736496823,1412120576524
45014C0DBEEDA0BBB9C8CF79CD27B5A9CDC14CBC,5000,58,1406167036688,1406339400158,1412120576524
4505C93267EC3D00CC4762EDE4E5F3FFE6E0D222,400,1,1406558609781,1406558609781,1412120576524
450E58D07C0994799947F28827DCF9FE562CF5F0,680,7,1406007383901,1406007406578,1412120576524
45115C32370B4647C4AC7CB6F99504EE1FB0B72B,5000,8,1405676318243,1405676860123,1412120576524
4515FF4F187B4F2C2AD453C71496E5E6987C92F3,488,16,1404951440134,1404952051558,1412120576524
451FD09859E199D9C5E7B316E12F82DAD490A1F7,760,25,1405317318833,1405360008540,1412120576524
4524D0FE26664023DCFEC52251A18DAC282C3C29,15000,26,1405904392210,1405972138183,1412120576524
452818F4429C7319E9EC39F3B5A0F5F4D185B748,2000,23,1405058449655,1405185465656,1412120576524
452A72688C6E280468A68DCDDFEEC2E4E10FEA7C,544,13,1405994886651,1405995254182,1412120576524
45342A3E07BE29F66087A9F291D66C72FDEFAB7C,608,14,1405788924478,1405789223999,1412120576524
453C895216DA150103763F4FF44E57D90EDB9B5E,488,10,1405008767852,1405009011202,1412120576524
4544609A6D9F44FD90BBFA307B0054EB1ABF8C75,400,1,1405715810769,1405715810769,1412120576524
455E8BBDF1313A905481F33F48E982E840152F8C,488,13,1405652011858,1405652270146,1412120576524
455F2BD9353AE56C1AEB812FBEFDDB5966EA2F31,680,10,1405178208616,1405178308284,1412120576524
455FCF199980CAE3EE035308ABAB18F316105C63,400,1,1405357902116,1405357902116,1412120576524
45601CB6383EBB167B5A87D06C34442D024A7FF0,5000,19,1405562322908,1406178522114,1412120576524
456F117207478DD125E57AB5F6BF046BD1DA7870,20000,119,1404934724587,1407002219551,1412120576524
457278948334CB4FE54A5F77EEB6383793150EFB,680,21,1405256114021,1405312215288,1412120576524
4572D753E8B6DBE58C513CFE1DE4C14CA7C43F7E,760,30,1404312214223,1404313793685,1412120576524
45735992E095CDF1CC2B7BD0FFB3145C14099886,70000,149,1405530876874,1408886049581,1412120576524
457B11B7CF81A907419649D7FA5D915591D4C1F7,5000,35,1404984112942,1405643865686,1412120576524
4580B7BEB80D4152DBEA9CF37830FC6D3A67385A,5000,9,1405708842500,1405725625056,1412120576524
459135A355791923E194CFAF8C07EB7C27861366,760,11,1405306482775,1405306661060,1412120576524
4597D5A6CEBDADC887A4AC373B0BF6EB56EC0474,608,5,1405149832242,1405149832242,1412120576524
4599C078F8908E15E474D62A30A7BE241D5DF698,20000,196,1406121449523,1406655400458,1412120576524
459D8F85F6B9233582595F2E61B214E03B667F4A,15000,113,1404921972164,1405978759108,1412120576524
45B850406232141621A0166B18EA013B8F7CEDF9,5000,28,1405055421150,1405449215789,1412120576524
45BBE9443CC3FE212F998A594EEC57D1FD94FA34,400,1,1404974618860,1404974618860,1412120576524
45C5179D6EFB5B1032B46D4A7B42C41F29363C98,2000,61,1405528766592,1405743280626,1412120576524
45D02B6B2724712E9613F0E9A5A2EB11FCB474E4,5000,41,1405386268514,1405435477003,1412120576524
45D66C64E3985711FFA82E0FDF3E9FE139061F40,5000,30,1405224192493,1405367579425,1412120576524
45DD2DDE6471694C2A863BB8E4E5BB880DC68364,440,2,1406469276295,1406469276295,1412120576524
45E1E539F9E5188326477E6E9F86FA836CAF64E7,15000,87,1405505424771,1407610364667,1412120576524
45E5BCDFC8DDE085E9B5D970B629F59BA276A667,5000,14,1405658180199,1405665732965,1412120576524
45EDAF240292D354A312135455EE86CBC8747B1B,488,8,1405852605984,1405852627018,1412120576524
45EEC9428AF6CE828F7F11636236DE576346B884,680,14,1406559336960,1406662463817,1412120576524
460612FBE25FBEFE3C52361F6FD8DA0D7E42DE3F,544,12,1405688416612,1405688624363,1412120576524
460B971BE4B03A7A43A00F8238FC0962517A039B,440,5,1406303263954,1406658840290,1412120576524
460D242F4DAE2F36911E50EB6E8BCD513F60C9AD,680,9,1405754580789,1405754814047,1412120576524
461876A6C27A56224261193D05890C831980277D,440,7,1405390540174,1405390569727,1412120576524
4620C5086E704336EAA6F63C2DC380924E9F88E6,5000,9,1405997531309,1406072503021,1412120576524
462F89FED1696DC3ECEFC60990BC08042D34C4CC,440,2,1405205723362,1405205723362,1412120576524
463F074DA16B2480282F6C03E61A2DBC4FF2F568,2000,29,1410149908553,1410647831131,1412120576524
464517779B199B29B5F1211092A33B5650AD8F02,760,11,1405486443124,1405486525972,1412120576524
464CABBF508DDDD99737B5DE8DC3D008FA0CC936,400,1,1405146091036,1405146091036,1412120576524
464E168CBB98137995D4315A2F37BD1468C92CD9,400,1,1406016649549,1406016649549,1412120576524
46591F8A2F75881ADCC2928B75BBAF73266CBDFD,15000,65,1404865421391,1409698279739,1412120576524
4659229B4AE800E462BF420125F079995E61C7E9,5000,16,1405445593039,1409146668232,1412120576524
4659D1CDFD9E0FEF053BF4A7248507856407E076,400,1,1404831696976,1404831696976,1412120576524
465FA7775282ABFEE93AD800B7B018B35FB23503,5000,43,1404974077826,1405199566097,1412120576524
466F8230026FBBE6FDEABE08A395530F83AB47A6,2000,51,1405678837316,1405813059838,1412120576524
467105EF544D7E989FF927F4042D2092FCAA7CCC,5000,32,1406156372286,1406581817475,1412120576524
46732F307E700CDB780749B0A72719940DE4F1C4,544,10,1405060429585,1405060544651,1412120576524
46777F6D816B0BAC6CB8BB9566AC91967CD4CF9C,400,2,1404389454646,1404719928105,1412120576524
467AC6138C45A0528FAB16A9B1340F56936DE93B,680,6,1406591680085,1406591746146,1412120576524
467E2A95FD79ABB6DB218CC815582662A7663C16,400,2,1405854088421,1405854088421,1412120576524
4684D0C76ACBC36663FADA78B067D4193B5CAC50,400,1,1406711268596,1406711268596,1412120576524
468B93FEBB7F3E842B5156289236AAB5574B8CCC,5000,40,1405829959510,1405882944190,1412120576524
468C049E700CF2AB9344F4B7046560C5D8A0DA6C,5000,2,1405886934493,1405887246580,1412120576524
468F1C6A112B7DAD1C26D60A06B50C5DEE288327,15000,39,1406124102281,1406143880962,1412120576524
469871079A5AD6FF6F83F93C5EF411C5A5F2672B,760,15,1406437940381,1406526632779,1412120576524
4699C4041DB2CDF967F75804500E02B1CA0A4EDC,680,10,1405475139093,1405528549112,1412120576524
46AB1098F1079FC78051FB2D3AE51413CB9DD066,400,1,1406165046742,1406165046742,1412120576524
46B485D14D5BD72D6740CD0C7ED458F56A025B37,5000,92,1405509795028,1406217863662,1412120576524
46C6A31AF44FF07AA1243683D87E050E188A73FB,440,8,1405210072696,1405210121560,1412120576524
46C7CAE9C6DE067D7116D4C02DE6488128E2C5F5,440,2,1405627013531,1405627013531,1412120576524
46D06E6AB488AB0455949C917C157EC8C4A59ACF,488,3,1404671760171,1404671930705,1412120576524
46D128E2CDD087B830429C6AB853705650B6176F,440,7,1404876535248,1404876610157,1412120576524
46D868A24E7FD6754696C56E2E78566FE512D697,400,1,1405871401760,1405871401760,1412120576524
46E3CBE9E5F97214BC7D26C346DF0443072A3373,2000,38,1405392023856,1405629430608,1412120576524
46E43910185572E2AC96183D3E1BAFD79676F11B,2000,46,1405534813751,1405723758152,1412120576524
46ECF944758A38CC72F8556196E33AB735AEAEFF,5000,29,1404877081177,1406401632372,1412120576524
46F5794311676F8FBBCD5F81293B4B8078B0E0C8,5000,32,1405360245423,1405410632796,1412120576524
46FE111D2BED71A9C7D7FD3F4A5B345925903E98,2000,22,1404876965135,1404959866935,1412120576524
46FF3732785CF6D8D98CEAE80478DB8F4143EB20,544,11,1405982237373,1405982637217,1412120576524
470DC6075D8D724389256098AF5A1F7D3E4D9DB6,400,2,1406468078028,1406468378241,1412120576524
4710EE3822B12A483E132C6F576DE9739556E0DE,400,1,1405158232046,1405158232046,1412120576524
471A65784BC06F4483F77C4DAA6FA0CAC9D811F0,2000,71,1405223309778,1406514854422,1412120576524
4725B16BF9BCA45DCF031D7053F58F57F22E789B,9500,114,1406128578726,1406130839968,1412120576524
4727DD32437C37F313D3CC5F6E383070B66741C1,2000,16,1405358905999,1405360064930,1412120576524
4748857905858577CD2A347B28E07E3D3AEF7017,400,1,1406406758228,1406406758228,1412120576524
47514EBFD31C422776FD54A2EEC2E5304E35A356,760,36,1407301351151,1407301568131,1412120576524
475621A046C40262030C42B86BC08EB78DACD049,2000,18,1404956173339,1405372901954,1412120576524
475793C4225E4F67CD01CEF57EB136C45B2048F7,1260,23,1406606371596,1406767729617,1412120576524
475EC9463630D5D6611E16D4199B58E5B5DBD9FA,544,10,1404871741416,1404871863730,1412120576524
4769C6BB101E518A4807E215B92475334777DFFD,400,1,1405565342895,1405565342895,1412120576524
476CD4DCAE15BDC5F3CC33E2513C7C1189B710D9,400,1,1405441561870,1405441561870,1412120576524
4774BCA77C83124B2B8BD7228B481CEB71A6B902,5000,21,1405962554639,1405964187736,1412120576524
4781379AC0818BE0000699F4A091A06CDD7887D1,5000,16,1406357270855,1406485082851,1412120576524
47819115B832722382D7A9FF54258ECD5B82B3AB,15000,77,1406579546397,1410781935523,1412120576524
4781DC005F751C1AF6357F2F59921D2FCA9BFDB7,488,12,1405539053875,1405656318769,1412120576524
47888928732F90887C662050A810350FBE09289B,5000,37,1405179312732,1407713287793,1412120576524
4789712BE29E03B849F0B922653377B103D04327,400,1,1404557308024,1404557308024,1412120576524
4789954871E0CF92DCE595BFBEB1B2399EF7ED5D,2000,16,1406078551848,1406080185498,1412120576524
478FDAA62EA1B83FCEE4C998C71F84200D734025,5000,25,1405077160013,1405083943564,1412120576524
4793257D0AA28D1FFFBC8875BFB5B2AB7E75C351,2000,27,1405389465715,1405519954851,1412120576524
47BF8BC2806EAB6D6617A5CA26A46DA912D794D1,440,2,1405359715452,1405359715452,1412120576524
47C25E0A695CB32E2BAB0F3739F29415DD0D1880,2000,4,1405485967692,1407185007823,1412120576524
47C388684BAD14998F878DB6C7B958FCDB3F99E2,5000,44,1405726136807,1406153518610,1412120576524
47C8E4D365B5D10FA267BCB3FB4F34F7F8D39E94,760,12,1404871750111,1404872764084,1412120576524
47FEA4D81FE0C94B122B486521021A2546AF6254,5000,28,1404956660446,1405206545216,1412120576524
4801A140AF95B03575410F89F358C81DF93C2C98,400,6,1405271440154,1405271479893,1412120576524
480816F75C8FEB6D8710F97C97D849809C7D6C31,5000,3,1405387294759,1405467538862,1412120576524
480AC342E8ED2351EDD750114C77AF87174B8900,760,20,1405627330931,1406427950107,1412120576524
480BE302183D604E12E23678CD5ED6A5C082D93D,400,2,1406672789907,1406672837244,1412120576524
4810A25F4199D5C16FA938A6FA23D7A3ECA626D8,760,10,1405529729208,1405530276209,1412120576524
481952ECAF9565F392576D43E016A1EE7FF1ADDB,5000,99,1405188352606,1406301612464,1412120576524
4824E2278D62AC98C8DDFC053FFC43E9122FB908,2000,31,1404965253620,1405015216942,1412120576524
482C9857EFDBBDE679FC24569D34DE261CC2DB49,40000,155,1405273210149,1405874715251,1412120576524
4830015A9245B05882FAB12CC372ECFDC608B4C8,400,1,1405348271282,1405348271282,1412120576524
483398D4C9FBE52C3B28DD717BECC6ECAE143521,5000,11,1405556449954,1405557938857,1412120576524
4844A725F42FB447CD571DBFE1D4FC25637A8006,608,15,1405600266653,1405600983020,1412120576524
484661EEF098DB8E2DF545B31EF064E7786DACD4,760,31,1405337318588,1409447837837,1412120576524
484A8422B72B8B751E52DF3C3F1CAF0A5336C5AE,2000,36,1405558481034,1406062391679,1412120576524
484C226F93FF322A5593776533B905DD984616F7,950,44,1405435148242,1405581584236,1412120576524
4850B0BC572DBD4938E041A25B415DD722BD829A,2000,22,1404869436446,1404870881158,1412120576524
48568E7654441E47F6FF950F0D93999C757FD21D,544,5,1405654786471,1405654786471,1412120576524
48632680923A32A5C557F1018A9B5B6FA0A9F1C2,760,23,1405125932834,1405126457533,1412120576524
48689FCBBEA1DACBBF7419A3794CD2BDD22B807C,5000,13,1404863184109,1404869230072,1412120576524
486C52735567E2283FA5B497A6DC123ABF83C256,760,16,1405007939899,1405008315469,1412120576524
486EC5030065144F70BD14765979505586C199BC,5000,10,1405150436172,1405222823804,1412120576524
48765F0520C598413CC7BA20391B5A3D86B78F95,1050,22,1405368881714,1406119083341,1412120576524
487A09F41EB63A25CCA23B7377EA50E1D875A5EA,400,1,1405041308878,1405041308878,1412120576524
487F581BFB871C00721A6E261ACAE49DD84D520D,5000,21,1405491538378,1405581209507,1412120576524
4893DEA9A7C76F218B24ADED0D97783E7BB3FFC3,5000,22,1405382403448,1405435460776,1412120576524
4895640F6D96EBE77238468CA4C5801C445D42AA,5000,39,1404958178580,1405022091154,1412120576524
4899808BE61DDA157C00FA3E83E279A54A87D4E6,760,15,1405915170951,1405915643585,1412120576524
48A432A9C0B834123332C062EF4847FB87C3AB4D,2000,29,1405316508776,1405393474596,1412120576524
48A7DF141566CAABF9B96FF1E15B3AEFDFF24842,760,16,1406449521308,1406449789794,1412120576524
48AA621146B338242BEB1160B05ECA48378DB2CA,400,1,1405812412412,1405812412412,1412120576524
48ABF3D2EDA2FFA3FF731187D2B20C31530EE874,2000,36,1406139957756,1411494297161,1412120576524
48B8A949D8640FF7FB8162A465A369DAD624EA93,680,9,1405191743722,1406142595272,1412120576524
48BDD9044EA5DC9228F4F05969804201ACB05EA8,5000,31,1405103067338,1405159738731,1412120576524
48BF1F6708D9DA3143E70F50749845D366CDAE3A,760,42,1404924231556,1404924478585,1412120576524
48C92973E651A119DFA58DAAEB9EF849E3367E7C,680,7,1405983908940,1405983914976,1412120576524
48CA8D53006D787ECCC4E9152E0FA85FE36061CD,2000,26,1405481224321,1405501071816,1412120576524
48D58E807FB36D47F97DA34235B9FABA6B7C4A7C,400,1,1405898876080,1405898876080,1412120576524
48D738E74C4E4A2E8FE5730805E4039FF8F7B76A,5000,8,1405340846425,1408279289302,1412120576524
48DB36BAA7AF43B3CC3ECA1345EF7BFF24F167F1,5000,5,1405412493149,1406081290671,1412120576524
48E1F5563A832A692C975A6E3BD870E428D6FA59,2000,21,1405476554563,1405477523189,1412120576524
48E2AD410903848C9B8DF0F648D8C84597F96B4E,15000,36,1405400553608,1405791317245,1412120576524
48E88D7AF02222CCCB19B90414021A50600C4610,20000,104,1406514308717,1406896846172,1412120576524
48F2D9D730D2F2A4FD7A5469D7BBE9610E74A110,400,1,1405540463200,1405540463200,1412120576524
48F38041F2CBF873EF62ECBC826D50B8502A89FF,400,3,1405011522116,1405011522116,1412120576524
4904B1794CB727CBC36C68F1CE164DAF085F29C2,5000,21,1406169934531,1407294620731,1412120576524
4910C9A6CA47865B4EA3794A842E2D2A7DD3514F,760,21,1405183440046,1405183933526,1412120576524
49188CAF0ABD64143E9F740379D8AA9AE4887824,400,1,1406332112661,1406332112661,1412120576524
4922170F9169D5064B2123CE25FA82FB78A76C9E,608,24,1404890197548,1404890826462,1412120576524
492B054ED9E22474E8F2CC447864436DA17EF50C,680,11,1405464780826,1405466842820,1412120576524
493937029E8571B359F89308828EC43B173ADCAA,5000,58,1405317952513,1405401300156,1412120576524
493A43B7911A82F9BCD1EF9C62FADBDD85E101E0,440,7,1404512197691,1404512252189,1412120576524
49416017BCA667D6CD0AE540C3EC765FCB59D012,15000,59,1405329660884,1405432775953,1412120576524
494D6CE8FAFC3BCB1032DE3FE264E27092B78F52,760,13,1405475308441,1405601994803,1412120576524
495D25C8A4AB1EC65082D377500E9A6414B7279B,15000,68,1404920228154,1405877341747,1412120576524
4962414645EE4ABE7FF6BFED1DDF552ACA953119,760,19,1406752662427,1406752871169,1412120576524
49629665A0BB050DF4895197456413902B5D76B5,488,8,1405065700562,1405065718477,1412120576524
497F40808D8898A49974E7613A1A7023D0CB425C,2000,74,1405659787559,1406298923228,1412120576524
49873F27E17D0436E39A1DEBB6CED7E797350F0D,400,1,1404955754914,1404955754914,1412120576524
498998847ED270BC65F6CEC0F9526CDB3D5B15B7,400,2,1405626446100,1405626478122,1412120576524
49948D96016AE71C29A6E971C92B64A32BDE01E1,2000,50,1405907349396,1406052369234,1412120576524
499996917175A06477DD3BF79A0AD2EAAC36F754,608,3,1405491681302,1405491687762,1412120576524
499CDF112C176601A0D5B9B47DD30E29C1156562,760,33,1404588249607,1405617431606,1412120576524
49AAE41286DCBF0F4DB4E83056D007024DA891D8,15000,97,1405344646249,1409508349388,1412120576524
49ABD4729383C23D00933FE6B71904EE1C77E904,15000,89,1405902381126,1406333691955,1412120576524
49C08172B4DCEFFD083C4E5FD47310BE16F6B90E,488,10,1405562134204,1405562284496,1412120576524
49CC66C159E3AAF5D86737B92F01ED2A61EB3EB0,488,5,1405343354718,1405343412933,1412120576524
49D0D688FED473490C3FC54F0AA12F7C23B54658,400,1,1406371744886,1406371744886,1412120576524
49D354C453F462524B930B162875A60A5F55BC14,440,4,1406055377405,1406055475643,1412120576524
49D566D66C6E445B831897C737297F6BBDFF8208,608,13,1405517099569,1405518181279,1412120576524
49D7C6FD1F6888B63696B20DC1D240AED074A773,2000,47,1406214126376,1411800666244,1412120576524
49D7F207465CD2036B1CA987B7E2FA35D5959F1F,488,9,1405630894598,1405631077448,1412120576524
49E15E7E9DEAE354FA00E14ABF0880722C0AEEB1,488,5,1405311059166,1405311059166,1412120576524
49EC9BA8EFFEF3D374BA3B7A44CFF105AAB73A6C,400,1,1404887672166,1404887672166,1412120576524
49FE10E9AF7393F09D42B7E42FFA294A635EB987,608,11,1404956864384,1404957038704,1412120576524
4A02EEF11529814005F779CE43B1B746F7118360,608,7,1406233217063,1406233238095,1412120576524
4A0A87A2584C1C4FE4A837C1C52D83ECAF9B5643,440,2,1407740914552,1407740914552,1412120576524
4A0BAC9DB1B266E585977CED49EE29B79A74F18E,400,1,1406145382373,1406145382373,1412120576524
4A114D698FAE47CD8E0CD4BE94E2BF3486FF2173,400,4,1405492067671,1406134382040,1412120576524
4A1520E6063357DAB861D86EC772762731AC47AA,544,11,1405433900542,1405435455073,1412120576524
4A1AD02286DB6199540A587B9E348A83FFFAA655,400,1,1406924045894,1406924045894,1412120576524
4A1B04DCACF38DC92414E9F7854719A9B0D12DDB,5000,4,1405474177311,1405525187842,1412120576524
4A1F41F728F2DAFCB912812664B27631DEAA1EFD,488,3,1405183270658,1405183270658,1412120576524
4A2C42E4C11A21C156395F85E2D5A7194C473441,5000,10,1405223243693,1405223582706,1412120576524
4A2D7BAAAC5EE4DC41BDA1D3D5528F3A7E039F90,400,1,1405702898865,1405702898865,1412120576524
4A454026D7F3F3C8F213E5B8BE2F423F339B199C,608,11,1405383085265,1405383232916,1412120576524
4A4911898A4D533876E5E11EAFFA24E3495E7BDE,544,16,1405522528928,1405547286559,1412120576524
4A5CFE382D41F002331F635CBFA478B04C7FAC87,2000,40,1406515707725,1406568670743,1412120576524
4A63697A3DAEB2B708E8CB7EC8D01BCB13EE08BE,400,1,1405441517108,1405441517108,1412120576524
4A6895C6DD8D1B0DB50E68827F012ADC2A8F0FFA,8000,31,1405277043348,1405312698498,1412120576524
4A6BAFEC5616902E5798B82D795B0EF149DF7A0B,5000,74,1405390870148,1407695005332,1412120576524
4A6BE33BED95C2B5214ECBB7F89F46999F4CF4A6,2000,37,1405044233241,1409338069557,1412120576524
4A6CD74CA496BA16D23EA550888F7B582E41AE22,544,5,1407591197656,1407591287918,1412120576524
4A6CE974E68491BEA08D43451FC6F1BF9A6DCD50,20000,71,1405315935302,1405568770533,1412120576524
4A6F79DDDA987EC02F8989FD65E30FB2E60215FA,400,5,1404503791564,1404503791564,1412120576524
4A83174FF90F06F959E3E63AE18272AB0F50D08E,488,8,1405886754258,1405886777227,1412120576524
4A862CAA85352562FB882EF76F0899F83C1A11AD,400,1,1406322102632,1406322102632,1412120576524
4A8C12A93CFBFA1767068E04764E772CB68F2BF4,608,12,1405486985106,1405488200906,1412120576524
4A8DA5D53745CED5CD0E5D26567409BE130647E0,5000,21,1405146847276,1405555303526,1412120576524
4A90659C524AB86D0AB5124CED38A3957B89A7C7,760,29,1405639879948,1405641734515,1412120576524
4A9EF1D67A49C2573B6C5666F8967EC1F09D9AE9,440,7,1404946759820,1404946785957,1412120576524
4AB24D32616656BC10B3261BF09C61A135C69C36,400,2,1405558809311,1405558939154,1412120576524
4AB512084A4AB63D08A6FD04C06AAEEEA5CFAF6F,400,1,1404343935328,1404343935328,1412120576524
4AB5E27981A509FBC905EB1DDCADC42ED390BD63,400,1,1405798963986,1405798963986,1412120576524
4AB7861906B19E9564579E014C2F5EBE7006DECB,2000,26,1405979105293,1406029851253,1412120576524
4AC180F9697BBB563120543FBE96EA3AE058B097,544,8,1405368707315,1405368714168,1412120576524
4AC4481270C0046F6860043F7B4EB3C6F533B530,2000,22,1406073884032,1406080587127,1412120576524
4AC5CF1B94C9EC6F77BB253453EEB458D2AA4DBB,400,2,1405285947879,1405286359995,1412120576524
4AC6DB3EA79994C6E93EB9B239411E6A9265857F,2000,56,1405071892302,1409273308890,1412120576524
4ACBACE68C2B5863CB96570F4F9E8CB1EBF6718B,2000,23,1405475025471,1405476223695,1412120576524
4ACC1EEDD9D4C8B9560C1F60CC22F8A622B559DA,5000,7,1406079170383,1406080344907,1412120576524
4AD23A1BD126C48B899ED181885FA7BC98A469B3,400,1,1406416294445,1406416294445,1412120576524
4ADB9C68282CAA5C15CAB67F19D482E81E5008F8,680,16,1406656190543,1407026590181,1412120576524
4ADC15DBCF3F8F801910761BC2DAEA0793FD8C0D,400,3,1404351911097,1404366092821,1412120576524
4ADD53C5D632A34581F1B800EA4671CF769D360D,400,3,1405279138054,1405279530026,1412120576524
4AE7556B1F4BF5027D93A1679D7927D4302E8F99,400,4,1406411159909,1407089381395,1412120576524
4AED9F18E1353B8AF7D54248C39CE76B389E9D5F,2000,2,1405440850134,1406564110148,1412120576524
4AF6982A247930D88DD27D3116CD46E81AB0DA8D,440,3,1405305079434,1405305180183,1412120576524
4AF7B87F1EB7AE5D47B274F0068A4DD489F32D2A,5000,11,1405736104695,1406358392655,1412120576524
4AFC4624E9C2BA2D44095330C34D66FDB20DF76D,5000,3,1405796739320,1405796914115,1412120576524
4B06F19397CB3D4D218C0691D4537A4D2D9EB862,400,1,1406095896111,1406095896111,1412120576524
4B0872E39EAFD8145E74BF348A735AA33D7CF606,680,13,1405557018778,1405616222542,1412120576524
4B0DEA9870FFBD95C373308A6CB80A5473419FE5,544,14,1405352666694,1405352960565,1412120576524
4B0E92449C6707DB01E00B41F76DC1B77D5DCA5A,2000,63,1405393671888,1406513139024,1412120576524
4B1A526C845B38913423758D3CAD4C1CE6861A24,5000,10,1405735974703,1405736509372,1412120576524
4B1BADE6586EA4EC660E371D4D0128CC06F4F7A2,680,12,1405637860303,1405638189143,1412120576524
4B1BEF86DAAF205F9DDE05020131AA2D6E02FABB,400,1,1404862799139,1404862799139,1412120576524
4B228F09FA315245F8BE44FB9AA2DBCBA85C6508,760,22,1405044829985,1405045802330,1412120576524
4B2498BC3FAFBCBA70CA46D8D725C9EA0B1500E9,680,19,1405473183294,1405473868085,1412120576524
4B29A5716B19E0E019AEB91376BE18EC73F351BC,440,6,1404872280022,1404872295054,1412120576524
4B3245B0C61B0AA25338D2C5B87DF7C44C1249E5,2000,70,1405065980625,1405660448343,1412120576524
4B3B0BA8AC53325D1E0A41E4E90675F2177322AE,400,1,1405068556583,1405068556583,1412120576524
4B3B47498D581690B468DE691A06D1CC73415C49,2000,22,1405525705712,1405526301695,1412120576524
4B3DE7AC55D496311E72F4655A5F065202230F84,680,7,1406442740944,1406486776135,1412120576524
4B4590102D53B0126E8FC39A2D588AD98994FD8A,15000,71,1405117678977,1408039109727,1412120576524
4B459B13D54A123A7BF1CCCC21BFE8BC55BCB3A2,20000,97,1405427433597,1406672286755,1412120576524
4B468D91222E160493687C637520A47BBA1BF361,440,2,1405648280531,1405648280531,1412120576524
4B468DF3962D71C3BFFC64A77C286CADD007E73D,400,1,1405276028999,1405276028999,1412120576524
4B5371B9EDE2F60F2C741E810D02100B389CFD0A,760,9,1404794083842,1404794205102,1412120576524
4B5D601CED54C8C1B04F781A4B8E620A7D8C9184,488,8,1405136907252,1405136917570,1412120576524
4B614319C1FDE8E31A825DB18B9C52F60DB09DD8,680,15,1406311169309,1406313227924,1412120576524
4B6326C4D7DD77D5FBF68A44F38CB66FAB9FEAE5,440,4,1405949095681,1405949095681,1412120576524
4B64349A5F8F1E0F81670B064DFED44F05975C8E,680,17,1405770828457,1405938445431,1412120576524
4B6D8E6F1560BB55216026CD8D521B2F99925FDF,680,16,1405002459253,1405891037807,1412120576524
4B76F4A51319963FF05CD2612D8460084A387F51,9500,149,1406053916419,1406518461266,1412120576524
4B7CE15A0096BEBF6A569F479DB1A08B3E72DF7B,760,13,1405196182057,1405196687024,1412120576524
4B81A69F4478F581D2D5962359C421C4470E71DE,440,2,1405970686613,1405970686613,1412120576524
4B867A6F0B5AF74E8832D44EB9F9271072EC10F9,760,34,1404960639417,1407041541301,1412120576524
4B92A84146BE871A243BEA7E547854DC5AE09548,760,12,1405030514954,1405030692976,1412120576524
4B97F865CA3E3C639F55AFB5AD645B0D7B676091,440,6,1405283414050,1405283636361,1412120576524
4B985EC4EE288984471AB5ED0F541F03698FE5F9,608,9,1405427408563,1405766685238,1412120576524
4BB3C15F5F9452636F185D6CE1B0E8636DD66D77,680,16,1405630012874,1405630344377,1412120576524
4BB4291043313A5302FC93D6F92A4C9954D68F85,488,10,1405558143738,1405558233457,1412120576524
4BB644F9D94C572BD8398E1CB0AE7EC4B1421CAD,5000,7,1406567318923,1406902552129,1412120576524
4BB8AEBAF001FE1244EC792F98D643C66DD06662,2000,37,1405706715074,1405812169179,1412120576524
4BBF7D1610C59F944A2F640489D254EB3C17E29B,2000,49,1405904616690,1406266023236,1412120576524
4BC20FB5139DFE474B700669140EF00C69779DA0,15000,72,1405468183562,1406429575922,1412120576524
4BCCF1C546F0153733684FABC9D677300119B560,608,13,1405376293553,1405376869939,1412120576524
4BD07D17F04F776D2BF92C71A28CF68F013936B0,2000,19,1405474516750,1405475395601,1412120576524
4BD74C1AA066DACF0E58B7E3AF3F79BB517AEFBF,8000,14,1405035727904,1405371047495,1412120576524
4BDADC77A885C7DC41B646C7DF5F951B0D49B734,400,1,1405147264483,1405147264483,1412120576524
4BF0DAC57E59CDDD8943DD4D926401C1755A3352,400,1,1404969152118,1404969152118,1412120576524
4BF1140E64B6A4E0723D777DAB0D4B6F6CE53DAE,680,16,1405090678776,1405091254783,1412120576524
4BFB69682B92B5E57EE6551F3A8230DD497D511F,400,1,1406854363612,1406854363612,1412120576524
4BFFD69714A350CEA847FC0E1A48FE26173FDE60,5000,44,1405556449293,1405646831141,1412120576524
4C080F70FB8E92CE47FED83350351EC4D20B78D0,608,8,1406652312506,1406652511640,1412120576524
4C080F72120D816F4667C805A3F2ADC5ECCCE2EC,5000,49,1405586062250,1405829725570,1412120576524
4C083EE0B15AD845828E1B62A76784B5640AF1A8,5000,26,1406575764544,1406577249513,1412120576524
4C0D80C8923672BC9E871476E46508492F30F3A2,2000,73,1405875996064,1409250141689,1412120576524
4C203A5B743485D160A684489DD38D1ECC784B76,5000,46,1405975290262,1407640994100,1412120576524
4C2454F10012487B140A4B6FCF5A9F10B42D8D87,760,16,1405386961880,1405387655588,1412120576524
4C257D290A136811CC18B75BEED1E2EA5EDCBF24,15000,95,1406402666723,1406761815376,1412120576524
4C25E6546809B99F1F430788C835C389B75EDFF2,5000,7,1404643993921,1405241827043,1412120576524
4C2F1697586C5407E48BF6F6F956E7B4DEACF272,400,1,1405346080336,1405346080336,1412120576524
4C331B54DA6355D21ECC767774F8A521D4DCE1FF,400,1,1406600118512,1406600118512,1412120576524
4C3810DC5B38149AF2348EA44E4AF3DF255DF3CB,400,4,1406400136914,1406430305470,1412120576524
4C386431EF9DAB523AE8DEB180D880F6F4EC19BF,15000,32,1406230742232,1406427475114,1412120576524
4C397ED4760B98A12F1314A893AD9214314A82C1,544,4,1405519603145,1405519620773,1412120576524
4C42371325BB76DDFF1E38EA5AA63D384E79C435,2000,61,1405062284852,1405189280969,1412120576524
4C55386DF0BE71AD12006EC943E108CCB0C2FACE,5000,59,1405218130654,1405526938357,1412120576524
4C5B0B7EFAEA43ADB50598A35150734CA3659241,5000,3,1405501267691,1405501482605,1412120576524
4C5C99E978CC30A429A9E25CCD3C777678DB0936,488,11,1404877817307,1404878077616,1412120576524
4C6347EC36C9C77824E87E41620C13EBB73B9DB9,400,3,1405094278287,1405094937711,1412120576524
4C67F74E0DC54342E82041E8B3065D6D2AA779E3,440,8,1406429923203,1406429948002,1412120576524
4C7077802268222A16A4DAFB1ED4B59AC9D47E68,488,9,1405303036316,1405338955729,1412120576524
4C79F7392D5F0F954322CBCA34EF620EB99DA4C9,2000,23,1405222827195,1405264406382,1412120576524
4C7C2F605465157A04534FFAE93F115A2CDDEA9D,400,1,1405502936583,1405502936583,1412120576524
4C7DB9D796468358392BE6D7F5071BFC051B00B2,400,1,1405597145628,1405597145628,1412120576524
4C7FB9234E637BFCE384BA33C31A740593EFC220,760,34,1404909490394,1404910761756,1412120576524
4C8BC6A7DAF3FF375B024E923FC44D48F421A3A0,608,13,1406667855534,1406668272262,1412120576524
4C9383F77435E1332D58A01C57C6E6B39384EA6F,400,1,1405443079134,1405443079134,1412120576524
4C9674FFCD76193F126DEF9705F402612D2AD36C,400,1,1406429597956,1406429597956,1412120576524
4CA2EF33A61B8F8A3537B037FBDF62B88F642818,400,1,1405443962959,1405443962959,1412120576524
4CAE97FE877BA2D6B2BAF67FB0014C3BB0D503D1,15000,73,1405050683607,1405340245212,1412120576524
4CB95E5CCB59D53A0C40C14218FE2A1E90CB8BEB,400,1,1404353552852,1404353552852,1412120576524
4CBF58D9EC19FB290536CB4C628533FD2688A047,2000,27,1405453004935,1406042223866,1412120576524
4CC237AD135BF30536EB7A222A17DA655D793363,15000,61,1404956770032,1405091198913,1412120576524
4CD9A831B2E8CB6E921DE347701AC16D34344DDE,2000,35,1405044295867,1405475046186,1412120576524
4CDB484CB403E39B735A0ABEC59732FC7EC035B0,760,8,1404935954984,1405383952915,1412120576524
4CE57CB9D40ADC9AFD505CC7479FD3F29A856FA3,544,18,1406410415920,1406420063755,1412120576524
4CECE3F0FBC33846EE2A3CB08894A60FCCF6CDAD,5000,9,1406648347839,1406648754115,1412120576524
4CEE5DBF2628FE1F832D656765EF2D519C1D0D7B,544,4,1405499160515,1405499160515,1412120576524
4CFAD6C4CDA49F55386D2832F9E5ECF27E8241A0,760,27,1405175530824,1405177589343,1412120576524
4D072CDF43D3A83946F2E3FA64DFB87903E69EF9,760,11,1404931658369,1404931691676,1412120576524
4D148B0CC249C160D0350C6B633C888DB789A12A,15000,56,1404941682254,1406265096876,1412120576524
4D2359DC200C193240DB94DF75101BD6931CCEDB,2000,62,1405219286168,1405487420987,1412120576524
4D2DED70ED69797D42AD629193C81CB747436E3C,760,12,1405489019874,1405599362504,1412120576524
4D309A08E0037D20B39EDEE5993C4FBF19380682,5000,27,1404991842992,1408021057679,1412120576524
4D30B5B218711DFDB97F2F3056696BB8B80E86B1,544,7,1404621635028,1404833310588,1412120576524
4D361A00F4FCCEF9F7A1DD11C8FCF38BDE80A758,488,11,1406415864699,1406415905891,1412120576524
4D3DFC73D676C6D973C6F434D841DDABD65CAE00,2000,26,1405769966150,1405857352220,1412120576524
4D462358C9DEE90E8AB4E47F050A1801BA201BE9,760,12,1405771699148,1405771925004,1412120576524
4D4E2A25803F179CC5C74893B2F1CDF1A9F3962F,440,6,1406488819969,1406488836400,1412120576524
4D515B663533F53B703922F37DFC5DFB5924C7CF,488,10,1405443911410,1405444025458,1412120576524
4D6228C9380658455848EDCC773224C6FF4D544C,2000,32,1404952150841,1404961074012,1412120576524
4D76358F920EA4D1ACB335385EE8941EDF9033FC,760,12,1406345877259,1411651551863,1412120576524
4D7DE26362C082951ED70FD9EF28D98D3A4E2B88,680,15,1405317630409,1405317783423,1412120576524
4D833E6F970BB021512258840191D3A3029E5337,2000,37,1405713567062,1405715717151,1412120576524
4D85EDA8C0F592C3A83DFD53B3558B7D01BE4ECA,2000,38,1405463021123,1405658003100,1412120576524
4D88B533E18FA41DCE51D20CAEE64211613D82F2,5000,12,1406199116739,1406302474562,1412120576524
4D88C11CAEAC132B144C0BDE81A08349DDFB3C39,760,9,1406151085357,1406151114968,1412120576524
4D89837496F82D12C8D78CEDE7BF7417DA8C7E94,680,22,1405558864730,1406338936759,1412120576524
4D8EF6A311412C0D064420FC2D04E8DE7DBB7C9C,760,32,1405435510002,1405516840293,1412120576524
4D9396428C05D2E86A8DF86671354241E5505D43,400,1,1405821136659,1405821136659,1412120576524
4D98C47AFCF1001EA60D4C73D03440BE12B78410,400,1,1405231020521,1405231020521,1412120576524
4D9990CE16C4CC807579500DB49DA2EFEDA07058,760,14,1404272746632,1404314663785,1412120576524
4D9A3ECF4867CE63C38CCF2AFE440821D4D94882,5000,9,1406377664171,1406377992335,1412120576524
4D9D29C5D9FCD761A88D9EC8FF332C0A8C27D12B,440,12,1405785892460,1406227574634,1412120576524
4DA7338ADD585721933C2B0E3CC299BB510B31D6,760,8,1406631533920,1406631540281,1412120576524
4DAC0FDCDBE083C5211026AAEE5DAF81646A1C6F,488,10,1406359893569,1406728948283,1412120576524
4DB45FCA3995DDE274ADE66BE52B9B7179B02C53,488,12,1405589013318,1405589259332,1412120576524
4DC95ED6F154D63ECB91B6D50DD731092453351F,2000,45,1405754306059,1406752906636,1412120576524
4DCBC9CF7F3123B0CD5EAAA1CA8B91E376AFEC13,5000,77,1405389256929,1407471250852,1412120576524
4DD1931327898EE34721C483846539796C904E5D,400,1,1404398407632,1404398407632,1412120576524
4DDC28F083EDFD6D67185ECC7DDC792A2AC1A03D,20000,26,1405300098939,1406915764154,1412120576524
4DDF9C406F120A383A934F67BEF5F0AE4F690B75,760,13,1406302302111,1406302489595,1412120576524
4DF3382158FCF01B165ABF06BF01DB7E5118E73E,2000,3,1405482618533,1405527412875,1412120576524
4DF4498ACD363ADB4E008DDABDBAA6CB89839661,440,9,1406495034278,1406495123131,1412120576524
4DFB115AC6142C09E9AEDF2F519AB191FBF8E0C0,2000,42,1405219443510,1405303997832,1412120576524
4E023779A007BA01EA8AC9819D9EC151005F28EA,5000,23,1405388809297,1407592417844,1412120576524
4E06BA3A8E500993D65C3CF398D9C525EEEB5F62,5000,17,1405964240950,1405979245368,1412120576524
4E0D0B02260FB4A01DF0D4B90315E1BF55483B63,5000,42,1405497084814,1408736672490,1412120576524
4E1D720CFB35FDF47C33121083C2729FC30F6BC6,544,7,1405143899902,1405143906594,1412120576524
4E20C5D29CA32217D93A2CF318E9E38ADE1DC7BE,760,20,1405374030378,1405374392277,1412120576524
4E24F77C741803C332A918094B66D246E24A70A9,400,1,1406046522401,1406046522401,1412120576524
4E25D2C725911B06F43EC90FB02AE1F99AC6583D,5000,23,1405397841443,1405567359532,1412120576524
4E2F278F8106063CD5BD54B2D33382528A7983BF,760,9,1405320604455,1405320622988,1412120576524
4E361FB2B7F58037CE2427CBAB4921C26B8FB8D6,2000,26,1405477269106,1405510798493,1412120576524
4E4D903DD05E988AD538ED8D6442F0301E5C0B2D,760,22,1405031859674,1405032197671,1412120576524
4E579EB4660CCB86F53F716A2C8D2E859A78F139,400,2,1405809452649,1405809559595,1412120576524
4E5C46A001525F637457E80B93FE0F2185AD26FC,5000,17,1405046322315,1405124743239,1412120576524
4E646DA4D269B6865CBF6F8C8D40194C26F7BAF2,400,1,1407457015741,1407457015741,1412120576524
4E6C9FE1BED4A558388D33DCF74DDD7D2B671635,760,9,1405892486417,1405892819144,1412120576524
4E6D3598E836FE81D226F3716103F3C4BB6C38F0,5000,20,1406278167041,1406429043069,1412120576524
4E6DAC6ACCE97C2CFD40A19C144A128A8930202B,20000,122,1404779933184,1405283348309,1412120576524
4E76D5A71A5FD364DA3963047FD25FFA8DDE763D,2000,21,1405480693836,1410228849517,1412120576524
4E76F2DEF471C42C2097A171B81E77F4D3DD2533,440,3,1405472380423,1405472386106,1412120576524
4E81553AD45A2A77D47DB0889265CE3FA3E44EF0,15000,45,1404939556343,1405398415353,1412120576524
4E8201176D7C3061EE86E335E65F7434BD42694F,15000,70,1405099510143,1407200471163,1412120576524
4E847A00E6461073111C22C433F18D10746DC683,5000,3,1407122959733,1409774082014,1412120576524
4E928078DB0BAAA1FCE4752B79A33AFFC0A63922,608,9,1406528576504,1406528578585,1412120576524
4E9328C979B6626E3430C2A4E1EA6301579172C7,15000,30,1406700677947,1406820610431,1412120576524
4E9743A141DFB918317208741D1DC2403C8829DB,680,15,1405973105441,1405973414044,1412120576524
4E9C458A1CC599298F2C712FC73C5EA808307C20,544,11,1405633612537,1405633767269,1412120576524
4E9D99645F02B14B7EA0F08977C0E47C30D6FF42,20000,91,1405553052875,1406517738838,1412120576524
4EA6C263C73DDE23D16D4219ECC6052A5B452749,544,16,1405893214507,1405893909860,1412120576524
4EA739865F2B47A23E4972D26594131A9355AFE9,2000,41,1405727687132,1405816112765,1412120576524
4EA8BB8DCF363B1B3A473862F38C13156016A018,608,18,1406357821692,1407007711801,1412120576524
4EB9D010EE53E4BEF55D44738678352C2145941F,608,19,1404864822522,1404875889230,1412120576524
4EBC0A25C1BA00BC09A57382F769550738397ACC,2000,31,1404984066377,1405483920966,1412120576524
4EBDE8F9A6A5D5A29D64B0FEE7CFF65F53CAE316,2000,21,1405475042759,1405794620335,1412120576524
4EBE6C52CC5D36B3FDD4AB5D15A280D486C9C192,2000,61,1406007942028,1406157345586,1412120576524
4EC84D8C80E027EFD587B1A268E104AEA369F330,2000,11,1405781547222,1406508265988,1412120576524
4EC8FD8DDBDC9EA60F15D3689F72A303A7783E88,608,13,1405815650304,1405815838927,1412120576524
4ED201FE2F852FE2C6E0AF4631C70F15BBD4B52D,5000,4,1404956792048,1404957239444,1412120576524
4EF6DA815FC6A7EDF099548CBF65AE958B57568C,5000,44,1405040989869,1405711034644,1412120576524
4EF751914A0849D2E45CD105640248CA21CAE657,440,8,1405016992676,1405017008637,1412120576524
4EFDCA7C51A9AB0FAABECA98F22BE1CCF8EC673E,8000,46,1405107423094,1405386005698,1412120576524
4F01DE01CAD629574257928764EA21EA4A45D57D,680,10,1404865445955,1404865664469,1412120576524
4F15AA7D08F55FB1BAA0370166E81CCC4AAA1966,760,9,1404950685344,1404950805179,1412120576524
4F1AAA417307CE48FAA59F84E2A96C188E8CF0B6,5000,55,1404945406784,1404956737052,1412120576524
4F1EC3A0E3483522AAB68D3B444B00B3A4884B76,5000,6,1405361367378,1405644450723,1412120576524
4F1FEEE1B15F55D41E439F9E2AC52F8D393EC35D,20000,5,1405569861620,1405632486888,1412120576524
4F2466E76FDC10E669ED006FA0D231784C0F5D44,5000,13,1404949975622,1404950826183,1412120576524
4F2C1C52FBB9953295636D1D94288892CD356D1C,2000,8,1405045589463,1405122128912,1412120576524
4F2FF345838F8D2D9AFDF086E1E44DE01ABF742A,2000,40,1405329925606,1405380740125,1412120576524
4F31B944624FBA0CC1FB0ED7CA95F3F65ACD42D8,760,37,1405882400089,1405882536593,1412120576524
4F34B46A3A76CC9E8E97A8C44AEC5E4F02137092,400,1,1405657670424,1405657670424,1412120576524
4F38C0638423191E71AEB50A9DD33EA7EEE972CE,760,19,1405322334567,1405379682842,1412120576524
4F40F2270D14DC7879A52C6CB617396084A36FB7,5000,46,1405579623117,1405702216153,1412120576524
4F4ABF144609E5E88F0218512CD7CAB0D179F9EC,760,15,1405556638717,1405557266519,1412120576524
4F4C78B4EB85F3E86282FAC1447CF8BD9EE388C3,5000,16,1406704086614,1406756707231,1412120576524
4F57A79E2889A025587DD1D4978916C4CBEF1C51,20000,29,1405932496440,1405935231693,1412120576524
4F615074F122EF8CF879608BEA5DAB8B314CFB6B,400,1,1405542350919,1405542350919,1412120576524
4F7071B9EF0F2A03586B1DEEB0233A3188DDF83F,15000,59,1405395771616,1407356120016,1412120576524
4F70CE594E1CE70C6EB59D628D8DDF7CEBC8022E,400,1,1405567343673,1405567343673,1412120576524
4F71422D99F10BD59AD31482EA11A3449DD86747,400,1,1404956254318,1404956254318,1412120576524
4F79A737E62F277BEAC5F0132D7CF5C420A6AE74,440,2,1405052594283,1405052594283,1412120576524
4F7A0241FDD55692D4543F0C691A685977DB2306,400,1,1405711674177,1405711674177,1412120576524
4F878D5F4C8B623060713F3A594F4F0738886BBD,760,7,1410064544073,1410064828211,1412120576524
4F97B32151D24F5D10E796A1497409A99813ED94,5000,27,1405568807857,1405833893706,1412120576524
4F99A94AAE2D3B05E3B20CB9CC5ADC669E5B3ED4,5000,34,1407570663937,1408611590609,1412120576524
4FAE891CA3133E20DABA7A4E89426BA093A9E82F,5000,32,1405476444857,1410223340611,1412120576524
4FAF1805755D3BF1E0A4E6AAD6D8B163BD8616B1,2000,55,1405558203520,1405971798348,1412120576524
4FB0647B0E00FD8F04EAC7192E2A8E2E51E888A1,2000,2,1405706130690,1405710152596,1412120576524
4FB2A596F629283AEA2741EE400B8809DB7436B8,400,1,1406269356830,1406269356830,1412120576524
4FB486A030A1E751CC248D53212FBDB5E3CA5C6C,400,1,1405486522405,1405486522405,1412120576524
4FB97184A034B3E995D3337F3888C6BE1551A2B7,760,34,1405323038928,1405467068968,1412120576524
4FBB221200A50E6702D54D71AA31194A70A02C12,760,16,1405219442105,1405219702642,1412120576524
4FD11CA530D714E93D7F815D36E04D2D9A702D77,400,2,1404619975911,1404620110758,1412120576524
4FD80DB4199986FBC62AD81A33FD366ACAFD1BC5,15000,31,1405957870688,1405962467724,1412120576524
4FE15BBF42E5284F20292AEBB7C7B98CB8FA24D7,488,15,1405831305051,1405831987457,1412120576524
4FE757A3EED38A10AC2C2091EEB7CACF0724AB21,2000,5,1405516163047,1408974729383,1412120576524
4FEC8D98C1F02AD08D7A8904BC4C83BF7236F20E,488,9,1405209940107,1405210257318,1412120576524
4FF42ADD06BB69DC721EDAF1AEA595A681F6A918,544,16,1406064157931,1406064924219,1412120576524
4FF5072F916880FA3C4AE947EE2A82894156AA35,488,14,1406008615846,1406009003034,1412120576524
4FF692BD0CF4E52261DC42C300BED30C97773551,544,9,1405404922898,1405405132116,1412120576524
4FFEE7C36EFD90A4AC0ABE3B5EA8272A018F0F80,400,1,1405651966497,1405651966497,1412120576524
5001E5DF0A551EEF8C7F46151EAD7A2E57376E93,400,1,1405044412283,1405044412283,1412120576524
5006AC1B165F71859DCAF71A3C743E60A3F03167,2000,2,1406584426491,1406734241253,1412120576524
50077CB22315AA2D877699F207B4F62D74DB12CD,400,1,1405330233628,1405330233628,1412120576524
500A180589B8C902357EEA0C8CBFC911937EAA04,488,7,1405882434275,1405882509755,1412120576524
500E70DE454768A35B97B5BAE8039E2C08F4A78A,400,4,1405993058371,1405993500903,1412120576524
50100A29AC49CFC020FAE7676EDD727321009BE9,760,35,1405215662444,1405217458640,1412120576524
5015179225414B2326B60F8EAA63AD6D69810BD7,760,8,1405698189433,1405698383974,1412120576524
5015629142CE36F779641B4F063FAF5E3EC0816E,760,7,1405051552194,1405051562129,1412120576524
501F4D8449B307E8009335766AB2C6108566B5E0,400,3,1405919848635,1405919914580,1412120576524
502329C3E118DA09EBFBA9B195F436CD6052EC2B,5000,9,1405171813328,1405349541653,1412120576524
50266003E49C6C609ABF3C55994CE2D286207778,608,5,1405410073421,1405410073421,1412120576524
5027BB5ED7AEBAC56A2A7484395CC7ADAF12CE01,760,20,1405832339523,1407424261634,1412120576524
502ECE1149A735F9120B4C94F49ADA7F4247A770,488,9,1405402905291,1405703401472,1412120576524
50362B3BC88F37EE498B4A7518FF3224ECC40486,400,1,1405420206096,1405420206096,1412120576524
5049F7C27ADE56732789107514BF2F39979DA6C0,680,7,1405622726656,1405622742391,1412120576524
504AF2A9E61AD4962BC1602F4FBED01B86F9BFAC,2000,56,1404955639500,1405194891771,1412120576524
505B3D4A5880AFA3E31B69978E6964AACFA2D180,440,9,1404976471918,1406876415961,1412120576524
505E5BAADB64B2EBE65D6768609878130E8B22FF,15000,75,1405314454520,1410060998052,1412120576524
506498EED1E3972846BD95578EF5882B91E1E0E0,400,2,1405080163037,1405080261110,1412120576524
506C84DF4745C05111039024430A7D08227797DA,5000,24,1405433933199,1405434696916,1412120576524
506F5CE99CB133110059DEEE1888FC0375C309D2,2000,40,1405388672387,1405967421723,1412120576524
50716EE765645B8CA005983FCD22E14C2C253416,400,1,1406648655747,1406648655747,1412120576524
507CF7B6C8AC2CC86DD6309AF015449998A6F863,400,2,1405735968102,1405739560697,1412120576524
5086751F7F8858C1684B708E29EEC5326D217359,5000,45,1404872806784,1405105193240,1412120576524
5087E7484EDE9CC3FE29339B3D8112C15122A58C,20000,28,1405654103745,1405921897698,1412120576524
508C9CB126D07EB9BED1A482F94729D970549F43,5000,21,1405208704995,1405209924710,1412120576524
5090D92978483C175C4EC87F0BAA229B6EE9C217,400,1,1404882440991,1404882440991,1412120576524
5094ED905345359BF3BA948B041C92E91BB36210,400,1,1406719333844,1406719333844,1412120576524
5096C72BDEBBEB64B1FDB5D61CAFD193B7D299E1,5000,25,1406353405292,1406509626952,1412120576524
509C184FC3440FA1EA797642B3B74B3542F93554,2000,15,1404962276221,1405044778979,1412120576524
50A977BEFE727D04204FE9338FBD2A9E712361E6,2000,22,1406603284260,1406604824876,1412120576524
50AC766A8AC846CDB614ADDEAD481802D471DC50,680,7,1405314816057,1405314883863,1412120576524
50B050FF78F93B56ABE724F0DAAA3FA08FE2DA3D,608,11,1404909833075,1404944654127,1412120576524
50B0BC2BF05EED5F7A979DC88B56780BFE25C6EE,760,9,1406221818985,1406222116741,1412120576524
50B3E07CBA3E3AB0231E31743B3490EEE0B0BA88,400,1,1405211155066,1405211155066,1412120576524
50BB1E9EF1EF4EC2AEA61F4C862571608DB6503F,400,1,1405942448439,1405942448439,1412120576524
50C3EB2058F4D5896F6D97EE4026F445B71D12DF,400,1,1406254655768,1406254655768,1412120576524
50C94A749DE72FC67BEC440056CC2334D403B8BE,760,41,1405411692152,1405412264366,1412120576524
50DDE6793047FFD599443DAD327192EC876B7154,440,11,1405663059818,1405663575842,1412120576524
50E96AC4BBA38D74783CF9C19BB87EA17E6C2C6D,680,10,1405476697412,1405476857188,1412120576524
50ECDD4FC03C28CFCE7F479D0C76B1D48FCC99EE,2000,26,1405913684144,1405970920334,1412120576524
50F07CAF64A848BB98C3FF45A2A02F876C2CEEA8,2000,28,1405490821572,1405542383924,1412120576524
50F07CBE165284E62C06ED7D35411A362C7BBFB1,488,14,1405073500571,1406939322853,1412120576524
50FE50569547824051378A79D9C7A462B62ADA23,2000,25,1406200525994,1406201715697,1412120576524
51006351294EB88E89B7FCDACBD396CA33AA507B,760,19,1404962762720,1404963135650,1412120576524
51089A7CE0807A7A3A2BECC80877D4AA6845DE58,760,21,1405701068622,1405701475404,1412120576524
510AC2900A12076C1D440E1150DBFEEB670B8031,400,5,1405125616156,1405125616156,1412120576524
511AA6F5CA30D63A79D23E0D66B37C242AA045CC,760,30,1406002800435,1406003718294,1412120576524
51245958336007E7C692E2EE09AF672565B4E415,544,11,1405615127473,1405615269328,1412120576524
51351EE5A662E2961E1C62D7658E1BEA5C2DE49F,5000,14,1405120170742,1405120965113,1412120576524
51374D001977839D67E8D02F7E9D5A727477F7B9,2000,20,1406350637701,1406351672363,1412120576524
5146219F3E6FCC62A22D564D75F738B952170F98,680,7,1406074533184,1406074876755,1412120576524
5153BBC0189B313C2C09C7CD2FEBF590BA19C2EC,400,1,1404961449836,1404961449836,1412120576524
51546C550F761AEEA742BCCA1F353797822FC179,15000,67,1405019244841,1405362738312,1412120576524
51628E7BF62BDC1D18DA86FFFE0D4A044E2817A3,608,11,1405487478246,1405490156061,1412120576524
51693EAFEF16EF4B421248A8D2A6C5041314BE4E,15000,102,1405533358446,1407467131297,1412120576524
516A69E8F241135BE8DAAB6D1FB432D69959BCEC,15000,76,1405568016891,1408571852559,1412120576524
517610AA793E6212F0D5DBFB7C2DF495B08250E9,5000,8,1405558276831,1406138602831,1412120576524
518A749AD1270EFFBD21EF2A3050693A83F47B22,760,23,1404879562960,1404969107766,1412120576524
518E6D23175851BEFCD4A70A491E9545B540A087,400,1,1404960579477,1404960579477,1412120576524
518EE7741E47134B998F67290D4A16F3EF4DBD6B,40000,258,1405482645217,1406504761703,1412120576524
519E979E83639E676683A2E7BA4EE6E0A826E63E,400,3,1405448441363,1405448468727,1412120576524
519EB9681458B88D4AA959379F3468207F74D531,400,1,1405131637278,1405131637278,1412120576524
51A087E3815EE8A3E26B74A8217F6A5AA8962B0C,544,17,1405565027505,1405571538439,1412120576524
51AB30775395A7495C8BE3FBA16DFFB0EF63CA31,2000,43,1405170945701,1405176030104,1412120576524
51B223E64ED6F4050F7470237803247222F6AEEF,400,1,1405303855908,1405303855908,1412120576524
51B310C77C1737F551F863590B3A54BC8D521CE5,20000,39,1404948426350,1405187822994,1412120576524
51B64E57AAA7F4CDC48F1059374D6AFFE2E750D8,5000,54,1405711255801,1406266082848,1412120576524
51BAF7DB59D0E58D71E3E06D4509C021C2B954C8,2000,10,1405677967348,1405733479517,1412120576524
51C0CD1859E217DCBF4FDA87E9B01A10383053DA,440,6,1405455930981,1405455949817,1412120576524
51CA6B2117BEAE669253BB075BD48307FFB89539,15000,115,1404899440338,1406916233256,1412120576524
51DC5036DA5446AD593F180CD9DFDF2A081A48AA,400,1,1405003112992,1405003112992,1412120576524
51E6493D4BE0945B8B6EE14556B994E5AEBB5872,400,2,1406359027359,1406569107063,1412120576524
51E951321D72410E2F3AFB1922344A96C1DF4205,544,9,1405828715720,1410138629443,1412120576524
51ED1A35C121E5CBCFE8676B3F0ED36549E240D3,15000,70,1405060646494,1406738720125,1412120576524
51F5171B1FFE4BD2A85DB0E56C3123EE70AF7D4F,760,16,1405039471525,1405273841099,1412120576524
51F5ECFE0437191C9A0158920287C47382FF224D,440,8,1406559440258,1406559465837,1412120576524
520A742F173A58C5E4CF098882C62EA079FE4800,400,2,1405242160229,1405242160229,1412120576524
521202453E0BE87248539590F2AACFFD1DFA3F12,680,7,1405159136666,1405159191199,1412120576524
521F343B62AFAB18169A675AB14C4A90A5124AEC,400,1,1405061324598,1405061324598,1412120576524
52266825902C24884A9E5F5F669161D8ECC83C35,760,14,1404400870535,1404401247384,1412120576524
52282D404DB087309C786C6AAEEE1038CBE07608,400,1,1405055551763,1405055551763,1412120576524
522BD1FEB3EA8A063D329801BE46E4D839A3F756,5000,28,1405602275870,1405608188378,1412120576524
522D6BC88E332D56E3DDDB7AE68EA85015A7D4B1,400,1,1405184305491,1405184305491,1412120576524
52305E1B6E93B316CFDBFA8A4F4EF3F55FAC896C,400,1,1405680398779,1405680398779,1412120576524
52337C70A96017691C1157D5687CC46F15139CCA,680,11,1405771773099,1405808229719,1412120576524
523622327869F3FDD07DFB023F6ABBAD394CB48B,760,35,1404866700824,1404866741350,1412120576524
52441A4415600772D3E8CA09A7E4235D598C5CBA,15000,53,1406222975326,1406383817076,1412120576524
5250DA23A72A54BB89FD6285AA380DED84A63609,544,14,1405293370011,1405293489704,1412120576524
525B98A400F8B436E8158C5CD9DEDAB34F272539,760,15,1405394353637,1405395145453,1412120576524
526913F7DC9173CA1405D4CF51DF6BB2C3A085D6,400,1,1405307791045,1405307791045,1412120576524
5274B11BA69D58788871F6BF73FB71F4FF9714DF,440,2,1405166497169,1405166497169,1412120576524
527807F81E5DD953E36A4F3683904D72332A7D7B,2000,43,1405360033753,1406142767652,1412120576524
527AF6FB78497F410E0E15DB5264C51571DA79E9,608,5,1406505560634,1406505560634,1412120576524
527D48D16372607600BE113A25058FEC09928D5E,15000,67,1405052870167,1405140381242,1412120576524
528250A13D4DC13BDA78B9BCA9433D807CAB6A56,5000,9,1405646483629,1406428961015,1412120576524
5284369EA8E585C493476DAA93336582818AE2F3,2000,49,1404878247763,1404881378343,1412120576524
529B835EDAD59CF2F5B5AFC5503170C28BF88D00,400,1,1405433116913,1405433116913,1412120576524
529C92E6E803FA41A28A85E8F0612B4FCFAA1D09,400,1,1404999759783,1404999759783,1412120576524
52A2D1EE3D33DDED7EEDA99BB361E06BE105B2CE,680,6,1405008335276,1405008399086,1412120576524
52A350F7A1333F8127E1D57304A6D1621154770A,5000,20,1405429767120,1406289055896,1412120576524
52A9563C428B5A38DB3FC11087455B9DE324D9D1,680,7,1405016997032,1405109942370,1412120576524
52A99373B5E2EEA663C9B9F892F405B83A04476B,400,1,1405361835549,1405361835549,1412120576524
52AD586932E24C8B46E16DA440E99AF528282422,5000,9,1405212366392,1406295026018,1412120576524
52B92F5623E987788FE920311B966F15DF2587C8,5000,39,1406001424138,1406176862490,1412120576524
52C0179F7EA63C349B25BD34C4669785F473B92D,760,19,1404912495891,1404913216735,1412120576524
52C228709E16F55AD0249E72874DC91B94734D31,680,9,1406168471078,1406168792591,1412120576524
52C5D9B67CE1DBF60AB10433203AE26875E06296,2000,56,1405558732459,1405629748108,1412120576524
52C60E0F810A88DCC1B3DCAF23C5CE49C4C24EC0,488,11,1405634804209,1405635147260,1412120576524
52C875F48B8ACBFF257A22E3A5EF3AD91082152A,488,11,1405237202275,1405386932992,1412120576524
52E7B90E74D7481853AA67163247AB7E3A0EDFA0,400,3,1406227185290,1406227185290,1412120576524
52EDAB214CCE40C1A74DA81ED494B238E38A271D,1,1,1405021679440,1405021679440,1412120576524
52F1CFC2CD2FB6E993800612BC02909D72619717,2000,84,1405238768963,1410022479898,1412120576524
52F29C6C8BA39B53F3617D44AF198742050FAFA6,70000,115,1406071679384,1410650247643,1412120576524
52F556031FAB10F0D95B828E9621F2158D28967C,2000,21,1405615558259,1405616705115,1412120576524
52F98C81D9FD5E0644DBFB38D89B71505426FA69,5000,42,1405486881668,1406654719460,1412120576524
532B753B53F2547FE72D91E5A0F8F6FA07011AC7,5000,7,1406122939698,1406370423853,1412120576524
532CE723ADC0A03497EE587344BFDC32476BE3CD,15000,111,1405097119990,1405882094987,1412120576524
533115A20AA69BD3CAB942EC0E7E910EDEEAF8BB,2000,36,1406352889799,1406405555342,1412120576524
53351C46E74E27A5DB22EBB7D3561BF4F1C1D7A5,760,33,1405822636288,1405989984923,1412120576524
5338D6A62D2BE463D264AA0F45BED1EB729C3D8A,400,1,1405980550582,1405980550582,1412120576524
533F21B7F9D116B917A588EF4ECB3388D60B07DD,5000,29,1406064186779,1406077659442,1412120576524
53442F5DB424A4070DA254F3A7383CFAAF1E1166,400,2,1406445630844,1406445753182,1412120576524
534B73E09A4813785BDA37B2DD07F87E69331798,680,6,1405809143116,1405809144035,1412120576524
534FABB63D852DF5A440C2014CBA6EF07347A3F2,400,2,1406932813830,1406932931681,1412120576524
5351D6916E5585B3C3D8C53D2D5043677C761E2E,5000,50,1405468814638,1406503403123,1412120576524
5354835354BFB00CACE95E4819E76D6CCA055239,400,1,1405670356049,1405670356049,1412120576524
5355E910C8E5304DF09A79EB759FE40DBC84B7CF,400,1,1404284460394,1404284460394,1412120576524
5359BFC06D5C92AF79E84DF4810BF1C82B923B26,440,5,1405935739304,1406008013022,1412120576524
535D85F0885F8089FA1F54AB8F9AEF7F03055C5B,400,1,1404919090383,1404919090383,1412120576524
537E21FC6CA9BA96AC704AA9693B6F75F70BFB54,760,27,1405191983355,1405284728437,1412120576524
538649A33D5E41A35AD21321B4E2AC1F1DBCBAA1,5000,8,1405052114978,1405713384522,1412120576524
538CADF83782D1FFDA8001E89569E82764F06D11,5000,14,1405958511379,1408649553099,1412120576524
538F782C233CB4EFA3CB6AF907F0B8CC32C7B33F,2000,30,1405284177683,1408752678408,1412120576524
538F805BB724B6E8668075CAEDE74BFD134E608B,5000,52,1406419581815,1406596612456,1412120576524
539ADCD0C836D78EF2E2BEBDFAB3700AA87003E4,608,12,1404951415821,1406002104752,1412120576524
53A41768CC697C94FF12BFC0123BE582A904B65E,544,10,1405287271529,1405287276194,1412120576524
53A468B09A67BFDE2041988924E61D0C25F3B11F,400,2,1404949235571,1404949235571,1412120576524
53A5C4C19201392A2E168552EFEE02AED8DD9E39,400,1,1404666058727,1404666058727,1412120576524
53AAD34EB859E0193F43C47963B2DDBD629F7138,760,23,1405486898708,1405544288183,1412120576524
53B377616EE8F0806555943CD8F79B32801E6356,680,6,1404948060811,1404948115894,1412120576524
53B7E43ADCCBA020AAE4637DAE8D0F0B74307A18,5000,17,1405692150759,1405769160355,1412120576524
53C047C064B37A3C0E8CC40247689F8E7C456923,680,7,1406426557906,1406426576911,1412120576524
53C7E7C7136CBB0C19EE59DEA2A6A7BE2DAC0184,760,13,1405298187240,1405298533785,1412120576524
53C86C21B7E3A298031C1A642B6D9A14F56C7FDB,760,30,1406162855891,1406162937735,1412120576524
53D74678B357793249EAB5F1D6271A95BCA29969,2000,22,1405043618702,1405108453740,1412120576524
53D8CD94EA28CB9D7AB75005E9996CFDBF389F70,760,17,1405452751413,1405453197292,1412120576524
53DCC00F4C8926BB79FA023247D63B656F1BE248,440,7,1405086433492,1405086447064,1412120576524
53DEF8CC799E1EAB621E5F4F332A6D174B2D88B7,400,1,1405450690362,1405450690362,1412120576524
53F4F36CFA3E3A7C0A75D21EEE8084CAA09BD34D,5000,70,1406447159510,1406448996518,1412120576524
53F59FA20E1AB516CA3BD8690C5D6D29A99C45CD,400,1,1405099500554,1405099500554,1412120576524
53FA851121B5E02E72E23DAC336F5B9C274F95D0,70000,120,1405741816051,1406423906245,1412120576524
53FCB2F682CBFA127657B2A5FD13505F5F23540E,488,14,1404885718149,1404886237856,1412120576524
53FCF7E5A941DD22050C18FCFD4AD29FD2AA6EA0,488,11,1405142664203,1405142822112,1412120576524
53FDA8E049D31C2EC09F0D63C7B8E029442297FA,5000,14,1406469876950,1406470529248,1412120576524
540B9B94780D072AEAF5EF82C2D29E87CCD98309,488,16,1405654852717,1406158718414,1412120576524
540C30F65BBEA009A07EDC65566074F04D515A03,440,7,1405392381603,1405650085492,1412120576524
54156D682A63DA9F2CAA13AA153A14B9B299AE83,15000,98,1404889931552,1405637361491,1412120576524
541EA80561F5E2E2F95757A456CD75D648C8CF6B,5000,31,1405045028923,1405573008707,1412120576524
5427C8632CA8D22CBFA08152F83749F7EF408ADC,400,1,1405311095769,1405311095769,1412120576524
5427D0A593F2E1876F831BEE10D2308D05143D2A,760,14,1405303575838,1409369046987,1412120576524
5430E69E0B06E679C772F01481437F378F6EBF14,2000,25,1405571960925,1405779437092,1412120576524
5431535BEFB1669985B010492F2722EDC643752B,2000,32,1405529337889,1406304593191,1412120576524
543C0AB50D40B4EB5219EF20C6E42A5CB89DA4EC,760,33,1406594955993,1406596212478,1412120576524
54418B648256C9987B3649D7289FFF97F8A02728,760,16,1405006125826,1405017921673,1412120576524
5446FD6D128389E431238B18A89DD5792F32124A,488,3,1405482974088,1405483101419,1412120576524
5449CFEE576C223CF776157B210C23F861ACBF40,488,7,1404959300700,1404959329692,1412120576524
545F955F69DC87028408FF22FAF79C1B04F5559B,20000,42,1405736414553,1406583324026,1412120576524
546318262B947E11E8407CB9C68EA87DD1131FD1,400,1,1405041145330,1405041145330,1412120576524
547AE817EFDB28081850B2B8A17C2434D7DF6695,5000,18,1405972412893,1408503378919,1412120576524
54828DCC2F0F6F258E670B838E7BA95707A86242,400,3,1405482207477,1405482657787,1412120576524
548A1432DBF07194C21FD2D77AD1AB132B3434E4,2000,29,1405547925047,1405612197250,1412120576524
5497CF6292899AA1F193FDF5BEB05DAAA3004999,440,11,1405638398470,1405638685884,1412120576524
549968292031A009721962CA109591A109C36F9C,608,6,1406642127196,1406642195479,1412120576524
549A47275420B850D42825DB01901A615CA21024,2000,48,1405842745031,1405845571093,1412120576524
54A533B3824E2382B3D92A8C0C7C9900A317886D,2000,70,1404877788382,1405285521511,1412120576524
54A9AAD20D6337314D3D8B1DFD49069E8E0B0FB1,760,7,1405985048843,1405985072952,1412120576524
54B3765806D6BB3D7804B36F8424C573677998B2,544,15,1405716710506,1405717329919,1412120576524
54BE9C3553EF7BB8913ED4B630FBD9655E3C16AB,760,15,1405322353498,1405338960929,1412120576524
54C4949FC1C502566ED746756C5BACADEA269ED3,400,1,1405797935965,1405797935965,1412120576524
54C4CB6A3E3649AEE43034BB51EFE25C8EE8EBAF,440,8,1405636209222,1405636225575,1412120576524
54D4DCBABB4A8603E1C5F13321C0CEE40E4BCAEB,440,6,1406562049754,1406562073600,1412120576524
54DC01924FF36F1AE33A18CFDA3E3883F0AACCBC,5000,41,1405230051612,1405415789905,1412120576524
54DF1AD51EC9DA500A9C4D63C860F61D9365691F,2000,29,1405365298796,1405429469147,1412120576524
54E14DEAD537F55A9D5B3416B18C0D894675F5C7,5000,60,1405385614165,1410725324520,1412120576524
54E1F24F7672FC6C7C90EA599614745EE988EAD6,5000,20,1404956533746,1404957509746,1412120576524
54E3FB9BA9D2240A9C98958530EF22484A1C66AB,680,16,1404876990068,1404877728967,1412120576524
54E3FDDB855B53C6293A0DF60477028EF87F5FD9,760,9,1405331515851,1405331606529,1412120576524
54EECD3C735C8F97DFD725C44560BF105D67F28F,400,1,1405020828934,1405020828934,1412120576524
551056A4A0BBDC7A3E8409DF3655E2D083249410,544,20,1405344825839,1405345184216,1412120576524
55122D8047ABE92E3C1547736438AD5A1A998D3C,400,1,1406062219347,1406062219347,1412120576524
55153B8CA46378BDD71B475DA3E9F336528B3BB6,400,1,1405948430284,1405948430284,1412120576524
55201ACFCCD1557C12052F07001C514B16D78107,760,9,1405734266284,1405734420523,1412120576524
5531A50C7F0F2A96ACBA071682162BD1584EE1DD,608,5,1405626007829,1405626237309,1412120576524
553C537AD509849B3853BEB2AB1CB5D47B08D5B2,760,8,1404952958823,1404952975150,1412120576524
554E029B2ED04D49EAD4EA90BAB7FAD8B447E577,488,9,1404661999772,1404662240851,1412120576524
554F0778CC174CE763FEF85F2E327778D8425CA5,760,25,1405729564958,1405730531126,1412120576524
5554A364F09D5DECCF9BF79EC2523BEFE1566D97,440,4,1405966656413,1405966656413,1412120576524
5555BE7D42220D63530D4483F070EFDD0EBC1F7C,5000,46,1406423563686,1406673807476,1412120576524
55576F22F0DF4F271C2D9AE9192955B0B78B1186,20000,23,1405300768308,1405806711876,1412120576524
555B0E69457EFEE22E0CC180FBE9577C28DC290A,2000,42,1405892367217,1405909737461,1412120576524
555C1FACF27391244ECAF028765A1857187E51FB,400,2,1404954158964,1404954194333,1412120576524
555C6F08517C4D925680B13068DE2B36F4E91B2D,608,13,1405282600958,1405283027807,1412120576524
555D4B5C7236934D0BA026BEC1C305C2C159D0D8,760,37,1406094180480,1406094267039,1412120576524
555DC66CFB280B1A40A9DE195B45DAFD01257E0D,70000,140,1405477130598,1406948457589,1412120576524
5567B058570E297AE0F0786B23CDAFFDB662BB4B,440,5,1405153771372,1405153858993,1412120576524
556F0EC793EF9435AE97D1A27B2367CADA882BC9,400,1,1405388882808,1405388882808,1412120576524
5575868B8AB14A289C9953C2112A302BEC251DFE,760,25,1405981435119,1406079472924,1412120576524
557C3830218EE72C3E1C1FF7589C63ABB9AE0B00,488,15,1405652484836,1405652704265,1412120576524
5583D494755B9B75681416966C2D370028649585,760,22,1405655354375,1405656412601,1412120576524
5584CFEDFCB8E0A4CD360F8F6887CDAD27EB0603,488,11,1406346347723,1406346380106,1412120576524
5589E97B82A31C6F632015D7861DC3956974E722,760,11,1405490842433,1405491421553,1412120576524
558C1C6722CC78BFD098B54D48B4CCF05F542E2E,440,7,1405338569281,1405338626061,1412120576524
558DEF16B8FD28910B93991F8614DB1B35CC8A3B,760,7,1405476152887,1405476362666,1412120576524
558EE084722891E4F1F5D1476DDA660FC06684B1,5000,5,1405263815219,1405343128002,1412120576524
55916895912EC6A17770732FB55E1FB8BD77F792,5000,12,1405487907000,1405524583229,1412120576524
55961978B818F6CD0BD47BE3CF12F96C57AA3BB5,2000,27,1405302918226,1405870464214,1412120576524
55A1EBAE8A68857F57B2908214B06832AB8B65DD,5000,57,1405443721367,1406602384197,1412120576524
55B0EB172F9A38218DDD33F042EB850A4E7A26FF,760,34,1405612700914,1405613759910,1412120576524
55B2FF49D082FA4D9330F4E07E9CE41647224FAA,544,13,1406036946545,1406067988215,1412120576524
55B6357BED2799E894C7D73A530BA384F9BE8F96,5000,18,1404913110338,1404913397132,1412120576524
55BAA73138D7B2EE7EE19F206BEBF2DDBD017C14,440,5,1405335319160,1405335548659,1412120576524
55C350804280A6E913198494C6F0A2611982C1A4,5000,38,1406161062563,1406633182371,1412120576524
55C45D6699D4A394CBF6CC79BE4DE4E190C3540E,608,10,1404868745640,1408813904583,1412120576524
55C87D768A93B956FDD509046820DEAE9B84F8C6,2000,61,1405148521758,1405220166333,1412120576524
55D4CD87ABA51C94F731BACD21CDD6378BEB0D27,5000,28,1406183221206,1406604164268,1412120576524
55D7C9A1F67882BDE4F4D0892BF0124706EB70C8,1,1,1408021054085,1408021054085,1412120576524
55D9D20DB34DADF454D799FF6D2A8038C96CDC66,2000,28,1406256653279,1406669631181,1412120576524
55E8F49DA6A241AD2C6F4FEB9D462638E1FA0943,400,1,1404878590622,1404878590622,1412120576524
55EC034B436C4C3ABEFEE146CDB74C0D019A6F27,760,24,1405733443784,1405815276612,1412120576524
55FDA324A99B284EC40A760EC2D894B4FD8545C6,760,32,1405113244672,1405272530423,1412120576524
55FE0D089B8B3D95EDFF29AB2A74F7DF833FCC08,400,1,1405476576360,1405476576360,1412120576524
560206AAF35959B6175AC9A4A90BEBF37B93DB14,5000,16,1405823624816,1406910001656,1412120576524
560291188A6951CE0920E44B06A315C8E438A3F6,760,26,1405217930762,1405218587660,1412120576524
5617F9A2FEA181134F44D570C2B47E8AE1E53D92,5000,27,1405472637435,1405656394649,1412120576524
562850532A815CA161ECEA39CB59D0A4375250CC,400,2,1405925687497,1405925687497,1412120576524
562B268329A60A947D993950D97FA71C6926CE48,400,3,1405815099470,1405815537450,1412120576524
562EDD7727E78A47667EAF38E67DC347D1D3F386,488,7,1405495378701,1405495491771,1412120576524
562F38E47E61FF75324A0F5929400285B626898F,544,11,1404880297815,1404880403030,1412120576524
56335DB6BEA79F16281B519B434B77DFF1B0200F,2000,32,1406432879919,1406434153004,1412120576524
56339E6657A1606BFAD51BD9570CA6FAECF03259,5000,5,1405176987589,1405188867821,1412120576524
56377B10E2EF78D97FD5150A217D1D5AA2241516,760,7,1406020252872,1406020280104,1412120576524
563F4B69BC3311A5EB92369B12A7BBA6BED0B6E1,5000,35,1405399197466,1405467472324,1412120576524
56474931F5E34A526349BEF4636E7E14B98BDB79,2000,34,1405561336315,1405740979928,1412120576524
564AE9913B2F1DE8936E03EF84B03A2CC905AE3B,488,9,1406547787922,1406547812894,1412120576524
565BB938A23857742029E6526A4E2A4F609CD96E,8000,28,1405175126811,1405211926276,1412120576524
56608B9C3BAA6A5F5F76403E204ABA3C164ECBB2,400,1,1405027608024,1405027608024,1412120576524
566CF4B5E8B75005A0B038BE1CCFC0ACD4ED6A8E,20000,55,1405497907796,1407413498797,1412120576524
566CF579BE5FD5B972CCA07CB380428A7703C556,760,7,1405567035617,1405567155996,1412120576524
567F147EACB87989AB6A526BFA202007E8E21EEA,5000,15,1405279265284,1405279492311,1412120576524
568518B3CEA5F9C4003C8E53290446EFB81621AE,608,8,1405507646243,1405523552285,1412120576524
5686662C381DDF2228ED948101D2A4AEA67551E4,544,4,1405205667570,1405205667570,1412120576524
568973C120B6E1384D20195F15E9671F5D7D786D,5000,2,1405436960701,1405641020362,1412120576524
568DD5560897C3A5AA9EBDB69BE19C1924448179,5000,10,1406103628582,1406103868571,1412120576524
568EE1672C9454D4BF1A25A9E9B5286E37AAD26B,440,3,1405059448423,1405059448423,1412120576524
5692C73DF39C820B2FDB2DD43464A9D6477F4B99,20000,116,1405290703656,1405584876446,1412120576524
569797613C64A49A89A8438B73A64FECDA650CF3,5000,16,1405222983728,1405262165277,1412120576524
569927945E79B47EAB65C4B2AC93F2570F684ABF,400,1,1406143994994,1406143994994,1412120576524
56BB0B285149C165926FBAA5449001FC92769D9E,5000,32,1405656176762,1405882009572,1412120576524
56BC9E8858373846A7D040A4B285F6BF44E98B8C,20000,81,1405165080711,1408868699919,1412120576524
56C09A7F53F6BD5F8224959F87F948457438BF76,440,10,1405222880413,1405223330793,1412120576524
56CE318E7903449A4E644A7C3E7FFF8010653DE1,760,10,1404668816812,1404668820977,1412120576524
56D3F80553A13DB6107EC9800E4A47B7AB0DA815,760,21,1405745127911,1405745793960,1412120576524
56D44900E10FA10FAC4C6F7AE1483CB836E6316D,440,6,1406757804410,1406757979059,1412120576524
56D537A198A815AB2688A1BE44A7A33A10C7EF0E,400,1,1404973799880,1404973799880,1412120576524
56E7FF5D828E5E76BA683B9712A1BC0AEF28ABC1,400,3,1411228738442,1411228750926,1412120576524
56ECC9D07505A6CC5E66DDA0517CFF59DA2A9BA7,15000,48,1405492776956,1405789962363,1412120576524
56EF15B8440888C4B7E0FD9C081F99FF817D0EE7,5000,41,1406757707360,1407102958152,1412120576524
56F270E8909C1DE92EF59F0F5EF746351415F5C1,760,21,1404927935052,1405263326333,1412120576524
56F30560812A295E10A4D52693C4F2B897321C9A,5000,19,1406309118566,1406320028512,1412120576524
56F74F6697A131D0D4078F6450B957CD868B7B55,400,1,1405374075566,1405374075566,1412120576524
56FB69F8D5B36C4579FB26729FEDFD46A54EFE3C,5000,104,1405302489596,1406001815707,1412120576524
570525A432FF6C4D4BA4F1828AA102FDC71592E3,608,8,1405562376832,1405661832845,1412120576524
5705DE40EEC663A2E487286800B120B8E4491C3F,5000,47,1406151550965,1406503849744,1412120576524
57132C15FED104203A88FB4B740B19EB5DEF978F,5000,23,1404525308622,1404527087097,1412120576524
57141813D2F317D0BCCC81D41694651AC5E0F53B,400,1,1405758809683,1405758809683,1412120576524
5721A2B7B08014F2B62D9978FC066CE35E0A8FBA,400,1,1405223704924,1405223704924,1412120576524
572349BE60396E1C55ACC29733CECD2D63997D63,400,2,1406169818211,1406170070391,1412120576524
5727ADDADC5B3B65E5402C31FB138A7B6B1D3838,760,20,1405475143186,1405620916194,1412120576524
5730BF47806E2A267E25334873510B1C7DD9BC83,5000,25,1406524473831,1406700389256,1412120576524
5732F7FC79E4275A0A9443BD5966BF416210D863,680,6,1405814605923,1405814619233,1412120576524
57397C706271CA75D67EA54502CC3F5A7BE0B185,544,9,1405486987227,1405487136160,1412120576524
573A1C4B7DE5922E17B59A55CDA73BC6102BA358,8000,58,1404876424097,1405226502572,1412120576524
573AD7E5D0FBD6D7724E523C827B6FC5647343F4,608,2,1405494650057,1405494741756,1412120576524
573C5C094C93E23EB390CCDE3545C7863DCA0B7F,544,17,1406094866844,1406327185033,1412120576524
574871F2C0D88A1A9188A40AE82B0B9224F14F66,544,10,1405371967116,1405372207331,1412120576524
576250C62206F196B33FCAF9C3BD31B37A36198B,488,12,1405225802273,1405263395028,1412120576524
5765808993590B7361C3C719CCFD1E964B6D2177,760,33,1404933718440,1404937458116,1412120576524
57672206A8E0F6566C9C9EDE6D3876DB9ED80076,5000,8,1406410750122,1406411162327,1412120576524
57741B0DCB7911145C7F8FD7F84CBB7DCA739F9E,760,35,1405640199300,1406899522792,1412120576524
5776E6D5918AD47D27D1071D7240E173EBC104C7,400,1,1405730330906,1405730330906,1412120576524
5777B4BADE74DC788031E288F95303CED44B8E79,608,9,1405747889384,1405747898417,1412120576524
578DD94FB410EB97F4BB6E4F7BC815B25CBFA332,5000,21,1405073204373,1405482441031,1412120576524
578ED4AAB14B81447A019A58B1EC0402F8F0158A,400,3,1404911904115,1404911904115,1412120576524
57956B33714660D0BB3B9AE9FB6918D1D15F205F,5000,13,1405616026197,1406838028674,1412120576524
579797ACA539A6C8A30C83DA5A724047CF5612F9,5000,9,1405985676739,1405999596143,1412120576524
5799E6BE772DE5251A9127F0113D9F4B0E8F63DE,5000,25,1405333861086,1405335830417,1412120576524
57AE3A99EFD934B893B2158173A3F4D711911E84,440,6,1405574796261,1405574808537,1412120576524
57B10F901BFD32EF1250744CC3B08F8A20AAE4AA,488,8,1404603723066,1404623935476,1412120576524
57BE11D07D4E13A85557C54A436FB0EF7B5B40E1,2000,54,1405561194818,1405571915539,1412120576524
57C1A3736F6E19CD33F3F2E4251BE77E2A2A4EFD,400,1,1405100929150,1405100929150,1412120576524
57C1CE79765E030257998A3362F2D98E56ADB242,2000,40,1405169151553,1405437495593,1412120576524
57DB76A726DFFD624C93679F825E146B58102DCA,608,8,1405484186008,1405484308963,1412120576524
57EBF546CB234C9D382B0A8317B6CC22A0D45660,400,1,1405393748494,1405393748494,1412120576524
57F4389A7F009D24D6AB5DA60EE896AE4B02A5D6,488,10,1405567948059,1405568080292,1412120576524
57FD96DCB137953754D69196721D0DD1159C6803,2000,8,1404954650703,1405040314866,1412120576524
57FFC5E31508F385BFDA6F35410AB30C313CA357,5000,7,1406565301032,1406732010172,1412120576524
5808F513DBA342609BD860C794C88A881BE344CC,544,10,1405022100891,1405022529758,1412120576524
580EAE3114E01274F8B1D14510DDD54DAA00901D,5000,6,1405641280637,1405642411383,1412120576524
58127595E74A1EE9FF6DC49E5080788DF9C26F6C,400,1,1405990668892,1405990668892,1412120576524
5816704B24AEB655651CB558BCC28754DD2756B5,70000,112,1404964123714,1406099181262,1412120576524
581F6924C767A82BAE10BBA2E4FDD3BAD362A1AE,488,12,1405652424282,1405652442415,1412120576524
5823E1A8AF550C6E15BE4220B0F3236BA9310701,488,8,1405330865727,1405330900290,1412120576524
58263B6AD9C90C7AC7B6AA6F5357578BAFFDA671,8000,53,1405268364863,1405282844530,1412120576524
58279EF9244DA3A4A2790FF6CB72C302548D1329,400,2,1405318291937,1405318429939,1412120576524
5840F3A91A41D9642B8F823C2BAC5431592C499C,2000,24,1405560388701,1405629695846,1412120576524
584212C4B1920FD4D39BC11469A13E7EF270E673,544,17,1405093108019,1405108377729,1412120576524
58423CCF3F24A30211512174A5F8446547FB23EB,2000,2,1405488153073,1405551690940,1412120576524
58525C877040138181E40920090D4C69F418D3F6,760,23,1406555071497,1406555335132,1412120576524
5852D6E4AAB5079238BCEACF5DE41DD56F5C238E,2000,76,1406147664302,1406161934374,1412120576524
585BF1278704D2CF92208EC28801374D025654E6,2000,2,1405169460524,1405650607016,1412120576524
585CDF090001F82C5E0619C0F589D7ED79183F06,440,5,1405543037696,1405543262361,1412120576524
585CF518010A6AFB6B424A93985E360784E94DB7,5000,30,1405764647459,1405811821062,1412120576524
586411C8FD1C3C86C580076D08E71C9E47742251,2000,49,1405578284656,1406611435047,1412120576524
586A94BADE4D299E5F3672A70F50B544F34B42CD,440,8,1406205213537,1406205236685,1412120576524
587054031EB197C00FA11EAF88366625B610D708,750,13,1405515671474,1405516360678,1412120576524
58802AAC495FF6C3595CA5EFCDAFE1A6129AEF05,400,1,1405540265893,1405540265893,1412120576524
58859177399D3FD361E84F4DE4BF5CB38D13324A,40000,142,1404887636171,1407472697744,1412120576524
5885DC8084BD17473C22F47D0C1FC2B78ACD21EF,15000,54,1405480729368,1407549587865,1412120576524
588A47726905DB7CC2F16E6DC72E4566332713AF,15000,63,1404967634965,1406946539924,1412120576524
58ADEE04D917C9403A13AE8AE50E20825DABA51C,760,22,1404548284835,1404599829562,1412120576524
58B025A348B38E7FA5A8F5078B3B3A67F0B3AAF2,608,7,1406645773869,1406645815176,1412120576524
58B162448E2CA05316C017697701F7BC67EB1058,40000,263,1405479224563,1408586045738,1412120576524
58B25DE29417C6C67D2A36B9B9AAD50974FD2B90,680,6,1404873548941,1404873556065,1412120576524
58B583D60A7019F1059B4CE4B828A8C1467B8896,680,17,1405898389248,1405898633114,1412120576524
58B9CE77DB2F5BCC80CCF651D342CA5C79DE1E80,2000,40,1405449304766,1405900117137,1412120576524
58BBA44AD647AFDC99256448B84F0200C831254B,20000,107,1405399098492,1406921321954,1412120576524
58BBC9B3D9D06C6FF42EF91789978632C35AFDE4,544,10,1411125213935,1411125225521,1412120576524
58BD4EBD7F73C89990D74A6CEA9DB5E110933EE7,400,1,1405297495585,1405297495585,1412120576524
58C2D21D6234FE07B6A4AD265481341C6A614127,488,13,1405222456694,1405271711011,1412120576524
58C6009845AE556870AD1F21E4F2A148187C5369,400,1,1405234316867,1405234316867,1412120576524
58CF44173234B89345E0E7AE25BE6B4F32393D65,15000,54,1406622715354,1407364728853,1412120576524
58D0E70241D8796EAF41924FB4489B173BDBBB47,20000,49,1404971901177,1406675591088,1412120576524
58D97673D557C3FF7CFEB4E4381092340CBFE04A,680,7,1406118349884,1406118518389,1412120576524
58DBE512E29E03ADC82A07BEC9CF84FE6F1109AD,2000,37,1405614053478,1405617524535,1412120576524
58E68ED3BE25B7A0F6D2169700733DEE824EC1A7,680,7,1405362080653,1405524871770,1412120576524
58E99F84CFD9C6C53FE17CE0B30A5378C3A803A2,680,6,1405028279035,1405028283592,1412120576524
58F7546C0B326A947B0426860728901A8E961497,400,1,1404938496266,1404938496266,1412120576524
5901029D471810AA779F1A119DED468FA27DFABF,760,11,1405601234317,1409459913492,1412120576524
59062DDF3AB4BE8814717ADD9A8B425B141040EA,544,9,1405722228172,1405787383601,1412120576524
5909DFF637629ACFC56C32E15457B1A91A097E84,2000,38,1405390790695,1405474461593,1412120576524
590D5FED80FB986E93FA952BC0D26F1842254EA9,5000,11,1405307928963,1405340087753,1412120576524
593073942FFA34C68509588E81B6632C773EB674,5000,6,1404406789137,1405073020336,1412120576524
593726CE131EF0230DE15B485D1183EAD696E285,400,1,1405596704980,1405596704980,1412120576524
5941F4C2346EFC439E17FE9F0BD069CC3383FF3F,760,23,1404956297367,1405289804860,1412120576524
594478D9C467CA9413C223F0BCB168783DE250F8,680,9,1405310650884,1405310737291,1412120576524
594DA9B22B7BEEC851ECD2B4F9E5B29A2CA726D7,2000,24,1404957731655,1405083605924,1412120576524
595697BFE175BBE925854A931B1C59D1B1C4F5AA,400,2,1405013914351,1411770615414,1412120576524
595D263BB7304FF0A205A3F1DB79125D3AE3FE1F,760,7,1405994173099,1405994348077,1412120576524
596B1E82679DD98F6307798B7D6126F6A97BC1B7,5000,25,1405025554993,1405070024270,1412120576524
596DEFE901CC3C63EFBE846C9278027B3E7D2E1E,400,1,1405722515094,1405722515094,1412120576524
59713CB194919F72D7D249A1B79B5EDCAF2F7596,608,11,1405807435067,1405807653300,1412120576524
59730AD68232A179B14C58B50B802C1B26CB2602,400,1,1405445429158,1405445429158,1412120576524
598181DB6E1657FB791FF749025AF54FBADC5851,400,2,1404598157972,1404598928621,1412120576524
59819F4A8EF06C06C1430CBBE573501D6C1DA5D4,2000,16,1405519962145,1405792778250,1412120576524
5984BEF3D0F18DA108B35D6D6C611C205CA41DD6,5000,27,1406168095166,1406168873305,1412120576524
59856EC52F13B212BB6B9B0B4CC53F37E840E39C,488,14,1405138204645,1405270690172,1412120576524
59907D7B686BDE50225D1448DDAA2A255397C1A1,760,12,1406761701849,1406773689491,1412120576524
5997272252DE4B67BB57899099793D622BC313DD,760,23,1406228117239,1406424344135,1412120576524
59AAA085CCD890C2FDE9BC6F54E35E305F815333,400,2,1405523354622,1405524171210,1412120576524
59B1052FA401A9325A977EDC7E227B96B858B8E9,400,1,1405046325835,1405046325835,1412120576524
59B23E2D74751468782538E7BE17F5178ED98150,20000,344,1405568623834,1405832075018,1412120576524
59B4EDBDB20C1084D335D55F22461F4F9C9A44B6,608,19,1405906140037,1406422570269,1412120576524
59BC1461E804C7B3D6D1CE325CB96046A30569E2,488,10,1405127808842,1405127926293,1412120576524
59C8C9FFE874ECB78648A7B330244D85DC399455,760,17,1405802211633,1405802460142,1412120576524
59D23051C0B13FCFE6B8BA931A31CA84CBFF21FB,760,10,1405478487564,1405801276803,1412120576524
59D2E7D96CB60E37677ECD83D093EF3FE677F6F4,544,11,1406584707234,1406585384862,1412120576524
59D5FBDA478FA1241F736AAB06EE12C5BA9C1A65,760,18,1406078720609,1406112676188,1412120576524
59D78A3DF4959FE92386DDEA17B9374541916087,5000,22,1405491437876,1405811318471,1412120576524
59E771F310345CC4EF38FE3E064562FF0C999BB7,2000,20,1406426975212,1406428139104,1412120576524
59EEC60E0C26B61B8ED99D44834EA592A41A8E09,400,1,1404876439313,1404876439313,1412120576524
59FA8BBC29A15D49033EB31AE81A06339801F0B3,5000,13,1406118017569,1406721586399,1412120576524
59FBBEC71704C845E475949BD35D64DFEE20DD7B,760,16,1406239576639,1410648546417,1412120576524
5A00EA38C0AF595D591E416B3CF797DD0F4A167D,5000,16,1404879045726,1404923667908,1412120576524
5A065774E8FE6E443583C0574AB0435C5BBF75E7,2000,14,1405491230951,1405491901627,1412120576524
5A06EADA71B80AD69B6030307F7F4841596743AB,760,9,1405036195761,1405036646316,1412120576524
5A0796268CEE0DED92CC9D84094E0DDE865C3739,2000,32,1405369149670,1405491730617,1412120576524
5A083E2E74CEEB54BF71B4C7C4997A6E24739132,2000,3,1404953720187,1404954998873,1412120576524
5A12C95D39CC63D0BC33251781582602BD9B4627,5000,23,1405450223219,1406479201939,1412120576524
5A14921D732352ECFBEF23B0EB376C8825144AB1,1350,15,1405521731313,1405527425673,1412120576524
5A16B1A2C81AEE75FC8BE23A3D3E89C415F644EE,400,1,1404362809146,1404362809146,1412120576524
5A171901C6FEC48B288CA061852D466DE2762FEB,2000,40,1405780146695,1406805324887,1412120576524
5A1E1D13239BC451D5E0F8A6A002DFD13DCB181B,400,1,1406093706356,1406093706356,1412120576524
5A21B5B6FC95B62689C723BED641DF02B6B84307,488,6,1404928404678,1404928896632,1412120576524
5A263A84D79854672210F4DCA55D290D7F7E19D8,400,1,1405222689001,1405222689001,1412120576524
5A27F124E2987F3BD8681F2D53C7DDED31C73F6B,488,8,1404966736353,1404966762257,1412120576524
5A3F15EAC809466C9CCC677C4EBCE54D753C1690,400,2,1404888096782,1404888114203,1412120576524
5A41497A72AA8A4A6FB466ACA34A852E286F9A30,760,15,1405540252400,1405541189616,1412120576524
5A4A98D6E02D431185C3F78515D4FF0DEA9FEB66,488,13,1405050379587,1405050729400,1412120576524
5A4E5FFCAEB3481C2DD3634D89AC9F5DE872C6F1,2000,27,1405359567725,1405739627977,1412120576524
5A541A32149BCCAC3FA5E78173DC6DF992BD8842,950,26,1405480669455,1405839447047,1412120576524
5A66D5FEA171C714BBAF18ED515A3F1B5207F6CB,5000,24,1406406964175,1409960817313,1412120576524
5A6A0551363D14051D613CD04213BD061D65648A,400,1,1405312656676,1405312656676,1412120576524
5A6B87D04FDED11310AA4DBB45C6B5105E58F51D,440,9,1405758274183,1405758299790,1412120576524
5A83DCEBE5279104145EDBA8914ECF057B15EC38,680,18,1406753940406,1406754485254,1412120576524
5A90183F8051568AD69384B155D49303CE3B8205,5000,36,1406275925394,1406493727627,1412120576524
5A922A24B2CFB330E58E31AEDDF4F58948FFAB42,400,1,1405777437766,1405777437766,1412120576524
5A92B1804E7BFDFAF7EADE75DAD377C67127D6D6,440,3,1405664761289,1405664892054,1412120576524
5AAC3BB84C4F25302F437DAEEDD3A69BC1C711D5,760,7,1405066255635,1405066400861,1412120576524
5AAD871F348388CF5CB7ADBEE072D7CB62D89BF9,900,14,1405463550676,1405464042036,1412120576524
5AAE60B826F7728BC33D1A67BAF1A3AF2EFD51E2,488,8,1405681097738,1405681118309,1412120576524
5AB75FF34A4F7354054DC76259579CADF50E31E1,400,1,1405763130519,1405763130519,1412120576524
5ABC67BC6BDEE05B3F6E43E9C5633F8547D2E289,2000,40,1405028781542,1406428556027,1412120576524
5ACB991CFDEAC9C9F3EA59F1B8D548D1BBAF65E5,2000,37,1405051665476,1407680107235,1412120576524
5ACF1C639F27ADCC50E07B89DDA77C1A8FBADE2D,1050,15,1405487790469,1405813673258,1412120576524
5AD84740B7182C7F466017019727770C7E1A559F,2000,34,1406230977448,1406232422759,1412120576524
5AD8F8C69EF9CC24D57F868B73A253E48B5DD318,2000,21,1405726202769,1405786257759,1412120576524
5ADEAB0E4CCA7A398EF1775BEC9E6BF109878D5B,488,6,1404966959393,1404966974230,1412120576524
5AE2FE090673C99C4628F50E5728BBBEF909A082,760,18,1405244806018,1405746631383,1412120576524
5AEA6D6F9082B39DBA664E7C774E255BE2C6859C,488,12,1408055979646,1408056303467,1412120576524
5AED5101657F6E7D4E6C5EE00AD6FFAAE6F56DAD,5000,37,1405602707608,1405983888297,1412120576524
5AF7F3EC0C39DC027461D596618AF5F582309315,5000,72,1404601754677,1406993324232,1412120576524
5AFDEFDE604E86E9F27884B466746EF468D16022,400,1,1406055666173,1406055666173,1412120576524
5B07D103C4D8FD094F7B7B8A7D81910E53EE3BB0,544,11,1406075423168,1406075743876,1412120576524
5B0AA3182A324D8699308D3FD0BFEB98438A6200,440,11,1404909554354,1404909663948,1412120576524
5B1B722FB5083C83C0C6015B15A6E63D40B62D92,2000,51,1405557936254,1405912106239,1412120576524
5B1BACE730A638858925991BE8A54912847A4AB6,2000,29,1406542294086,1406567477578,1412120576524
5B2655ABCDCE31D5C2F22627DBE8AD593805536E,5000,33,1406095099865,1407187396260,1412120576524
5B267444DCCA16759D91BF55E6026BCD8A4893F1,400,1,1405389630296,1405389630296,1412120576524
5B2AC0B57F92D7AF7579ECA8998D4AEF6C3280AA,5000,3,1405875602618,1405875899717,1412120576524
5B333898CD89BDCBA4AFC4F4E6FD23990EFF3A34,15000,60,1405237413015,1405472946712,1412120576524
5B350906230CBCC3718F09A3B7DFA6CFC855A460,9500,41,1406188489536,1406189443744,1412120576524
5B352F7E3E3C9B60D00078CCE8093C59A24F6B6C,400,1,1405259383176,1405259383176,1412120576524
5B366B4C6ADCE19A4F6B566C136A3AF55C223A7C,5000,11,1406042459175,1406477669969,1412120576524
5B42413F6B555F5ADD627AC5639B2CA4FE27051A,5000,62,1405523140001,1406417203010,1412120576524
5B4374C76DDF2B094DBBF8DCE1F15FB1A805E714,2000,21,1405731538929,1405741395584,1412120576524
5B4462C54676CA48B2AF84BCA8CB2330470707B4,15000,94,1404947115151,1407294786477,1412120576524
5B48752E52C8695004C04256E8E8258AF0674271,5000,49,1405799717191,1408233268695,1412120576524
5B48F9D577588237B53FA2ADC1956F5D1ADD0E8A,608,8,1405474067591,1405474516465,1412120576524
5B5E3A9614F4A39C542B0518735632E54E373CF4,760,11,1405401700410,1405401798508,1412120576524
5B61415E9186CA4BAE398E256FFC93888BE5275E,680,6,1405555575789,1405555602164,1412120576524
5B64ED52F3C096CB5F7170A419A9995916E34077,5000,8,1405131956962,1405132274664,1412120576524
5B6ADA272E8E66CEF4C9F0A79D2F69BCE51A2F99,5000,30,1405034305400,1405086237632,1412120576524
5B6CD409EFBF2B720349BE1C7E64265E4BF88670,608,14,1406696434989,1406696931531,1412120576524
5B6FF8684BDD3CB2A559F47F5EE6732B4B9C6004,1350,34,1405529316129,1407474274598,1412120576524
5B7BE48DE86CF8AB53EBE0C3BD0D8BD6DE82833F,5000,61,1405717160227,1406163539140,1412120576524
5B7C3F66A91C78705C3D4C1C2FCB7EA3B429E008,5000,13,1406387380089,1406549798247,1412120576524
5B85D60026F94BC7CB2F674D7610BE7D9D814BB0,440,2,1406008296863,1406008296863,1412120576524
5B88FE232F96E7432F73AF5FC1E91E50E2ECF741,544,10,1406423457718,1406423553414,1412120576524
5B9118D55E3896999FFF91A353F46681E328F086,400,1,1405262355457,1405262355457,1412120576524
5B91A8502AC7DC17F01D0C3B6DEDF87C126EB39F,680,6,1405762136760,1405762148094,1412120576524
5B981050DC64189ACD43BB1313DDA1D16B856034,440,11,1405665063573,1405665252981,1412120576524
5B9A7CAA64DF3A80682FD603D736DE230A301459,20000,54,1404967569925,1405537802395,1412120576524
5B9A839C000A8FE1F6D1D3A329FAE7C34E6DD7E3,5000,34,1405474297592,1405623756380,1412120576524
5BA5E02133775792802C7C5393BC2690ABC8B576,400,1,1405909839504,1405909839504,1412120576524
5BBFAFCC1E471C39ECDC1AB6502A8678AE99145F,2000,37,1406320090917,1406321445436,1412120576524
5BC037675EC5A7DAE915DA2C41E00A9EF4316E96,760,15,1405453538542,1405454123766,1412120576524
5BC3F56A07D717FE82C449E67ADCF6D8B382130F,2000,2,1405707874303,1405709361499,1412120576524
5BC85ECE4F4260134587A1F7BBAD6808C077C0E4,15000,78,1405120970614,1406301565596,1412120576524
5BCE20A8AAF8EB4192B3F0232FCF4E0C89E2FAE3,488,8,1405230465103,1405230469199,1412120576524
5BCEF24FF4CBB697E9130A5C5404A4A01A2A10E0,2000,46,1405195939468,1405392656736,1412120576524
5BD27B40B8FE3FE2D170905E128E023076ACF0BE,2000,51,1405578692117,1405628917728,1412120576524
5BD5A7363120B37BA60279EFDFCF6F8934956537,2000,49,1405867656017,1405901020607,1412120576524
5BD8890BCE16C4D8D85C12F66567C8BB71D26371,608,16,1404744884001,1404745262284,1412120576524
5BD9C17D9CEA6D917DF9285807BD8C80686D0FCF,20000,108,1404928417248,1405624512570,1412120576524
5BD9E4C92B79A5D48E97C52922FB6FFEAC05613D,544,17,1405238078077,1405238363890,1412120576524
5BDDB2629F018573A713E94205D713CFFC5D0994,15000,61,1405485160683,1406265647082,1412120576524
5BEA396CCF86CE853EB84F8C0309116F32DF51D9,760,23,1405388769703,1405543895604,1412120576524
5BEE572BEA9E19006E413C2F514D56B6C0890977,400,1,1405484453004,1405484453004,1412120576524
5BF2F199FF3C0A64DF1FF44F9F5AE5B15BEDA8DF,20000,72,1405991703255,1406587164300,1412120576524
5BF97DF7E523636AE1D0464874CDEABF3C838BC2,680,6,1405219739710,1405219755827,1412120576524
5BFB470CA7883419D5C97F47EF8B1E2B04924C16,400,1,1405475522067,1405475522067,1412120576524
5C162B36494274EF9B08262CBE460AA7B0F7D75A,440,6,1405008823039,1405055533509,1412120576524
5C2D03D248298ED0ED4F3CED359BA04E8A632B4E,20000,56,1406060857221,1406524246443,1412120576524
5C3A3541655150291FC192979D9AA974C68ECB8F,5000,13,1405296281078,1405397751046,1412120576524
5C3D55A0D414090552E4A1C659C303EC92CD6A07,544,18,1404928006737,1404928111988,1412120576524
5C3E9D1C9028CAB2BCFF556E0D442EC7B9A7AD51,7500,34,1405490854367,1405491083087,1412120576524
5C40D78264B9B2F1D56BF204097283BF9DD9D309,5000,102,1405254456170,1406938433374,1412120576524
5C42DD4A8BC3C9475022CE367FB4E44EA50CB049,400,2,1406288203072,1406288416724,1412120576524
5C4C62F8034DEACCD4283CFBC3E2577A11531E5E,760,16,1405591358096,1405683445739,1412120576524
5C53B09D4680C85F0E6AD8931F15B1661A201D6A,440,9,1405651015448,1405651240081,1412120576524
5C612107C961F34DB86E4A1A74878AF7B0057D82,5000,55,1405074049475,1405223085273,1412120576524
5C65D7B37BFCE08ED1963CD6B133024D08EE54A3,2000,39,1405723630307,1405818117806,1412120576524
5C695AB3B79EC28E8188784ED598A0D5E8476A9A,760,8,1405651268969,1405651715484,1412120576524
5C72BBF77391235A1BE709AD42AC521FC8F52BBA,400,1,1405257245762,1405257245762,1412120576524
5C777C99254B6A7EC0669325B2AB7A493C403635,488,6,1406001303279,1406002016749,1412120576524
5C7989E1174342CA7F5C4C3241FB9E4BDFF74BE7,5000,27,1406537027617,1406538449432,1412120576524
5C8C6BF2590EB8B7E456E11D307948FB2780EE2A,680,19,1406609406130,1406609606536,1412120576524
5C8CF1BA557B62D10B05A87D38BC73F466349D8A,488,11,1405194347378,1405239854004,1412120576524
5C8DA5F8273F0CD1E023CB23A1C402258DE82CD9,400,3,1406582159352,1406582236744,1412120576524
5C91E7373FC66C612A4F0BD6D000882811207579,400,1,1410411512363,1410411512363,1412120576524
5C96853715B76CAA3D06C5AF25735CAE99BF95A7,608,13,1406042223589,1406216904510,1412120576524
5C980E7B19231590C477704D039C7684830A5063,5000,83,1406597678868,1407071426397,1412120576524
5CA1A920D60A40915D0C1053923521A98AC24E82,488,11,1404888809586,1405019160769,1412120576524
5CA4297EF5C555F04A5F2129915DB71E93D6E9F0,544,12,1405734762388,1405734987730,1412120576524
5CA7A41FEBD30D91B89A1578434C2E69768337D2,680,19,1405153401530,1405154343022,1412120576524
5CA8DB1486EC9F46DA1711FC81204B9D62487698,5000,21,1405675354426,1406189686682,1412120576524
5CB044DE7ABA64B5F97B5D5DE71415A20DE4AC7D,5000,25,1405389998399,1405909729850,1412120576524
5CB0E478FCB8DA55EB348B7C41E1872F4762EB3B,488,13,1405190230911,1405190472478,1412120576524
5CB7925F79E335DAA4E28A0987FBD54E0DA99C53,400,1,1406420635673,1406420635673,1412120576524
5CB90977BEBC4C765E954002B87342723047B43C,400,1,1407076872599,1407076872599,1412120576524
5CBA43DCC45A9C3908BFA7D4FB1869DE841DEC12,5000,25,1405497641256,1405552908225,1412120576524
5CC2CB54DB449E0313C546E46B6B4145C42496F2,20000,26,1405634443656,1406537891834,1412120576524
5CC63EA775FD402329565743919A9BDA0BB1A36A,400,1,1405277554578,1405277554578,1412120576524
5CD3E0EB5F221E2CAABD17A2961BFFA9017F9556,2000,22,1405157459383,1405329566095,1412120576524
5CD872C06C9CDA4881F84D072A7C6CCC33BC7EE9,400,2,1406288827858,1406288827858,1412120576524
5CD98D61D3F6843FC43454304DBDD546DC2F68DC,400,1,1405591909650,1405591909650,1412120576524
5CEE381D9EB5B44004A6B47F514FAAB6C1910794,15000,89,1404876535404,1405960725179,1412120576524
5CF022A45510E88E6FFBD3D7E602E3B1FB86CC1F,400,1,1404878623733,1404878623733,1412120576524
5CF4C42D565FB157B9E634FBFB8FC3DFD7B251D1,2000,18,1406077753125,1406129939600,1412120576524
5CF703386DDF7AFA3088FF7420621CEB0605F913,440,3,1404282279940,1404282418019,1412120576524
5D0EBD2DA6CAF27614431778C699701867FA4D01,8000,61,1405434925806,1405468423526,1412120576524
5D17078166079D351BF6FF3C336D29B78B5FBB66,8000,17,1404952118585,1404952945888,1412120576524
5D17D6BAD8B2EEAA3003AAAC5DB0ADF7A4B7D493,5000,33,1404935431777,1406224615603,1412120576524
5D18193EFE9D93764685ACD2FD5D7230217720D7,760,37,1405385833519,1405558755205,1412120576524
5D201C5678AB623C8AE9EB6F47EEE1D4A65DFEE2,2000,26,1404921863061,1404934537726,1412120576524
5D254CA71DDB0C0A3A382A07B0646D1B9B86CD4C,5000,17,1405302968856,1406475988397,1412120576524
5D25805314E47ADCB5963BAE4269DC2F58DC0B2C,2000,37,1405317774168,1405395882998,1412120576524
5D2AB95B9E0F39A512C2597ED51B445235283421,440,6,1406559724097,1406559778152,1412120576524
5D2E8D794B9FD0692843769232D32848484BCACC,400,1,1405557772314,1405557772314,1412120576524
5D34B5B0D825024ED6F888E136913D5A76CB9227,7500,49,1405587701169,1409150253143,1412120576524
5D4CE916C572CB396D44F13B10A9E587D1CF7DE0,400,5,1405049279951,1405049279951,1412120576524
5D4E7D7AD3C8A37A02A73BD8560B414F3B07F171,760,28,1406407384490,1406408105880,1412120576524
5D4F0F8D371CACEE8BA5D81DA4722910323E277D,760,23,1405472839648,1405477416906,1412120576524
5D5080CD69D26764682201421B7024C9388CB564,5000,4,1406187707932,1406187985448,1412120576524
5D527B0ED7B6AE03BF583152EB8D16F335D3CBD4,5000,23,1406677361195,1408414765130,1412120576524
5D5B391B16F274C185982ABC4BBEA797AF86C20E,760,14,1404918101162,1404918584485,1412120576524
5D5D18DFFD9F68BF628A747DB6DD5BD660B7EF7D,680,18,1405958462331,1405978097162,1412120576524
5D5D485EA084AF36C89FD7858DD8781C30C27CAF,400,4,1405472766109,1405541141927,1412120576524
5D6292A1AE0135973A4DE85C93CF4EB6C58BAEA6,760,7,1406570676389,1406570693021,1412120576524
5D629A5C7A17FF458695A88D8024C0D70F224936,5000,22,1405186070560,1405968334316,1412120576524
5D6ACEDD745394DCAEA3A1756D052F23A75FA0D8,400,1,1405537225231,1405537225231,1412120576524
5D74E04111D06CC25FD5F7ACA51F1A48628D830F,40000,147,1405512616367,1408543545008,1412120576524
5D87CE4C1E6867DE678CCB0ED19CDE0A3576C40E,760,21,1406217132448,1406217435259,1412120576524
5D89D9A1A6C1476277E219797D1C2022E5D4707B,15000,73,1404916233379,1405623573025,1412120576524
5D8DE645FF0E1055A678CA629A58F8C2EFDCE1B8,5000,29,1404363699239,1404481477313,1412120576524
5D984602D1390F43887E81FDE4236B7233BD6005,760,15,1405453241533,1405453392199,1412120576524
5D99CD45DB2C01FF0049B9416A60D69CC9031639,2000,38,1405595533117,1409827297234,1412120576524
5D9AA544883FC29B69CCA2FCEEDD2E219387E9CD,400,1,1406152532805,1406152532805,1412120576524
5D9BF63379FAB44D194A210283C446B5F5909E07,544,12,1406444621961,1406523369733,1412120576524
5D9F6CB8C1B249330983D6E51321C8CF4A89D38A,5000,9,1406561990483,1406562398955,1412120576524
5DA49373CA44E3256AD7E73289C9CAFA41BE9662,15000,48,1405817744606,1407077391523,1412120576524
5DA96829BB1602C6583465B4E085801E63AB77DB,5000,9,1405492493119,1406497712200,1412120576524
5DBC8841551FC020005FC4B1597BA607DD45C3EB,544,13,1405548957365,1405921736915,1412120576524
5DBC91CF02B87C39AB428E7BFFEE38578F89ED06,2000,65,1405793566380,1405813636305,1412120576524
5DBF04510ACD29D6547AA82824139EB5EA29D881,5000,2,1405608216155,1405674572597,1412120576524
5DCC4C984E0B9F18535E2FED12229681684B7C18,5000,42,1404994827709,1405513915842,1412120576524
5DD60FAE2488E80A3BC00DC9D1A4CA741DA50927,488,14,1405440388304,1405440712513,1412120576524
5DE9BE308BA8B28B86DD3318C04886645A8A593A,488,11,1405857864603,1405857917158,1412120576524
5DF18CA849C4294164C6B28AD41591EC54748C53,2000,29,1406681626952,1406834334725,1412120576524
5DF2FFCDE1B86897B5BB1C02C4BF8AAA81CAC6AC,488,8,1406295042164,1406295058577,1412120576524
5DF4AE9AC2C682D17B3C58FFB2C86921165ADD6E,760,18,1405482545337,1405558014259,1412120576524
5DF94C3D687D1ED18A665E3232C9F191CB219341,2000,64,1405082928916,1405285955115,1412120576524
5DFBF4C598BF1F0F24C5FE15E450BA22A46E603E,680,15,1405483817753,1405568710835,1412120576524
5E01236C9C598E39761FD1E25ADF9435627CAC62,400,1,1405402451662,1405402451662,1412120576524
5E1BEB99D136BDFB82A37E25E8128B38DDBE6710,488,10,1405878478416,1405878709792,1412120576524
5E2329AAE497E7B86CDAE89EAFCC6F8DEB9BC140,544,10,1406175278373,1406575692725,1412120576524
5E2C8099F448B756ED3FB35D19B077CEAE77E371,544,8,1406131744482,1406131784975,1412120576524
5E319E767400EA5A66B2CC7572C6DFD1CD203442,680,23,1406254284418,1406254745923,1412120576524
5E386A395F2354C3AB3E72EA4AE7554F8C51557E,400,1,1405619294920,1405619294920,1412120576524
5E42F5CB91A89EFDFB9CEB86D34EAD5403D48BC5,1260,9,1404613942901,1404618887116,1412120576524
5E4774F1AE8B8D3CA2D6FC06C95E7735FEA73079,400,4,1405554223260,1405554223260,1412120576524
5E48CDE9AE3C70FF16FAA581EA6A65032408751D,488,10,1405563494228,1405563700802,1412120576524
5E527FABB6C6469302EEFC81A11E6118BA303EC6,400,1,1405490818238,1405490818238,1412120576524
5E5E2591B96C898EED20645F8DBFF864AE5C40DD,760,4,1405477427775,1405478929001,1412120576524
5E5F4AF46A2585E996E922FCABCC1428E8CDF754,760,20,1405312539581,1405446145754,1412120576524
5E62CACD9C2243AA130DF30DFD252C14BEE8A736,760,39,1405069061508,1405069245763,1412120576524
5E667E8126C6B2A8508E33EEAF37790A7C6B5597,680,15,1406221369281,1406221733204,1412120576524
5E69425F122442C1184C0BD94B734AECEB9AEC2C,680,16,1406064861235,1406171902927,1412120576524
5E6A9B45908F27DEE78D718005D29AA76ED23D08,400,1,1406183429257,1406183429257,1412120576524
5E6D6CE22320E143CD0D1B663B6FDD6F841C24CC,608,10,1404957470779,1405561728850,1412120576524
5E73026707C435F1634B9A6ED353A6447DE661F4,2000,29,1404768858884,1411258013202,1412120576524
5E755AC3008D89665C5F7E05165EF4F0CAE852F9,440,5,1404303967077,1404304104929,1412120576524
5E76D6ED766636DAF7D8C69FD8D57C42B732E8EB,544,6,1406661630309,1406661635632,1412120576524
5E8DA5AE3B36481D240A1BAD7C1E510499DFA35D,400,2,1404895675266,1404895675266,1412120576524
5E8E1109C972D5A1012F88AA7028ED0D7FFC68E7,5000,18,1406397028597,1406473801891,1412120576524
5E928D60D1F21D7EC4201AFCAB21581113764475,5000,14,1405304417753,1405530197861,1412120576524
5EA5DA72728519A2DEC13C6D55D432A91E09AF8D,5000,15,1405158280138,1405159967202,1412120576524
5EA91D5CAEF47F8CE761749008AF0C8E3FDB889D,400,1,1405151737030,1405151737030,1412120576524
5EAB30DA313B662E5E88016146B1B93F1D3342A5,2000,39,1405733567733,1405905506802,1412120576524
5EAF9D4F5426061A2C60C06B7F9AB3E1F5701F98,5000,12,1405147145159,1408554673029,1412120576524
5EBBCD81C573422EE2C9F29CCC8D668B27A87BFF,760,8,1405047484641,1405047512678,1412120576524
5EBE50583BF5475AD635A9C0D8D1FA98B3912FDD,400,1,1405088916234,1405088916234,1412120576524
5EC63EF0D73DCF29105622864DDE23989753284E,15000,109,1405184666746,1407005246238,1412120576524
5ED6A94E9BA6E808A76932D4674C3BDD8FBCE8F8,400,1,1406152124445,1406152124445,1412120576524
5EDAB5BC1F791DB6A1C10B92432F10C0EA02ED6A,544,11,1406060743143,1406060854724,1412120576524
5EE0BA974311E47DB5729EE7CA6142F259AA7E50,544,12,1404996425917,1404996781623,1412120576524
5EE1E098FD67FD2CA3F57593631877F2DC219F65,440,5,1406585331126,1406585499929,1412120576524
5EE27659EF7CFC034C540E1711FC3D69B7CAA116,400,2,1406352813961,1406352813961,1412120576524
5EE62200AFCB733318665F120E53B5AA759FE3FD,760,20,1405265337444,1405266167847,1412120576524
5EF49678EEC022370099DC2D2C4075A1C4034493,608,7,1406265163191,1406265190229,1412120576524
5EF64657A18DEE40BFF8D025E1836B3644D39035,680,8,1405924499300,1405924742685,1412120576524
5EF8073D5C03ABE9AFD1F4A721FC70E854642699,2000,44,1405229636658,1405574717111,1412120576524
5EFE1BBA040DB2571A31FA46BF05845D6009C6C4,2000,34,1405299231961,1405355083487,1412120576524
5F0544DE81FF242199015D03AE57705823CC8E6A,20000,109,1404871847094,1405365589509,1412120576524
5F10F773C24212CE928F9D3FB79F4BCAC8C40166,680,2,1405473092267,1405473110766,1412120576524
5F115F24FA3A50E774C3B09FB0DFA0E7C78D2468,2000,32,1405637933161,1405639640108,1412120576524
5F12FFB1E65E20C4A7CA715B113290CA50A77E08,5000,33,1405361890709,1405779073815,1412120576524
5F1C3C0DAC9B845435807A8AC9AF4102C5B1CE4D,488,8,1405494915596,1407722545231,1412120576524
5F1E798ACC0168C78866183157B7B65C69C7AEA8,2000,26,1405491840124,1406235906354,1412120576524
5F22D49ABF841966EE11971987D0E0CBA3AB72C8,400,2,1406578399771,1406580046909,1412120576524
5F257B3A783ABA0AC25B62A522151FFED36F4015,680,13,1405221366010,1405815722651,1412120576524
5F408C7CA265DB3CAADDD3621A69F97113BE4ED8,400,1,1405819527245,1405819527245,1412120576524
5F441CA94D252F81CA3BB552F44A618DC3F4278B,680,9,1405061275626,1405061357045,1412120576524
5F5DB8C51AB2832B984BDCEE9B66A9255F134E5E,5000,5,1406435611313,1406436192782,1412120576524
5F66AB72477C51EC78391217996AEEAFBE3A1E8F,2000,34,1405636629301,1406067617640,1412120576524
5F6841C6807996F78770E3ED830684D988817072,400,1,1405128435162,1405128435162,1412120576524
5F8B911394CED28AA78BD714B494DB490E279A86,760,23,1405083242524,1405144640205,1412120576524
5F8BA7E313026E82BEF8A3C06A8981A1026AEED1,400,1,1405675204877,1405675204877,1412120576524
5F904342FF395BAEDCF4BB79C4AFC5BE590CE975,2000,22,1405724597326,1406041226614,1412120576524
5F97FE54DBBF25B458F6A1C95630D586A987A8A8,400,1,1405875930388,1405875930388,1412120576524
5FA86C97A2B0470A3F4EA22FBD5A5D309E5A8927,760,38,1404876883391,1404877092667,1412120576524
5FB3D591D37982BD7BE8907D72312CD5744E1A51,9500,112,1405516341036,1405518833359,1412120576524
5FBA6FE4977F783D58C1B1F0076DFCBFE2BD94CB,544,11,1405094345600,1405094368014,1412120576524
5FC5265CDB3BA139C3F5132FA8D17A2150B11A1D,488,9,1406393182812,1406436321185,1412120576524
5FCBF3DDAAEFF7919559937E49DFBA3639B14B26,5000,22,1406069899899,1406160657297,1412120576524
5FE9C7E9812B8C2817AE3AF8D7BD5217E65CD09D,488,9,1405073548967,1405073712421,1412120576524
5FEA49D9C5B335004692A76F3845CBB94A0CC977,2000,24,1404871909967,1404873139017,1412120576524
5FF5279B10A0F0ADCB20E7E259267AB0702E48DF,760,8,1406776471366,1407036016261,1412120576524
5FF6D89A92C46047CC05B4A93F82B18FF8DF9D69,400,2,1405317336913,1405317913504,1412120576524
5FF6F5CE97919EF076161045C42CA7F353B5FFD3,5000,7,1405280819329,1405605686058,1412120576524
5FFED935271525E430B1403416A1866DD0989E62,760,14,1405146600237,1405655697276,1412120576524
6006EE48C87AA7E1FBE674F9EFA1A52A61845722,760,14,1405303299050,1405305127798,1412120576524
600E16A8D3E880F508F0CFFFCB930D20BB0172ED,760,12,1405212382750,1405212470482,1412120576524
60119866517C619D58E0A4F2A6842AC62395E660,36000,213,1405445336314,1409663639426,1412120576524
60182AE04E274CDD61CC6106C8AF3092F9A01C7F,2000,22,1405094499386,1405126681524,1412120576524
601C7572B9E75F2470092D2407408FD0805D44C7,5000,37,1404276992114,1404278586106,1412120576524
601D11DD3E89F35185E23968E90DA6600ABA94C5,760,39,1406091348967,1406091674951,1412120576524
601D7E4DCC198D20405ECA2AFE438095E8673020,15000,84,1404873381786,1405265043145,1412120576524
602665617F1B74F347A60772D38365902A7E588C,440,3,1406615921223,1406616269480,1412120576524
602DCA24B6C8A2E9F1CE3A154F3B10D096C9CEAF,5000,48,1406239681485,1406422502296,1412120576524
60311D76B894680C2EA49418226B74CA094EF914,2000,3,1405249371001,1406572111473,1412120576524
603194BA855C97F43CAD5E07CF26023A5F5CB008,5000,21,1405295144125,1405569882681,1412120576524
603329EC2A59223789B4FDDAE0E2C4B2CF603AF5,5000,36,1404962852647,1405102384285,1412120576524
603D7AE31110CDB3FB2F58E613F6172E57418D4E,2000,23,1405847583385,1405848693018,1412120576524
603D97AC1097AF1F53D7318300BD69D3F03C3C4A,2000,24,1405553960144,1405879314302,1412120576524
604B7BB32B94FEDD2A9AF288FE8D5F9C1C0231EC,760,12,1405566795451,1405567129898,1412120576524
604E878F480EA4605167E64F1692808E45F21C7F,5000,19,1405401837893,1405770659566,1412120576524
605A6464108D75C2671F2062B7365F983AAD6DB8,400,4,1405947674370,1405948152273,1412120576524
6061DA514AC6FAC1944E2B0AA5213CD550526BAD,2000,23,1405190841606,1405193754961,1412120576524
6065F48321BBC8CCC7E538C0EFC8610DDAE26AEF,1650,7,1405347817141,1405909049132,1412120576524
60758A9613F2640E1010B92B6493F2E223D9A6FE,5000,13,1405486260211,1405544200154,1412120576524
6075E8C311C45FD2C42661C9D17D3DF2E942F135,440,7,1405786119912,1405786172518,1412120576524
60788E3BFF08C746234970BEA9C36BF9BFED1906,2000,37,1405955247546,1410292714088,1412120576524
60867F3B24210FE87F0B1827D5DB23FEAC4D2490,5000,6,1405489293658,1405497606778,1412120576524
60945DDAA07DC601511D9267B91891A7636C71B7,2000,41,1404759215688,1405033809354,1412120576524
60B0C146746BC00D54C77AC2FEDD5D4BAB50669B,5000,12,1405565061374,1406066635307,1412120576524
60BCCDD8E7F95273ACE7C7817CEE7A05F0D41D55,400,1,1405217908730,1405217908730,1412120576524
60C748445BC7317660054A4F5892F01F608103CC,5000,7,1405241168150,1405241418679,1412120576524
60CC36B8A4F932EF939A640F20F072BF6EAAB194,488,4,1405490642616,1405490741831,1412120576524
60D56A92D98E5CE02262544F07990CB2C9A92E8E,760,16,1405747398268,1405747617236,1412120576524
60DE2BC9AF1A4D833645B837946D38AE763DBC5B,400,1,1405096456935,1405096456935,1412120576524
60E21815DA32DD2E83C3A8B62C375CB2479A6921,5000,23,1406563990904,1406590384174,1412120576524
60E752C59BC1D1327FBD64033B90306003819692,440,5,1406065000916,1406065090748,1412120576524
60F089121D46DD17658DB32255811A29B9763A20,760,17,1405718566808,1405719035316,1412120576524
60F3DBE93F3556701E66658EEB1618699E696E85,2000,29,1406647385148,1406868548268,1412120576524
60FCBB771D0DD5B0AC14A9807E9B839C0A9BCC7F,20000,77,1405009872061,1406158134855,1412120576524
6104E80DDF783CB9B84CBA981CA06A5F238CEB97,760,40,1405914446168,1405915060514,1412120576524
610E11A8723D22B8EDFA0494A46BDF59EDC2CB25,400,1,1405397430473,1405397430473,1412120576524
611032E64601FEBCEF3B983A6DFE3E394267428C,760,15,1404686406411,1404686824234,1412120576524
61195DA8FD8A19B3B3529B559EB5997C55D593AB,80000,297,1405302136473,1406243753976,1412120576524
6127670F1C656E5E9FC332AB0E5D47C5A1A4D08C,2000,47,1406153762934,1406333269755,1412120576524
612AE483FF79C797F1A454D4A41BE2FCA38BE8C0,2000,22,1405571316083,1406404341183,1412120576524
612CF53ABF082655996817E80467CA2C3B2886EA,5000,34,1405709507976,1405728348266,1412120576524
612D85FFA489AD4D08ED974153104C74E2525C83,2000,25,1405285263455,1405291831381,1412120576524
61303BB83426270A6F32F27D96DF7B5422D82323,5000,5,1406587320799,1409247274189,1412120576524
61323163080B52E4D975383288AEB6FD3CBCF815,760,25,1405727521697,1405728581721,1412120576524
6133567DC958B90112F174F09C901BB042B3A628,20000,236,1404905187415,1404920066653,1412120576524
6138C5693920FEACD1B326CEB18F4B591D557A41,760,12,1405302366633,1405302853955,1412120576524
6147001FFFCF9D3DAB3691FCD83F82A03B87FE29,40000,259,1405219127964,1409898029941,1412120576524
614A082CADD760530A478BB6E3920AF95C2B535D,2000,34,1406047158432,1406219386405,1412120576524
6150FAB4EB0D449D75A92606B91D83DE2CE2D767,760,18,1406081525529,1406082040503,1412120576524
61549A55994C9976381ECD64FF3393BA890855AF,8000,42,1404889448459,1405370555563,1412120576524
61758672C59A6D8A093BB7736FBAA5292AE08BD1,608,22,1405438241457,1407050516071,1412120576524
6185962813FB70DAA98946C8A8F413566D498162,5000,4,1406322722871,1406390750885,1412120576524
6185BC8AEC8A323248F45609A445446D9305E8F6,2000,2,1405570404758,1405574320246,1412120576524
61901F2473D0D96DEE03A8C71CA3E386CE0203F4,5000,21,1405153985788,1405226881019,1412120576524
6194D77A5BE719D51BD7C04C1CC23A7E8B83139A,488,10,1405435931590,1405588803966,1412120576524
61A45EB92C89C6D0AFD952F081194BA81A10D876,2000,41,1405794987588,1408149944783,1412120576524
61AC6A463760B2FCC5FE616602F6D6AB78EEDEE4,544,16,1405863540590,1411940967033,1412120576524
61B787ABE8D485C27130BBCC355560DE337DC7C6,2000,23,1405081941312,1407549045994,1412120576524
61C27293E6BA5FD832EB52C1C7EE68B7051455EF,760,19,1406092987413,1406094020550,1412120576524
61C642E00638A9C340DA041B81765364B41A6BE2,2000,47,1405147391601,1405810846456,1412120576524
61CA5503B528C5427F65379CF18CA1D3D5A53791,400,2,1405907014410,1405907208338,1412120576524
61E183BBE43F46B19C8899475AFC6E2CD9DEB86F,440,7,1405278120621,1405279002372,1412120576524
61E1DF96A73D768053CC8A55A0781B1B5CF6C76F,440,7,1405962052835,1405962087971,1412120576524
61EA55FA2E9A4A00B80E19BA9FBF32F82DF8DAB2,5000,10,1405344813787,1407084553513,1412120576524
61FEF3031E262A07E64243A119BA01404E824D1C,608,26,1405670022034,1405811557152,1412120576524
620DAF573B39B20FD41A0E2255433B6C64ABD329,2000,35,1405756938416,1406223786020,1412120576524
6216DB9A21ED091A29938F8CCC6671BAE462BDEF,760,22,1404954729163,1405285264752,1412120576524
6221803D0C8FB123213303FEE54B6CB86179916A,5000,65,1405218145149,1405287113568,1412120576524
6233CD6DCCD414756DA14FE4D8D5DA2944F0D742,440,2,1405620462637,1405620462637,1412120576524
6245A206AACC78C6939DECAE706FA623A28BCD30,440,2,1405292084548,1405308899960,1412120576524
62534752881750C872D548B8DC9FF8813686DA9E,760,26,1405731516812,1405984169843,1412120576524
625C1E84AF803833B834D55809458155BD8EC342,760,10,1404931488124,1404931794939,1412120576524
625C83DF328A0753FBC1595426CC4D1F212E398E,5000,15,1405385741990,1405786314079,1412120576524
6261BE411BAA3CB107A5174C04F7DA74C183BCED,680,8,1404440147590,1404509740087,1412120576524
626E471E4B75AD3B6AF2CF8D8640C97CC9AE1293,544,11,1405313851269,1405475149556,1412120576524
6274CA5514DB18F71F690D3730BC59CEE8F8FD88,400,1,1405007344478,1405007344478,1412120576524
62765C1592E60D24663AF1D24A7544BFB74D2CC1,5000,39,1404876002322,1405641523373,1412120576524
6279E6B0FBB961005A0ED39C026D2EEEC979B779,2000,17,1405466830510,1405467597701,1412120576524
627A56345C054FE83DEDB66CA64C72264BBC2A96,5000,47,1404918340899,1404955087778,1412120576524
627D1BA7F2CD40DF3CB19AE3AFBFB1DCFCA2A971,2000,59,1405997369449,1406488615211,1412120576524
628A5598E3EACA6DE77B4731A9FC914BC5176F62,400,1,1404426118821,1404426118821,1412120576524
62913E9A260D4BE3C8CA0C1D279547CDF3A52DFB,2000,44,1405402400781,1405613249036,1412120576524
629672BAAB268B8D17850EF3F0D5A7EE6EA97083,20000,99,1405426422713,1405596135406,1412120576524
62973133EB2544AF1E36150E9A0B631757359956,5000,30,1405718171429,1406290694192,1412120576524
62A30E671EE576673A7D9957BCFC45062EDACE7B,680,15,1405785874198,1405786439331,1412120576524
62AF4366106154616D087DC7940211954A3051DA,400,1,1406746113923,1406746113923,1412120576524
62CA139D3399A9546C13CC20CE48AC6E48C75F59,680,7,1406094272029,1406094346704,1412120576524
62CFF1A3D2BEE453D4CC1C5D6FDA717A35976FE0,440,4,1405423617230,1405423647222,1412120576524
62D2417500D0D8F1597368C8B38D8A539645B01A,680,6,1405624168607,1405624226933,1412120576524
62D3744F0336A65182F67E43E91A0ADF447DED04,400,1,1405085514522,1405085514522,1412120576524
62DB0E0DDC2D0E02A9F1A5B3FBD44458FE9FC389,488,9,1405336214467,1405336620743,1412120576524
62DC6AF7E3ED4E3AB33E4CE085ECA4335EDE3102,400,1,1405231507059,1405231507059,1412120576524
62DF4AE188A562F3F582290D25CE034EAA6BB22D,400,1,1405132073571,1405132073571,1412120576524
62E5BFBCBA56914B10A9F17DE25079DFA8B26DCC,2000,17,1405483582757,1405486040028,1412120576524
62ED9EC30352100823CEAAF83E71116BAE9E8D66,400,1,1405045500312,1405045500312,1412120576524
62FD74C739D5C7213E13DE8FE713E76598B51DD1,2000,26,1405140688838,1405187111522,1412120576524
630554715FC749CB315D17601D7AA97FD1D767DE,680,6,1405457478567,1405457500488,1412120576524
63075A3CBAF04F940BA2B7257CBFC9ED7119CBDD,544,8,1406190532281,1406190637583,1412120576524
630EE237D97C9B99E2B947C22EA6C6724D21AE1D,760,29,1406415104922,1406470145109,1412120576524
631570C3AE1A68AE6C8AD989E8EDE8DBF30BCE14,680,8,1404714738061,1404800268191,1412120576524
631E9B28B478C8B0CF5FA20CF2E875407477EAE4,608,18,1405571668313,1405572001759,1412120576524
6325C1360E55ACE703D8865EA32CFF8CB3221CE4,400,2,1405483597641,1405567587156,1412120576524
6329527F7FA393BC27786DDCBEDC943A643E4C8F,488,8,1406329688784,1406331914061,1412120576524
6332C55DC631FE19096266C36339BA301D836295,15000,91,1404956648835,1405632297346,1412120576524
6335D9C209E5E608192E1492C273F9D7C1BC5B53,760,35,1407721240186,1408405245741,1412120576524
634DB10824E9A7CC9C05994F2A55E3EA4CB71F48,400,1,1405448004412,1405448004412,1412120576524
634E1F05FD47E7726404BDCD9C0887590E95FD4D,2000,7,1405481143763,1408761821945,1412120576524
634F56EB7F9ADFEFBF165BDA0D83A9FC9A493340,5000,6,1405710094111,1405710408446,1412120576524
635C96E972C60553F6E9D6CBE1DB1BBB256B3B7C,760,19,1405922667311,1406132833410,1412120576524
636101685157BE8519F088960E582056C156541C,5000,29,1405346202434,1405347683225,1412120576524
636221CA16155200BBD722BF411F070138FF88C8,950,16,1405838906348,1405893739282,1412120576524
63633A15426EFCBA8465E8EEE8114BE3B14E4485,760,16,1405482912788,1405497120956,1412120576524
63695A6592983F958E74E81779A95D3595093EB2,2000,36,1404976913353,1405174680084,1412120576524
636D4407FA53B88A3F3F9B726AB70C6F7A1327B1,400,1,1405618006505,1405618006505,1412120576524
637B9DE66746130BA7889B07D30E4B02DAE1F6C4,544,13,1405848060792,1405848448798,1412120576524
6380A7A12A309EE02D3D27110C1DDEB7C1CEA622,400,1,1405746235203,1405746235203,1412120576524
6380C1D9CF7EB1F61E41557B9A3C135CCE73D49F,488,4,1405300805100,1405300968608,1412120576524
63812D87943707933C085C26D2DB54F0B382742C,400,2,1405383812067,1405383812067,1412120576524
6382ED527FA9EC23E2B7B26A7E68AFC979E2B647,760,14,1408712249752,1408712766292,1412120576524
638890229E09A3434DAD539878BE80A096686E51,400,1,1405501271647,1405501271647,1412120576524
6389FA038E8046FAF0DD39353A0ED4B734DB9E37,400,1,1405635093748,1405635093748,1412120576524
638BAA5D39FE6C4FF8CCD4426B9922D19A96CA78,400,2,1405660132886,1405660132886,1412120576524
638EB3C245A907D9337F0CA2BB9E097AC1AC47BE,400,5,1406465188545,1406465188545,1412120576524
639CBB9CB2BD1FE24734963B6935D3004370AE4F,488,12,1404923662501,1404923996224,1412120576524
639DD7615EE8F44E454584D1C611BE206C4C9E91,400,1,1405769797603,1405769797603,1412120576524
63A1DA7D97353B4462AFCCD051DC2721ED4592E1,15000,86,1405173125686,1406683677140,1412120576524
63A85FF61A92D748D68BDA36670A1A26CC8F37B8,5000,15,1405008709658,1405010638385,1412120576524
63A9216A82E8B5075DEE7DDD9BA0BAC45B5052AA,400,1,1405386901685,1405386901685,1412120576524
63AA0CAA4D6B858AC9C12416CF458599B36282D6,544,20,1405603167818,1405701539933,1412120576524
63B3A94F4C3613413C909081353A79C80F63D2ED,760,36,1405227292298,1405229027288,1412120576524
63BD554ADDC7A543408BDE70D83B141080EE1239,760,8,1405130421536,1405130461704,1412120576524
63BFC16E2C4042973CFCF6564DDFD09DAA79AA90,440,2,1404962207844,1404962207844,1412120576524
63BFD298E47F9010129DAB28C9390E645FA67BBD,400,2,1405573136862,1405573136862,1412120576524
63D7EA3B54AEA4279461D21D29B8E4E8B41FC3E9,5000,10,1404960515245,1405021395644,1412120576524
63DCE36A5C23A95B12E673EB84AF09A32A73B06D,2000,30,1405410044786,1405410950821,1412120576524
63EDFB0E619ED4F080E33606C51419000BA47810,5000,3,1404372230448,1409209616308,1412120576524
63FFFD407C789F78F2B77AA7E6AE67355FBAC5D6,608,8,1407802515888,1407802852123,1412120576524
640C145FA3F9BDA6CA5CEABF3D66C3F27C876327,36000,122,1405231246353,1408418233701,1412120576524
642506204033EFD81CA5EB5E78BBA6379D2B6C40,400,5,1405439470671,1405441247952,1412120576524
6430980B5C45D537B91111F2769C433221B9D586,544,17,1404871668741,1404871967083,1412120576524
643727A698401A5B8FF7AA7A39B80DA0CC4E1223,440,2,1405738224364,1405738224364,1412120576524
64385D543F91588DA83BAAD7F2802B7C803AF8D7,440,3,1404877275858,1404947303161,1412120576524
643C042A02F75CA4236383131ECD0E3520F93508,760,25,1405612717559,1405631733712,1412120576524
6459823E3AA887475E89C71E1F3200FCE946B4BB,760,30,1405645714824,1406405718628,1412120576524
646B9C995E73BD6D89212B87D68E23DB36A13BA9,760,16,1406108426385,1406295219875,1412120576524
647F3D6A862790D4415C3689122EFA59E1449F34,760,32,1406109540866,1406143505595,1412120576524
64915B36E3991D906BC42AD78576A93E82F4560C,440,8,1405010871484,1405011032003,1412120576524
649F3500CB5C245019C0C50100A8116B5B5C4A96,400,1,1404933744283,1404933744283,1412120576524
64A6FD4DBBFEADF2D6281E2394554BAFCD09B577,400,1,1411654439283,1411654439283,1412120576524
64ABEBDD85DB7C2BE111CD778DED0C51EC72DA65,20000,21,1404984304355,1405156113407,1412120576524
64AD605855EEA797CBE09ADD298BE35E3F8A009A,400,1,1405844212460,1405844212460,1412120576524
64AEE9E2C73EA670F82F082137E2149285640B23,400,4,1406493114911,1406493313139,1412120576524
64B09287A06B09D89DCFB315CD7D90BABABD8D7F,750,8,1405472875212,1405474753360,1412120576524
64B12C4BB991709BB4F531C945E62845C9A5C6CB,8000,48,1404865690498,1405475874619,1412120576524
64B790305291F91DFF0AFEA4AA0710D6947BCF70,400,1,1406047546991,1406047546991,1412120576524
64C543A46179C363198CFC6965E7B243A8BD649B,440,8,1405148374443,1405148392684,1412120576524
64D433BCD08092AEBF299A176EB06D84DF2E6E94,15000,64,1405231894766,1405928590990,1412120576524
64D582AEB52FF1A120FCAD80B541C0CDA7BA9569,2000,37,1406645076208,1406733054824,1412120576524
64DDE8D98DC953F56E65B1DCDE587E50CC954DEB,5000,3,1405821213571,1405821466225,1412120576524
64E0246DA9C580F1B60B3F905CE86050E707D1C0,5000,21,1405473145372,1405776539472,1412120576524
64E708BF5ED33348E60A105037F216C68D5F8D69,750,28,1405576338526,1405578322611,1412120576524
64E765236A03EB5D53BFDA5B9866353B58F182B3,400,1,1405740410414,1405740410414,1412120576524
64E88CB8D3441F3EBAE743F6A2FC81897DBF20E5,5000,15,1405425058790,1405585644646,1412120576524
64F066DF67D5548FE9E8E3E026DF6DC61E94FB73,5000,40,1405701845351,1406596788463,1412120576524
6502D7191FEA2A453FB2ADF0975932DE0B964E9A,5000,7,1405183286473,1405206675347,1412120576524
65085D6CB8B1F9C04163AD527D96E3CA55AC1655,760,11,1405516107357,1405689338410,1412120576524
6516937646068A997B178011BEDACB14EF45B589,760,27,1407705157431,1407706276712,1412120576524
651A50430F81EA1BEFA702735E61542A2902835E,680,13,1405304976096,1405305833935,1412120576524
6520565D769ECEF5EF0D14EE196092C0F7DD53B1,760,11,1405968648329,1405968867533,1412120576524
6520B4B06A3F4BEC0565109F8C2EB19EF5C6AEAB,5000,29,1405313913557,1405628439011,1412120576524
6528662C92F89216E7559430F1195CEF11E5D7E6,2000,27,1405654739968,1405696534298,1412120576524
65309ADA3D1481ABD3651DE30D0D738B75D00746,400,1,1405068361253,1405068361253,1412120576524
65376712885D2D7AE35F6C2D06EE915BB4C92910,15000,70,1404973507323,1405539989121,1412120576524
6546BAFED3884AF2A0F65AB0EAFF5B5774BA4D5E,488,17,1404956706513,1405032256663,1412120576524
65475E6143D083FE4F4CE94A566D8041F1642CD9,544,13,1405104301294,1405105155569,1412120576524
656B31411A5983324C78BDAD44182E354A87E487,400,1,1408873818954,1408873818954,1412120576524
656F1C5CC33A4F95E07DB0356CB1EF96DB9B41EC,608,15,1405888077250,1405888296917,1412120576524
657814879C49BC15B2DB97B40EE1E1DF231423A8,40000,122,1405815976383,1411350628168,1412120576524
65796432C5ECED238F695E6418ABD0B51A532315,400,1,1405121706982,1405121706982,1412120576524
657B32FF71ABDDE40C8D493A30F1CADF8CBCA4C6,5000,4,1406618741243,1406671942153,1412120576524
6590DA02E071DBA28C094B2CD75DFEB971D2798A,608,6,1405484927727,1405485268095,1412120576524
6594F0D6293BB13B18EC55E7A2D48AF23587CD97,608,6,1405450772874,1405470302350,1412120576524
65A4183138646D33819C9B6FA5B4B987F525D1B2,20000,120,1405173343648,1405529397098,1412120576524
65A64442D3A59C2035B0CF38FD220D35DBCFD353,400,1,1405899777897,1405899777897,1412120576524
65B797841D8683A9A998B1EC35B3B620B9856D57,488,12,1404990260739,1404990599582,1412120576524
65B9C1813B5F201D4E7D5865CA9731B9436BBF34,400,1,1404932080459,1404932080459,1412120576524
65BF2DF0AFE98DCE59674F238C68C406E55935DC,680,6,1405005320942,1405005328092,1412120576524
65BF8C255DA42652C94311D50F73D23E83D7FDED,400,1,1405325916083,1405325916083,1412120576524
65C244381592744982795D373CB3A89C2EF88F45,400,1,1405249628150,1405249628150,1412120576524
65C2997B95B588CFF76ADF71E95876B97D9B6F78,440,8,1406682995645,1406683012784,1412120576524
65C48B48955C2E20D959A4B8F3BE98B8B6D8C6BF,5000,49,1405305539242,1405306996171,1412120576524
65CB0465BD608AFCC28839D552C657337524D514,400,1,1405221931287,1405221931287,1412120576524
65D138BE9D1D2FC7E33EF92CDBB7CD4A40D91B06,2000,3,1404287950837,1404481685890,1412120576524
65D530F0860A1E5379D040E87C7590CA738C3AB8,608,6,1406127217459,1406127238445,1412120576524
65DBB0982D6780424553077BBA242D6F078A43AB,544,16,1404925576732,1404932487918,1412120576524
65E4AD333DADA6CEC2FD37981A8A62A88278E760,440,6,1404951307596,1404951324038,1412120576524
65E655B0C56DA1804E891F4853F66E766CAE3246,2000,28,1406172239041,1406211866224,1412120576524
65E8918F3A782FF1FF74B296F06904914E7FBCB7,2000,12,1405314899018,1405402607652,1412120576524
65EA4BE3F3D26ABDF1CFEB7672DF0697C23AE467,2000,18,1405230174625,1408721141332,1412120576524
65FD3DC35DCDA9A33CF79B4C9FB21F71B027423D,2000,34,1404957743507,1405366345063,1412120576524
65FF1F955924AA9761E00F289A9836EB78A99A67,400,1,1405246281131,1405246281131,1412120576524
66018EEC4BEDEF9B977067EC06734C5D54095F5B,680,7,1404985183439,1404985215172,1412120576524
661F2E4FC113E99B3E8BF42841968D482C447FB8,760,32,1406548987287,1406721079892,1412120576524
66216392945AA3B26D7D3BD41C571A38C0076FC5,2000,30,1406407591773,1406682504758,1412120576524
662956BA5FB2AF5ADA583329AE15EB9C526E2FFF,400,2,1405886453469,1405893305778,1412120576524
662CD99DF06184D64276AEE7B924F455463FB25A,680,12,1405055423016,1405055772218,1412120576524
66310AF53463E3A2BA58A9F35963F344E297547D,5000,37,1404967089766,1404973180921,1412120576524
663B9C49D4C32E350F6663C26D9FC81D66A2B09A,544,15,1405649013150,1405649436311,1412120576524
6646F790DF774F3BB83CFC77C2C73B6F1A1A984B,2000,31,1405888954057,1405975627236,1412120576524
6653B669A9D1301AFFDDEBD5C563D796786ED8E4,15000,32,1405313605668,1406763287492,1412120576524
665B3027059CBCDF71379B9498AB62A450EA39CC,70000,144,1404956872810,1410113908507,1412120576524
6660CB892F1FDDB00523106EFBE9E240BE30EB15,400,1,1405566169189,1405566169189,1412120576524
66642A1B32ED1160D95516E7B4F88C21199D99C7,680,6,1405724145079,1405724151458,1412120576524
666A4782FBD0B9983EDEAC7844D9066BC6EAF6C0,5000,8,1405008674990,1405722648980,1412120576524
667B7686B818E63D0641987421F88656B12D6FAA,400,1,1406075725606,1406075725606,1412120576524
667E5DE56E986D6E7ADF932763ED33F6F520A5E4,2000,37,1405222869714,1407124345208,1412120576524
6686ADC9DBE1E043CA72EAE82C647D1581E70870,400,5,1406119443346,1406119443346,1412120576524
6689884A166891D406BAC13C95674425BE1DA43A,608,18,1405302816663,1405467035600,1412120576524
668D4BA0FE0114085EBE6D0CD5AF328116461DED,760,20,1406597222587,1406597853420,1412120576524
6690C1D542CA4D1979C91BF1105FB30475408DEC,950,58,1405473100713,1405622041836,1412120576524
669247C96F7BA6338070EA8864A2DDC3B2499E44,2000,19,1405547625078,1405549014516,1412120576524
66953CA8F61F974B7ACCFF625C145F655CB2693F,680,10,1406753486093,1406753937655,1412120576524
66A850E369C76C62D85CCC08C143DDAAB2A79CAA,544,17,1406106795616,1406107088976,1412120576524
66B191764BA077BFC2B2852C4301DADF083EFC4A,760,17,1405560844397,1405561101965,1412120576524
66B6BC09821DFCA48B6053AD85A601C692BAD98D,5000,27,1405900542713,1407055341515,1412120576524
66B8C50E05552C9231BDEC5D0BEB2C4DFB7DFF38,400,6,1405448041741,1405448076425,1412120576524
66B9D64C9657F16871704676E64EC0E40AB14C8B,2000,46,1405154378089,1405540202256,1412120576524
66BE9E68CEFE4493E850E746B8D26160580854F4,5000,14,1404964962827,1404965607045,1412120576524
66CD12AD764E3A6E0E9FA8960C10FD2AA9111E73,5000,10,1405511575749,1405590145330,1412120576524
66DC192BB80B4FEE499DF979F40B728D207B4511,5000,4,1405628225259,1405702649297,1412120576524
66DCB15B8586892D4DC7996E26D9DA14BE374E8B,20000,69,1405526657462,1407423640249,1412120576524
67099784C1331F56AA68D25C3CCEBA29B3967219,2000,32,1405542578472,1405653600427,1412120576524
6714A72F0622BE283686E80375DFF82569CA6D90,488,10,1405706518662,1405706791251,1412120576524
6729E255AF8E785694F692F66DBFC76BA49BC153,544,15,1405568775807,1405569332149,1412120576524
672A4F30BAC1768868E3ACE7CDDFB49E79F06603,608,6,1405629982438,1405630214061,1412120576524
672C7A3C38F73A084DC04EA3C5CE81FAE2FB4FE9,608,5,1406706917157,1406706917157,1412120576524
672CDAF9F52055EC8FF8512E19A8F6ED44224C5C,760,8,1404966654315,1404966806070,1412120576524
6731ECDF308207C8DB0948F3F80DE359D08E0B1C,20000,103,1405567035247,1407447756226,1412120576524
67336859DB091865EE90DBA26D2889101FB1BD25,400,5,1406121076624,1406121103968,1412120576524
673D3F0EDC60583C359633A266DDAA770E0E6959,5000,29,1405992878801,1406151972497,1412120576524
675771BDAB5E95D33B647E231C31E6DAD3D76996,2000,46,1405320287306,1406799199374,1412120576524
675A877F64B5BB9AA988F656968F2459B03D43BE,2000,29,1405032797781,1409672838577,1412120576524
675F9DC5FD16BC05D4B826CE542CD3776AD562BF,1500,25,1405476103008,1408032709615,1412120576524
67618187484D2EFB660E1D95594CE931741DA495,400,1,1405969483701,1405969483701,1412120576524
67655F6EA583556738AFEEC5D8C062169E2488BE,400,1,1406425566565,1406425566565,1412120576524
676787079DF0A11522A506D487C1844705FDB9C9,20000,70,1405196652292,1406355198421,1412120576524
676DCABD89188A9DCB7236C61CDEFEDD2544EE6E,400,1,1404968640196,1404968640196,1412120576524
676E7C8C7CD93BB9EAEB7284DDBCF2EFFDAB9BFA,760,15,1405231722532,1405241317644,1412120576524
6771C626FB5A011C2C7C8A3463E0F436E3C9C067,2000,31,1405686311575,1405691210084,1412120576524
67782B147B23D6ED864B6A332003EEE37AD194EB,15000,63,1404913343584,1405534380042,1412120576524
677881756E53B66C3A85494387197D9FC9C9FF8D,5000,2,1405886038687,1405886256393,1412120576524
67789E3565F31FBD8C5B2ACEC7F8B68CE5B31FAA,400,1,1405772842150,1405772842150,1412120576524
677EDD8B3161E48A97D50EAD17A897B1E16D77D6,608,19,1405549581279,1406218269402,1412120576524
6780082D800305665FD9DCC6CD75B57D2B721B12,5000,6,1405474213127,1405475761316,1412120576524
67817554CFC4A93E3E0072868BE474C064BE6ED0,760,13,1405702021881,1405702160153,1412120576524
67933BC6C61BDBA180C48AB21A1DB9B047701C00,400,1,1406616536242,1406616536242,1412120576524
67A85EF86C67368B582366A0380226010EAC2185,400,1,1406658285422,1406658285422,1412120576524
67B18B0C3E9CF88361B8893D8A2E54264B8781CD,440,8,1405291052350,1405291263911,1412120576524
67C33860BEBF3559B410C3B3AE61F027775FFC59,20000,137,1405388833288,1407523033110,1412120576524
67C43D8F9778DECC46EF292D5BAB18D6E28F95FB,544,20,1405049148013,1405049371131,1412120576524
67CC04DED80F39D1C476E62CBD5F41CFCACA0B45,9500,59,1405182991708,1407110091698,1412120576524
67DCB31C5A24CBE50839C6579EC8CD73AF237216,400,1,1405782501685,1405782501685,1412120576524
67E1023CE798097B9457457B2D93D5E8BFBF52AF,400,1,1405816395943,1405816395943,1412120576524
67E99876E990AE927BFBC72DA5A16D8FBF21F860,5000,21,1406271883140,1406434852036,1412120576524
67F6B118B0DA1ED66ED8A347BAC52E1FF6D2E731,15000,82,1405114845526,1405456154666,1412120576524
67FC4B665ADB6DB805B2425E0171C6B5AA4C58A8,400,1,1405060623356,1405060623356,1412120576524
67FF1AC9B5DB8B760C93D57BBD1CE658B982D34A,760,12,1405386631837,1405386699203,1412120576524
6809EE476D0517FAACB54A9B36174FF3F38756B7,680,6,1405147146422,1405147167146,1412120576524
6823B31A3F1DACBCC2007C134ACA603D46045141,2000,37,1405202157688,1405625917844,1412120576524
682E127045F8D303BC0F21C73D5F8177E81544D3,760,21,1405742563950,1405743377606,1412120576524
6838AAD75675F6E464881FBAE2CE667D4FD0ABDF,8000,31,1405275544505,1405277960609,1412120576524
683902893861979BEC665EF065244700A8D6CAA3,2000,25,1405994150565,1406042988079,1412120576524
68396F76242AE339F5051CB4BF788E206862DF6A,440,3,1405977055153,1405977055153,1412120576524
68413FCEF8D3EF3E8834B4D5689F1319A087054C,760,31,1405126448656,1405127932874,1412120576524
68469DF728D2B535491967FE5F36342215667C5A,544,13,1405597457858,1405597779208,1412120576524
6846C569A9D394BB8D59071B0C03A7D4DDA23B4D,5000,33,1405573398327,1405657450310,1412120576524
68495C4CD9E2DEC06D17FFCD495655E3D1A067D1,760,23,1405005931303,1405006389853,1412120576524
6850CB6F4F29CA58FBC09F048C2BE35CC8A178F8,680,6,1405113103531,1405113115775,1412120576524
6867D4C6FC768FE15B401118334454272FAE5873,2000,35,1405566323452,1405811774325,1412120576524
6873B80980B459B51219C2359822101B364F3064,5000,14,1406641019092,1406642114044,1412120576524
6877379798DA6C4A10286F3C461195F46453250E,680,7,1406079438525,1406079505020,1412120576524
687CA7E49CD10187DDF7F37D5F7C401AB3EE5E00,5000,33,1405131245412,1405178811672,1412120576524
689A88DF0C4A508CD6B2917BCDFD324893F01102,400,1,1405502927887,1405502927887,1412120576524
68A54D43858B83D03C5F775625D181DDD4A70FDA,130000,203,1405299728337,1408076940540,1412120576524
68A983AECB9F3AF20CBDE73BC1A788006E0C52A8,760,17,1405524587145,1409306677593,1412120576524
68AAF3177A1D849B01BD56997872F6EC64512AF7,440,2,1409742115664,1409742115664,1412120576524
68AD386571A8956E38E68BE5C7EC4947F257A432,488,11,1405470875808,1405472262810,1412120576524
68B58E3B582729668606747C769B19A595403290,400,1,1405143144274,1405143144274,1412120576524
68B9BF475650430ADB2F29F51E5FC0B2397C4B92,760,16,1406589876156,1406598980266,1412120576524
68BBB1F47C3A1F6806BB55CA112D326B4B366630,760,13,1406089067721,1406089275719,1412120576524
68C27083C20E4FEC7AD9363543812DDFB7C53FA5,400,1,1405903492340,1405903492340,1412120576524
68CEA8107B4074B1A59348BBDA831C0B5A45B166,2000,32,1406317418188,1406391265256,1412120576524
68D56C06F617E4F3CFB0A49E61DA85568346F60D,20000,84,1405486240056,1407888288604,1412120576524
68DA64334C55C22AB90D6B497611C06876942D90,608,10,1406394796260,1406463061106,1412120576524
68DD9FF9B2C3F7F93ECF12C2E440C88D5824DAEC,5000,70,1405640426344,1406185020826,1412120576524
68E3C8A7E1FF5B53EA8C3457999D59A09416BCE9,20000,236,1405056884202,1405218695061,1412120576524
68E7F784784377B25008DCBDA455903B70B3FECC,2000,44,1405739170645,1408740215411,1412120576524
69018B09D57B2D202D50E3211DC2468BFF1FA558,760,15,1406033542437,1406033996326,1412120576524
691067907C33AA4854BFA8E59AE922802A96A77D,5162,55,1405698862875,1405742568314,1412120576524
6918EFAD89128DA24CD85BEC1631666F365933CE,680,6,1405651817845,1405651921319,1412120576524
691F0E31092573DC80E3F4B409A80F33AAE1074B,5000,54,1404921552760,1405099017011,1412120576524
6920947266418575382FF12105B6C3CEEB832532,440,8,1405071567236,1405071585270,1412120576524
692A8517FB11E008BC6313B343F4CBBF8F8A8072,400,1,1405060467291,1405060467291,1412120576524
692B2E069DD8A7AB26C1FEDE2DF5E1D7A0C3D918,440,2,1406331968037,1406331968037,1412120576524
692EE1C6E9B96A8968428B77E6A7AABCCF16D30B,400,1,1406706918408,1406706918408,1412120576524
6931EEF2B10D2DC1DC6ED2C0B93C5EE265D0182B,2000,24,1405446808736,1405447925521,1412120576524
69341FA72D04E8C4C877B728D8AAEFD8B49AEF02,2000,27,1405172825267,1405307857076,1412120576524
6934A24FC8DE560E0A8B484358BAB8ED2193E850,608,11,1404487865293,1404488213884,1412120576524
69363CF018CBFBDDFE8087ABA2D642A456C3C859,440,8,1405442227273,1405442253164,1412120576524
693853A389AC59456E2E3C759EE91AD6D82868E6,488,16,1404864451203,1404864780242,1412120576524
6943D8F6B1A4C0E4E9C3A831E138C63489B8063C,8000,50,1405262194533,1405613028228,1412120576524
6951F969A83C5080D0208175ABD66572D6CE7184,760,11,1405432470690,1405471849335,1412120576524
69566B7FE2690245D05C9E84B0AE21022F0F164E,488,10,1405917363390,1405917599819,1412120576524
6965E253D5A45B0FAFF1FEA598987ABAE427F36F,488,15,1404321805442,1404321955934,1412120576524
696C61F7BD654FD11EF3240BBD61B829D2F0111E,680,27,1406168594388,1406169052070,1412120576524
697288E3F8A991B7621ADF17FBC1EB9FD891F707,400,1,1404883930863,1404883930863,1412120576524
697E9916F248943CFA17113416DA3B33AD26BA27,2000,26,1406085521760,1406086777809,1412120576524
69806336DBC9F0D649BA089F88A517245D8358F0,400,1,1404312838325,1404312838325,1412120576524
69807EDEE94AB8CA41FCF18789A35D9AAB4AE9F6,760,24,1405273281781,1405274163277,1412120576524
69845588480D3265A1BF22197F3A5C4A3B8C37FF,760,9,1406340224804,1406369801273,1412120576524
698A5944B97A8F1E19A57EC2621297E13A7687B2,400,1,1404946322761,1404946322761,1412120576524
698BB5C72A4A62ABB7A82FCA78DDACD6922444D8,680,6,1405845318114,1405845326664,1412120576524
698E141179A7BB8C8CF60C62A232C5287CD3F5C0,2000,27,1405044677835,1405055118583,1412120576524
698F579F79C9E07380914828F5B164B588103748,5000,9,1405061000923,1405413791352,1412120576524
698FD5C2F09F3D761E6A070852C86E95302CB954,5000,15,1405563205498,1406559674706,1412120576524
699B591244C382A633247BFA7C220971BD5B0375,400,2,1404317301295,1404527450359,1412120576524
69A5954EEFC94ED38FC685EB1A671E5A44731027,2000,38,1405411488292,1407451125626,1412120576524
69A78B0C8EB623F62CA153258CEE22175487BDD8,2000,30,1405703627785,1405706624831,1412120576524
69A8F1D5F7C1AD78A7D82F50A956D5AAC4B04AA0,488,6,1405485706845,1405485976096,1412120576524
69A96E09F9AAB3D437745BBF6A7AF010035274D7,15000,69,1405482740167,1407729252099,1412120576524
69B34AC7FEB4834D25FE1A48E01E7EC85DA1D8AD,400,1,1405456585595,1405456585595,1412120576524
69BC091DBD0F3C9A54C810BAD0FBA2DCC4D5D3D0,2000,9,1406252196593,1406252989544,1412120576524
69BEB0D049CBE1340C8609FB46768A51C529F5F0,608,19,1406587726935,1406588376800,1412120576524
69C17296A25A55FF095D8B68B6F6E01EA74D59F6,5000,22,1405186939902,1405828500226,1412120576524
69CD1CC79FEB146608F8225B751C51B4F6C99BB6,2000,26,1405319473425,1405625462256,1412120576524
69D302834B9B15FF46C81DAD6B69392A270D4384,488,12,1406328844654,1406328920239,1412120576524
69D9AB279934BB2350FA92EDCBBA5F04495DC5A9,760,13,1405921505735,1406229596127,1412120576524
69DA2CEDC921BEDFAE57A86BBF856E69BA535CC9,5000,2,1405208549980,1405244376644,1412120576524
69DB581CD1BA788D4E81DF697D72F1516467B5D4,760,32,1404869144416,1404884234643,1412120576524
69DFE9AEDF65898BFB1236766C6897131052FC76,400,1,1405044970273,1405044970273,1412120576524
69E0D0ECAC0F643235EC5E6A62C9C448B8251B53,680,20,1405988127400,1406170419206,1412120576524
69E397B560FC74C713B20467F6148EFA98B49A8B,680,16,1405349350654,1405349651908,1412120576524
69EC3BA448D98134ADD21E4086E1463810024D0F,400,1,1405448018340,1405448018340,1412120576524
69EEA238D46CC06CA69C1CF7B516074F4194434A,2000,30,1405317226008,1405318398577,1412120576524
6A02304C0F41B40C2150AF2F5D2B0D80580FF53C,2000,52,1404956162412,1405102697150,1412120576524
6A02B95F0FF608E87915FFBD78D0408F12FC6E16,400,1,1404882161052,1404882161052,1412120576524
6A03BFA11525AC3E10F034AE42642E4823F705F8,400,1,1405104050964,1405104050964,1412120576524
6A0E1BA1381AAA076F5AE829A3AD17636EDF2FA0,2000,26,1405514385617,1405520101106,1412120576524
6A0ECC404A69B867AD66A1755068BD23F5191C0B,760,14,1404866279257,1404967210669,1412120576524
6A113BC46DFFC7ACFC50224E3AA970A4C341D22D,5000,25,1405087263468,1405331889485,1412120576524
6A11B0290406AF04FBDFF8D7A9E09F606D129D74,400,1,1404698117472,1404698117472,1412120576524
6A1312E199E7A28CE72D631F2F49B52DA4DE8568,544,12,1404999372078,1404999400238,1412120576524
6A1EC2C81551EEFD3C6CD01D0364C089AE30CA5A,488,8,1405606348432,1405606718893,1412120576524
6A20958BBE5103E4AAF7BF12BB68FFA24893D19D,400,1,1404279153889,1404279153889,1412120576524
6A2640E60C62AA01F1836C7D808CC67A23F47F74,760,8,1405392688383,1405392914029,1412120576524
6A48E44CB24AB6F45FF9BEB87F6C9A5ED43D297A,2000,22,1405237959961,1405334683041,1412120576524
6A4B65BBF469D1B9AAF7484EDCC4C04A8C84439E,5000,48,1405180279055,1406990933208,1412120576524
6A4F5A07ED0FF074534B50B4BE476FC9E36D1641,2000,42,1405662412995,1411416803584,1412120576524
6A52F042A3B020B4DBFA07BA07DAC141DB13DC4F,2000,27,1406407070162,1407428212157,1412120576524
6A5F3042B3555C3E7249814DF03E7264CD295D79,5000,26,1405044963754,1405046977183,1412120576524
6A644B136B3C511CAA8C34E042B9A2B5F3C1BBDE,2000,27,1405498389061,1405527925104,1412120576524
6A6B16FD92E5C439D555807C3EE78BC992C06AFA,488,11,1405805684262,1405805885315,1412120576524
6A756D5833905725C0BF93A94645FA24EBF28D5F,2000,46,1406064423903,1406154016583,1412120576524
6A79E132217B250646EEB64C092442B7D4B982FF,400,5,1405363355460,1405363355460,1412120576524
6A9A5617D552328B2F3EE59DEEF974B1771A9021,440,7,1405380925048,1405381229598,1412120576524
6AA4B4D65BFE65B199728B774CE540F7BDE88ECC,5000,12,1405020284566,1405442656913,1412120576524
6AA50057706F39DB4BBA640DF99D1E3F37EAFDDC,440,2,1406184693484,1406184693484,1412120576524
6AA6B73C557711B3AF03E6CC236D3346D51735EC,5000,18,1404961607189,1405110296836,1412120576524
6AAEBB1B273A6BDDA6236F96C62331275779C434,400,1,1405154091296,1405154091296,1412120576524
6AB0B5B2620E70DEFEFC3A031788AA38BE901986,5000,24,1405044774117,1405045932297,1412120576524
6ABA2BCEDAA5455A48200AB3600942E7CFC5242A,5000,51,1405076339568,1405122435224,1412120576524
6ACC4CAAB1C851136C15B682950C3CF24324C160,2000,33,1405291965623,1410977056328,1412120576524
6ACD65A6113DE1F21633E0B545DCFF4DB2C22295,5000,17,1404903482910,1404950784389,1412120576524
6ACD9273D375E690EF57633460C9CD84665BF64B,760,37,1405948843453,1405948957008,1412120576524
6ACDBF13716012E3D2225CFAD8697C3290B0B4CE,488,15,1406568930231,1406568968809,1412120576524
6AD6AE140841FD7FDDE4B1506186B2021FB880DF,760,10,1405111974538,1405112139367,1412120576524
6AD6CDE034281256AB6B18ED0A1F3982021F3CC8,440,6,1405688744620,1405897188647,1412120576524
6AE0A9A7B7899805692EEA7E7DBE4BE7F09E15E4,2000,20,1405475629689,1405598654757,1412120576524
6AE9A6F552A2845B6C51631BD34633647A07238E,2000,2,1405556371160,1405557597716,1412120576524
6AEC07CB4DA24D20AABD2F929151E06EF28F0970,5000,18,1405640561083,1405721624490,1412120576524
6AFDA914267D14194529C611117BED971FC363F8,5000,8,1405569128231,1405569576585,1412120576524
6B0530568F2A710E9B6EBEB4D07450539682B819,20000,77,1404886600996,1406588103792,1412120576524
6B0EA14D513966A3FAD4F589A2F0E2E5EAA06181,400,2,1405804504998,1405804504998,1412120576524
6B0EB7EBDA6DF5F5897A0C46CC506C6BED3E45AF,488,8,1405005540458,1405005562437,1412120576524
6B15A9DDC9B6EDA7B091288CD9744F12B41C0B06,544,20,1405222838671,1405223158405,1412120576524
6B1D19478254BEDD4E3024D4DDB7DB170C7C6447,760,21,1404957558497,1405113771914,1412120576524
6B20985E26AB99C5D9D9AE1C7D54139FFBB56CA1,9500,72,1405412798000,1409107723463,1412120576524
6B20E3F921952D1CE01ECD6D1D50D20A0CC59DC5,2000,30,1406015716020,1406043382531,1412120576524
6B2214A4CA34D6306D215ED2105A0C882B2006CE,760,15,1405472214319,1406595084235,1412120576524
6B27C5BB42042739D13907322C6CE288C043EE21,2000,17,1405039396872,1405040101102,1412120576524
6B2BC0495EF0B5711AC8F4308C97E07CBEEEA440,2000,27,1405875647302,1405878082778,1412120576524
6B2C9AA5141294282B9379D3E665696A23412D3C,5000,22,1405744813857,1405751363550,1412120576524
6B2E56E7061061168651CEFF02A5BA1BB87E6701,20000,98,1404875941878,1405205430898,1412120576524
6B42D333418E25F6DFE5265E32A8E53542C14D7F,400,1,1409414199254,1409414199254,1412120576524
6B452C042BCD59A5F40DA182B4777683D6A271FE,400,1,1405790946867,1405790946867,1412120576524
6B4682268990ACD6CDCE3388BDD5386041881F33,400,1,1405835371461,1405835371461,1412120576524
6B4BE70D5EAF394F3DC3E905DDD25B86097904EE,400,2,1405734785295,1405734840387,1412120576524
6B4EB933B9AF70B9A0090DA879585127724A1065,544,7,1405473016381,1405473685262,1412120576524
6B52E573E06A66FF345462DE36DD2416EEF0FE1E,680,16,1405701761029,1410612737738,1412120576524
6B556C29EF9E02AE6C962C867193A3EC2E6A6832,760,13,1405455661103,1405536567501,1412120576524
6B55CD65B3F8A35BB279D84E54709A401805B345,544,15,1405672163430,1406520140419,1412120576524
6B5B0E4E5E2C93C619CB0565807EA571057DEEEF,608,9,1406074417985,1406074428959,1412120576524
6B6A7D45C2A1FFB6921BAE1F683F39E0ABEA5251,680,6,1406425594028,1406425603893,1412120576524
6B6B2A12DE823CA68437EAAEED8A648F711E3231,2000,41,1405713881489,1405724140883,1412120576524
6B6C29B16E85C47A0FB7148D30AE2BE7FA500AEB,5000,55,1404997170484,1405974542551,1412120576524
6B6DE15473C1E77D6482B7F98FB8C6E8267DD013,680,6,1405399953475,1405399966170,1412120576524
6B7F74EF3659B0BA5DE1674DC6D2CAA63ED6C559,5000,67,1405024586016,1405365457762,1412120576524
6B800CE70A8C8087706EA5C61273494FB35B5CA5,7500,116,1405839988835,1405845201892,1412120576524
6B81437EC8A15308B81168097E849F4474DCB52E,5000,15,1404876464564,1404879324362,1412120576524
6B87FD1539EF699C5C56DBB01303B911E2F78122,440,6,1406688630253,1406688659700,1412120576524
6B8EA1BA5458F2C0E61819184F6E8B71784BAF5A,400,1,1405071193389,1405071193389,1412120576524
6B8F20EFCA9BBC8A5B75C788B12C70F9EB3ACD6D,400,1,1405843043117,1405843043117,1412120576524
6B931A6B6A9BD36EA6FC5CB22670922E25A7269F,440,7,1405212924372,1405212974588,1412120576524
6B988620293C84D7FB331BD1A9217AE3794D677E,400,1,1405733262533,1405733262533,1412120576524
6B99018F191E58C3976B17C768932C5FBD1D2C4A,760,17,1404415718463,1404425494570,1412120576524
6B993DBA65E60E8B2D15BB263CA398420AA9F1A8,400,2,1404887491046,1404887491046,1412120576524
6BAA9BEFEF1313731CAF8982E88ED9A210ED0BDD,400,1,1408070986335,1408070986335,1412120576524
6BB398F8508EFEB4D5D0DA0C3B11363D7B247BA9,5000,75,1405223439374,1408899841334,1412120576524
6BB4B9533B1539A26E97E809D9EDA3B9876B56E5,680,18,1405477452254,1405478146556,1412120576524
6BB6C7E2DBE81132FC487F346395683E9322591C,40000,157,1405317733306,1407970216341,1412120576524
6BB7A8796B6AF8991052BDEF65990AB78662400B,760,13,1405970830288,1406046073068,1412120576524
6BBCD59CCECCD98630E68039852655CDF86E8F27,8000,11,1405197881664,1408058987231,1412120576524
6BBDF8B9C4A142B15DF1B99FD239A9EEEDACCD97,760,21,1405403696415,1405404259639,1412120576524
6BCA572CDC84ABE959BD29676CB462B00A19EFBC,760,16,1405675181473,1405675438846,1412120576524
6BCC36C8BE1F687E0A5E3AA199DB96739954FFFD,5000,24,1404965356431,1404966443878,1412120576524
6BD4C80521C72CCC4169237564DB0066529B9F21,760,28,1405561722022,1411346759825,1412120576524
6BD7ED0B594E1E0613163A286F4715E9024E4072,5000,19,1405633871824,1405650487267,1412120576524
6BDD244DA0D793A38B19F7774624374A91C2DC49,680,7,1405389476332,1405389519010,1412120576524
6BE47B5162EC192FE353FA0B44C4A8A36DF66DFF,440,6,1405118953030,1405118974969,1412120576524
6BEE2C7660A5BF702F52483667671E336B62DE1B,15000,61,1405474398225,1406076893477,1412120576524
6BEEE96AF2A9E78DD7CDB72CC654FE238C8A1902,760,34,1405047839860,1405049097566,1412120576524
6BF179C67ED5A890C241BD9F6F2A0B71EF63B419,400,1,1406429309751,1406429309751,1412120576524
6BFB87757E50E4A531022465EA3B20B81FC5874D,400,4,1406083690083,1406083690083,1412120576524
6C0363DA42B8FF6D34D042F238971E34304085FD,5000,4,1405108872923,1405109435641,1412120576524
6C0576515B4D103AD4C9F7A9A91538B66973B4A4,400,1,1404390895170,1404390895170,1412120576524
6C1D4BE11322FFEE8F7FC66DF5D17C4785FC1E84,2000,35,1405475557358,1406352412789,1412120576524
6C1D9E12965F550754F006BB2180ADBB4E1D038E,400,1,1405545415913,1405545415913,1412120576524
6C23FC717867355D6DC0FBAEA88C5B8C8390B7BE,760,31,1405043395427,1405090444654,1412120576524
6C56173C588DA4BD511BE542799EBCD8D61872C0,5000,74,1405198198677,1405551423545,1412120576524
6C582CFE5F78002D2D92473916C3F0AE17470B9B,544,12,1405434136225,1405434528978,1412120576524
6C5AF4B4BA180586DE835B3ABD62027E6A0B966D,608,11,1405466819905,1405543868391,1412120576524
6C6CF7BFFBDA7832AA5415AEFBF8B9EA7947E1D2,680,7,1405189219528,1405189232987,1412120576524
6C705E88AAC10D604D6A5FDB7325E72EE01B6D1F,544,10,1405732452274,1405732641278,1412120576524
6C7395280CD330344097A51B2515667F19275557,760,18,1405398423682,1405398899133,1412120576524
6C786653A2EBD262A1D282DE05B1DF0B2B11FEE0,760,15,1405256877013,1405321487009,1412120576524
6C83FA26463A0C29E41C444ED7F6074DC6FE6402,488,8,1405638880530,1405638957576,1412120576524
6C896F650EA017A163FC2156D8890E2CD6C488CC,488,10,1405329858322,1405330104485,1412120576524
6C947072844F26FA28E69DE18E68F65E7CC657BB,400,1,1404659044441,1404659044441,1412120576524
6C974A9D90F04411C2697A40E649556B2EA06FED,5000,23,1404867625558,1404933121092,1412120576524
6C9CE4D74AD53696F8F3FABDEC1E6F7EF2D9623B,760,20,1404993873653,1404995135298,1412120576524
6CA159FC0F06C63B6D4D0B054E8BCCFCAE6E76D8,608,25,1406295488604,1406295833178,1412120576524
6CAD9B5A2D2B5349D2E16C6EBCD332AED401DC9E,760,20,1405953856701,1406256796996,1412120576524
6CAEEC2826F16B7271DF1292F0F7E42960D40C55,40000,111,1405055700787,1410208623725,1412120576524
6CBF1598E74FEDE3FBFE0ACFF3143C8A74B30B3E,400,1,1405470143239,1405470143239,1412120576524
6CCA2513AC354DFABF601AAC0F10E43ECC7BD5C1,400,1,1405824904918,1405824904918,1412120576524
6CD0CAC748C031A649F36BCF2FBC802B8DC01428,760,21,1406214516518,1407019133864,1412120576524
6CD1886924F492B8BF47D6A944D9606EBB41DD6E,760,22,1405303183642,1405304052135,1412120576524
6CD5BDB29F09FCF2C513DEA37F571CF022E6E9C2,544,15,1406260199862,1406260361711,1412120576524
6CD5C4058C0C7CBA205FECA9A5F9E32900882ECA,2000,16,1405136167109,1405257757174,1412120576524
6CDFFB69253600C0D9A104B0C4F099FD9D0B256D,760,9,1405267307079,1405615959568,1412120576524
6CE4E9E0EACC761FFB28A6B626E22F0931E6CAA7,2000,52,1406166397168,1406506132402,1412120576524
6CF7385FA768C654A598564B2A26E6859B87689E,400,2,1405873763414,1405873809125,1412120576524
6CF9F7A2F4293D00AAE5FE36C1111B02AD2A750D,5000,24,1405820768068,1405912075275,1412120576524
6CFE4399A9B241EE4FA3193BB624C6D418923798,400,1,1406566006412,1406566006412,1412120576524
6CFE4556E5752DF349E4D771CCA13A6812436573,544,8,1405450523376,1405450539223,1412120576524
6D057446776A98A13B8AD7839E1D0207140310E5,760,20,1405388741888,1405389248545,1412120576524
6D12B40ED3DE3D9D035386EC19577B54D683293C,15000,68,1406149263941,1406390060651,1412120576524
6D13D7051C17AC1A56FEB01016FE80C9F02B1C35,400,1,1405047321072,1405047321072,1412120576524
6D2D1372B3DDCF785284D3EB0D024DEE4F705CD5,440,8,1406239628059,1406239651537,1412120576524
6D2E6A4E0B462AF5C1F38C56B30BD98EEFE9D179,680,4,1405522490070,1405522878039,1412120576524
6D31EB3475BDB680033C79DFAFD52988D47FB09A,680,23,1405186412820,1406123782804,1412120576524
6D460C4570AC3414E02B8BD1140029AAC4B3ABC8,544,20,1405605183218,1406345296840,1412120576524
6D462FFCA78AAD87D4CE12C0160F78268BF33405,400,1,1406203732665,1406203732665,1412120576524
6D46C34C3CEA57A697B68AA7142B28B64269A94B,2000,25,1405533617736,1405621825334,1412120576524
6D4807F2300CC3FBD6AFCD9FA6885154D89553F1,544,16,1405240098626,1405240320809,1412120576524
6D4D3664D32CE6DF44EA9A8069AECFF0921A6123,5000,28,1405828439077,1410122660485,1412120576524
6D56C707AE11C7C46F67C5A1B5C5FE169A475978,5000,39,1405800596295,1405816689517,1412120576524
6D5D11364C632DC1F8BE976F1C3AA83220E89651,2000,52,1405322405172,1405920394536,1412120576524
6D67CE7DBF7A86A65CBBC91401CCB4DD7786D6C9,680,6,1405751190185,1405751197426,1412120576524
6D760BE8B272A53606866791B494910E62FE1D53,5000,71,1405463039379,1407004435491,1412120576524
6D77573A48012B361DD847CE36DB7E5E100D54F2,400,1,1405220101844,1405220101844,1412120576524
6D8E15AB8341389700D23B3D34BEB2521D0DFC4E,544,14,1405178784331,1406129396260,1412120576524
6DA71332D66457228C5624E50E2F4D66228C7D67,5000,30,1405056670298,1405100945166,1412120576524
6DACEF975C883B198FB605E407CE0F5907606131,5000,57,1405664102408,1408962733136,1412120576524
6DB5F2861E06C007C4A030F504F580F9B020215F,15000,62,1405716959538,1407210827998,1412120576524
6DBD8E93AB5065CDE0618CA0634C8A2673DC5126,400,2,1405054865240,1405284182076,1412120576524
6DBEDCD466FE7486BC4871951F6B0EEC1217DAF8,440,8,1404867144532,1404867176772,1412120576524
6DBEED1118736E19685BAEBFAC96AA0A60609E64,760,8,1405227381119,1405227703482,1412120576524
6DC19311533E021A2B01C43EE21FA6CE827BDBE4,5000,9,1404969452759,1404969866871,1412120576524
6DC39FF9F6529F655B9108422C5B3D3430FD8ED9,5000,29,1406144336409,1409349248487,1412120576524
6DC4BF1F305CF7CE9A4CD138F4EFE7B7EA144D83,400,6,1405388251265,1405389233623,1412120576524
6DCAE91BF572DAE33B18E2D9E6B643AA4FEE3F08,2000,37,1406701674082,1406758651029,1412120576524
6DD126790573574A03ACA6858C1D50EDC3AA1DC7,5000,7,1405619057696,1405619374696,1412120576524
6DE101795864E5D3E1C3914E12D81D77826D8F07,760,25,1405178792043,1405333116765,1412120576524
6DE5E079F23F27A072BEDEB0139F6B670B5A2D4D,680,7,1404871890545,1404871909305,1412120576524
6DEB329E46D36AA87D20040B4249003069171D1B,400,1,1405384940350,1405384940350,1412120576524
6DF14366CB2A971C37695F73D09DFFAF48E9C095,400,1,1405717097759,1405717097759,1412120576524
6DF408BA8742DD1659BF9AEE6A15CBDE29DCD023,760,40,1404454261313,1404487925679,1412120576524
6DF74E803B5021541E654D996AC9E8D9181B5E58,544,9,1404271463745,1408073645568,1412120576524
6DFD6469B7B253A4E74C268A35D34F568188AA1B,5000,2,1405219196716,1405219527103,1412120576524
6DFDF3EA65D5DFE4B8C5AC78D5297AF22E487ADC,544,11,1405406909777,1405485585610,1412120576524
6DFEC61E4B7F5BE2AFA6D9F0C56A67D1F009C6A3,5000,79,1405598976739,1406797294687,1412120576524
6DFF8C1F8D0D36F0D3EF31ED0DF7725774F07F29,544,13,1404960665913,1405026498149,1412120576524
6E0826B76173EA148BD49115CED83015EB01F16A,440,2,1406327619020,1406327619020,1412120576524
6E14E8D358C78A02F611F6E3B11F0A7D58F6C1BB,400,1,1405053463151,1405053463151,1412120576524
6E2BB7278841E206CA254553CD23F2537ADA64E2,40000,135,1405733359909,1406830445356,1412120576524
6E2C3B5BFD5799283623271EC9FFE5AED5CA5A3F,680,12,1405147124790,1405147288350,1412120576524
6E2F1A753C3B529B015445B94DF42C25FD3D7EB4,544,9,1405966101542,1405966117758,1412120576524
6E36E62B496402DC58CA7E9A329952EACEF778C0,400,1,1405188449521,1405188449521,1412120576524
6E48ACDACE7CE007C7D0F874B288E5604714DD20,488,8,1405699068413,1405699102343,1412120576524
6E4D60E4B05D55A09933F237E635DC0B9C416F9A,544,13,1405279165333,1405279375305,1412120576524
6E4DEEE16E88381E365C3D8344497B2E6C1605EB,400,1,1405555740507,1405555740507,1412120576524
6E51D9304F1E609B7CA7AA2E78D8F75F2E651DAA,760,9,1405390273588,1405390427433,1412120576524
6E55AF1ABB5F83A9594E8B263A37D39B92224522,2000,27,1405144033389,1405936305094,1412120576524
6E55DD22D2918075931CCCD65844FB7B56D000D3,2000,23,1405300440574,1405396152918,1412120576524
6E5ACA3D04CEA254145F711ABC3790C850B5224F,440,2,1406147745656,1406147745656,1412120576524
6E62C8D4A0DAE0A68441C7D8D95E37E2FC7E5482,608,12,1405234247431,1405240673644,1412120576524
6E7D88C711B37E0A9C28C43CED8781ABC5CE4581,400,2,1405142454237,1405142454237,1412120576524
6E854B1478669D0FF9710B999CA3326C2D940EED,5000,11,1404477518032,1405932048636,1412120576524
6E8E19CA27791556658EA64DEF4F6484EC33A51B,760,37,1404953772348,1405083504778,1412120576524
6E9BB8D320FE2D7CB36FBECB3EA475DA72A48A49,440,8,1405039692792,1405039712701,1412120576524
6E9CD723B85A5B9B521F54A4E5F9B578B88D5266,400,2,1406388658349,1406475390486,1412120576524
6E9FAF7991315BB5D332D74108F5868FB57747C2,760,31,1404923830855,1404935802378,1412120576524
6EAA3185A63CDAB685C1FF9EC198CAC356C9BDA5,760,16,1405818851245,1405819158485,1412120576524
6EB13216E08D41029E93D9BBA8B113C6BF915428,400,1,1406521587310,1406521587310,1412120576524
6EBCEA32B2342318FAC9569591EE2BC3FEF2B983,400,2,1405772489881,1405772763717,1412120576524
6EC2EDE934F63FD9B452ABD06BE6E00B36C99609,2000,36,1404938838163,1404940823893,1412120576524
6ED12B3F4527811C2218CD78B4BC8152D58F7742,440,4,1405085862824,1405085862824,1412120576524
6ED2DAF3372BF820F4DBB096A131A2C6BD33A36E,760,16,1405304077517,1405304477851,1412120576524
6ED44174953C86135F74E0AFC3E76E99EB5DF45F,400,1,1405443801306,1405443801306,1412120576524
6EF366FB8E443873347125BBC0713D9AAE82610B,5000,10,1405624674011,1405625656591,1412120576524
6EFC57F07FD063AD19D7C504A6D618A947CE4E7F,8000,35,1404888812924,1404952672714,1412120576524
6F06260BE545244BD3D719A731804FAC54C298F9,20000,103,1404940618098,1408650568385,1412120576524
6F066C346218B9EBC04120CBBEFA7E8361A6B789,15000,87,1405094075869,1406385158543,1412120576524
6F07A0B802A85CBA046FBDEBB6A8795457C43127,608,12,1405722031062,1406690053310,1412120576524
6F0AB0C3D63C3DEC4B44B76C0BD26C1D24C305A1,2000,69,1404955672833,1405940138762,1412120576524
6F285ADB1548FC06274A7841D1802B51EC92F3C2,680,18,1405303410430,1405304363729,1412120576524
6F335A9A42F691C60D7B8D47A1F1A0BE2576051A,760,8,1405744320727,1405744367629,1412120576524
6F39AB7B0793B4DF3FFBB0807C90A0956A444174,400,2,1405724906499,1405724906499,1412120576524
6F40982F45DB426BC2A6EC0642BFB8E3D3D32D1B,1050,7,1405522885975,1405523131384,1412120576524
6F42EDFEB184FB2E3D8105AC7011F1CBA26C759B,400,1,1405314671737,1405314671737,1412120576524
6F474B067ABD627986D60BBE60EE9F640AF2345C,400,1,1405569997184,1405569997184,1412120576524
6F4CC94CF2CFF6B503CF22A3F12A7E863CC1E7B5,488,11,1405806689922,1405806923490,1412120576524
6F507FF187BE99009A2229F8890FA22F7A1601F9,544,12,1404749794677,1404749829593,1412120576524
6F53050AF78EF079F7A41D1B84D39F41144B04DC,15000,102,1404877116100,1409275593777,1412120576524
6F58C2BF8ABEEE5193EF493096BB5F46FF3DC3E8,760,21,1405797023254,1405892809846,1412120576524
6F61C93389E40EC89FB9CF8F8B7365D41616E7C1,544,8,1406360979151,1406361061021,1412120576524
6F71579E00F3F4CCE05E08CA665BBF13A611A8BF,20000,88,1405309644789,1406526217244,1412120576524
6F780101E0BD0B36971A9C37F080BAB13A28A0E8,5000,39,1405540206421,1405835884687,1412120576524
6F7F765E279B33DF6FEAB1798B361FFF960EC311,440,5,1406308473345,1406308473345,1412120576524
6F888AB5F55EBF6CA1B406BCEE33464B470FC642,400,6,1406646886171,1406647026082,1412120576524
6F8CFB0FDD3E3D89A490F866648EB48B19BCC9D0,5000,9,1405384687775,1405384970884,1412120576524
6F9626C6AA537338511556F3B65C1CB5A2062714,2000,54,1405717236628,1405721468402,1412120576524
6F995BB5B16DC98946E917FBC46F5AFFF62E348B,5000,55,1405556845718,1405651202789,1412120576524
6FACCA3558B130C3034775FF34718D9F460B9CF6,2000,31,1404879256126,1405483017297,1412120576524
6FAF64078EF1560C9DFE34B2181CA0A017CEF775,5000,21,1406186359529,1406368151434,1412120576524
6FB0CB86E6A43045F466B9EF85B28C6D8A32A8E4,20000,80,1405040385685,1406953961450,1412120576524
6FCCC33C776078B2E89D2EA00EC8E8CEAF365082,400,1,1405135229535,1405135229535,1412120576524
6FD678CCF012DF61DCF5B5D42DE2F785D0DA1E70,400,1,1404951970744,1404951970744,1412120576524
6FDDBD1541719067D4BF8FC7BB63E8F6C712E370,440,9,1404946068187,1404946465371,1412120576524
6FE22C51EB695660AF6DD9A13FFC88EAA622094D,400,2,1405348023269,1405348023269,1412120576524
6FE9B2F50526DD01E03516D1DC5A7BD55B5E0117,5000,4,1406003819981,1406336629277,1412120576524
6FF0EC3CF49817B5022584D139FC19D005BFF8B3,760,31,1404952864287,1404953622676,1412120576524
6FF7DB91A3F21CE4A6206BDE622AF58C45E1F588,400,1,1404384063514,1404384063514,1412120576524
6FFC7925F3595D674EF0A1817366F28B67FD87FF,2000,40,1405557741723,1405559286351,1412120576524
7001D7918A3A1ED894DC4ED35965612DCF224F51,400,1,1406532598432,1406532598432,1412120576524
70031467257C0B3CC8F1381F71411A86C718AA8D,400,1,1408816578360,1408816578360,1412120576524
7006A01C5A93C3DDC7C5A0027495F649359495E0,400,5,1405672580734,1405672580734,1412120576524
700C1719E8D7A323728953C3935DB3DB40269FD9,400,1,1405599927150,1405599927150,1412120576524
7011860AFCF02305F229F16F74E8B8BB0F8F6385,544,14,1405587241873,1405587476395,1412120576524
701821DC9B4109A0AAE6B441A8E203E4135772B8,440,5,1405046633592,1405046633592,1412120576524
701B8E83AF1BB8914A21CF84B31F1F02C77B0563,544,6,1405576735777,1405578495384,1412120576524
701CFA68B4ECB95731215D8803D91A4E8FD34206,9500,116,1405743402128,1405789385071,1412120576524
701D040CB0C0C9FC754CA6EF5475F65159860019,5000,19,1405536966366,1406668847400,1412120576524
7028864A1BDC1D43BA6320946B22121E071CD6CE,400,1,1407203630467,1407203630467,1412120576524
703E7DA66056374F37549459E6D28AAAC19668A3,2000,27,1405173493486,1405908223206,1412120576524
7047D833F8CEFF825A79FE4A4DDB9FAFF802584D,400,2,1405122205741,1405122349222,1412120576524
704CB75A79C56B950CFEF8882279E80DBC0ADDCF,2000,41,1405060718132,1405988072418,1412120576524
7056F17DC450557FD9CD1C1A0DC6E6A25815E494,5000,35,1405584406052,1405657797028,1412120576524
7060673B53C9842E91FA079F99FD67B0D84C2A03,400,1,1405812653419,1405812653419,1412120576524
707247E96342A4B77536F1E87B2B6B4736A48A56,760,28,1404873451542,1405094541529,1412120576524
70796E56E7CDBE8A03312D6C78DE20F4FFE1648E,400,3,1405222604275,1405222892192,1412120576524
708F550CF9A359196AF9BB9898069C5B4DAEC563,5000,21,1406358244078,1406359191081,1412120576524
709E4481F708AEEC9478C69614D6E9CD21BB9255,608,4,1405549160217,1405549160217,1412120576524
70A6DBED0F7DDE7DEEDB9F5CD96ACC6258C7BF8C,680,15,1407705998887,1407706679874,1412120576524
70AA04430917EBF121C6914C4EFA046019FA1810,400,2,1405432980830,1405433076171,1412120576524
70AA08CC31D67127E341897DE7D9572D844824DE,2000,30,1406339629735,1407895246909,1412120576524
70ACB948F8C74A37C4A910E515BE4BFAA0550F27,488,2,1405488627730,1405488627730,1412120576524
70ADFB3260CB2260DDD715C640E63672BD9E22DF,760,17,1406048978295,1406049441249,1412120576524
70B9B79576D395E39170B59139F83569647170EA,400,1,1404293376782,1404293376782,1412120576524
70DC2E18E93CD89635AF86DA80972F725D36A709,400,6,1405651185477,1405651583397,1412120576524
70DD0A92EDD131F585BAEF50BF0BFA8E0AADD126,680,12,1406362193968,1406362645668,1412120576524
70DFB0E8B2E5D640CDA57B5439B5310289D43975,544,14,1405295605274,1405295710127,1412120576524
70EAB08D6419533B8F355740696444178279647E,760,13,1406518987792,1406530982153,1412120576524
70EE9A16ED34D6C99358505993D87F45D5165F1A,544,8,1405103585628,1405103666929,1412120576524
70F00B24241C2561284ED8B844B222487B7D89E5,5000,25,1405488290058,1412088416865,1412120576524
70F1FD0E203AEC44F70B7A5A494A98E2A1D5F4A9,5000,69,1405922672318,1406104441199,1412120576524
70F5722EEE71D3AD821AECEFE0E62D4B35DAC367,400,1,1405632946560,1405632946560,1412120576524
7100954E9956D4E90C869BB4B66D42D1CE353B07,760,21,1405881708891,1405882040377,1412120576524
7103B54AF8820943FDCCEB672C9CBC4FABEB5D87,440,10,1405626819668,1405692922231,1412120576524
71082C3A063F3A12EC207F740616DCBECF724E60,2000,25,1405230996339,1405321865942,1412120576524
710B5F4FE3BFA031BCEA566039EEF4610630B84E,760,11,1405475419904,1405625696744,1412120576524
7114723C30C1C5777AD9B0D0D45D968A8DB387B2,5000,18,1405534112149,1406009206366,1412120576524
7119B39316F004ACC3E1D7464280444BEDBD925C,400,5,1405651242883,1405651361130,1412120576524
711E0C20550CEE9B2EA379B99FB679EB88CC13BF,608,15,1405305521245,1405305546182,1412120576524
71231FC620E9858FBE4F833630AC4EC8F2DAE627,760,24,1405569667701,1405705130887,1412120576524
713004B01F8BCFB19C6EE20763475FC8F7D53DD3,5000,2,1405044327281,1405044688253,1412120576524
713D96A1EA50D6D607205664D0FD1C2FF08E25B8,680,7,1406194855330,1406194939404,1412120576524
7148283D2725CBCFF560E5E5C727081D953BF174,400,1,1405488723987,1405488723987,1412120576524
714BB56C2F07902404B1A2F4026517FC781A6079,608,11,1406942049354,1406942197884,1412120576524
714E1DFAF0B81425B1C2EAA30ED027C7C5A3131E,400,1,1405254668229,1405254668229,1412120576524
715076F9BF8F1704D59D5E191192F9453F3EDEC0,36000,53,1404894490170,1407189915588,1412120576524
715084F86B8CB42133CE3C875D0C78FCB7103CE4,440,5,1405373719117,1405373837456,1412120576524
7152CCCCAF0B32666E3FEBCBB14A462030708FA5,608,21,1406626228682,1406642545410,1412120576524
715B8F79E7E3F7B2B64FB8ED743CEBA9DF5D6BD9,2000,43,1405048946604,1405342351818,1412120576524
715C4BE1F6C8F79E1C1B18EBA292AE8243D31C15,400,1,1405040632322,1405040632322,1412120576524
71665918FB46BC72E762F16C07ADD5E9312A9942,2000,19,1405562827332,1405647249982,1412120576524
716F0339E425E95DCB71E20A406313C1E4D539F7,400,1,1405521460544,1405521460544,1412120576524
71758004A780E77734935B891E1C33411F593386,5000,18,1405797121016,1405797605149,1412120576524
71782A7B6BB3953D0B3D6044B87137D912500F88,440,8,1405170537394,1405170602979,1412120576524
7184921DA65E698DEEAEBD62C2E376B563C439C7,488,9,1405821997514,1405829651731,1412120576524
7187853F12B7476E1164154D423654F5B9CB1327,5000,3,1405147224592,1405147736147,1412120576524
71893CC8D2B44E664012F072EF5DAACCCB389F61,5000,11,1406529507752,1406529992716,1412120576524
718B921FC85251DD567A4307976D315EC63E4CB2,2000,32,1405225002035,1405315779135,1412120576524
719C2568EA1B02CFBCC54F2AE14BDE6682DB21A7,488,4,1406544179304,1406544179304,1412120576524
719E15649D3E389EDB2A4BB6A764258A28B84F0D,544,4,1405343300488,1405343300488,1412120576524
71A95DDAB0577220DC8C779A80238F27EF59CE0C,680,8,1405314208745,1405314464051,1412120576524
71ABDBE7E7204F65AC8C7BEE28A6A63D96D50639,2000,22,1406376716042,1406377509759,1412120576524
71ACDC362170D7713F8784E3491D46E696874B83,400,5,1406145138461,1406145168835,1412120576524
71B0915F3CAD54CC04E95D961EF2A348620F55FF,400,3,1404900602881,1406925309262,1412120576524
71B3EC439C5D773D8EBC272F706859FEADB8CBBB,5000,71,1405255897458,1405391991155,1412120576524
71B7DAFA2312D4090A25D403EFF231CB456D15D5,680,13,1405483951867,1405484583921,1412120576524
71BE7DA9AF1272B33E19E26E49A393350C58D13B,488,11,1405391870854,1405459877532,1412120576524
71D3ECE9621C70211D2078DB19E3B3B83A43E2ED,5000,7,1406066715792,1406238423381,1412120576524
71D587BCBABEC0830422D41BAF43E90D8189CA45,5000,24,1405075722053,1405263755456,1412120576524
71DC8E590D22BDDE4B2B0EDDB33C57835762D8AD,680,17,1405624322215,1405698183369,1412120576524
71EE3853577AECDC8BA672B12EFB11A50F5E4344,760,21,1405169509053,1405212240161,1412120576524
71EF21ED797DA6431C41DC99757F2D7F41150FF6,440,6,1405229496014,1405239080067,1412120576524
71FEBE5D868C1EEF08192F268C0B67D00975FDD3,544,7,1406224429002,1406331207384,1412120576524
7227565D7AF387736ABEC11F57D1876C7C322459,5000,31,1405141097699,1405249128472,1412120576524
722A96187DAA900B083976880B327972A25FF1AD,2000,41,1406412561318,1406514135399,1412120576524
723A54BBC08709C7BAEC809143DB995A3432B51F,760,27,1404957349659,1405466553551,1412120576524
724096F91C6D3A385CFB7BE053BA7DF2779AAB28,15000,73,1404877206705,1405984606303,1412120576524
72446F26479FBD30B5DC6503CAB6E708640A4F00,608,10,1404952135441,1404952445971,1412120576524
7246BB3BE5B4F05E22134D8D0E40C41163295DA5,760,8,1405093038737,1405093236783,1412120576524
724B9CBCC6B2DFC59D01E1A3B84DFC2A63B98804,400,2,1405566505524,1405566856821,1412120576524
724B9F80711C81759EE01A4513C63ED7FB91BEC8,20000,118,1406128334263,1407618031387,1412120576524
725B05A213D276E0478F794E79412D8C91119C63,400,1,1406202111391,1406202111391,1412120576524
725D754286884DE233DAF3835FF744899307C82B,760,27,1405529624254,1405629438138,1412120576524
7260E0BBBA00BD9E4069FA9C181958775454228F,8000,55,1405251616493,1405845874074,1412120576524
726D9E0DC95014AD837F52038E7893EE6DE8EF83,608,18,1405226570001,1405226942970,1412120576524
7272822F859C06A2DD14BADCD6A5413E7083FF9D,5000,16,1406042760515,1406097532261,1412120576524
727EE6D49A50BE6A635624B060C0C44EBE530FFD,760,28,1405907921744,1406058205272,1412120576524
727FC3EADD803AE3767AB1527381C1B723124783,5000,16,1405409674803,1405577055618,1412120576524
7280EF148357574FD0FDDB69AC63E8CBB5BF23C6,760,12,1404995294072,1404995539211,1412120576524
72850DDB315C5C5C2009D172EC43A6620407DE95,5000,37,1406060427203,1406083757244,1412120576524
7285E5DAF56BA311E4B6D994D62E072663726190,680,10,1405510789088,1408573392546,1412120576524
7286E7BADAE509CBCF8AF467EC4152E686F77749,440,9,1405669061090,1405669092065,1412120576524
7288E0E5DD10744DBFCE7FA4A19024EE43E49296,5000,41,1404938296933,1405706803420,1412120576524
728C6280B61C4515E43ED01F477C64D8519CEA16,5000,44,1405760084386,1405839884154,1412120576524
72914145100C0AB87D27B85C4352C0FAA726233C,400,1,1405383032197,1405383032197,1412120576524
72994CE8C9C57C4E9DB4310DB7515EA81FEE84D9,760,16,1405287072361,1405290721896,1412120576524
72A16D44A0336903E42D0BB667F3F7A7455CD871,5000,23,1405480171510,1405886159701,1412120576524
72A2133A5592DDCB327EEF8A965530EDA45045FB,680,14,1405616889384,1406540747550,1412120576524
72A220CB44FB84A38C8B186B72FDD19CC771DEB7,70000,260,1406116281884,1410104078726,1412120576524
72A775D8F2359B2DFA774E50753D0B0386756EB7,15000,69,1405463856598,1405889558549,1412120576524
72AA3C9C0595345E0E28CC7D3AFA0770DE2D4ED7,5000,16,1405051050461,1405213830104,1412120576524
72B02E43FA676B396F65D47933FBDC8A9DB5B533,760,23,1405475596020,1405603920470,1412120576524
72B2593A336F0B97D7875F1A49780318B624D706,2000,2,1405127406771,1405178519187,1412120576524
72B4EF287D2F13CE2018AEBF575EFE9239483EA4,5000,12,1405698248123,1405984418651,1412120576524
72B82537130745815782762C3D7BBF18518A008D,544,16,1405875480833,1405929298176,1412120576524
72ED11626AB1EF0ED8B7B9FCCD4750855155C2E2,5000,16,1405672776286,1405673692215,1412120576524
72EF6E1B5C965648958365C82677CC89E08AAC6C,5000,12,1406159875337,1406208447423,1412120576524
72F4A7D0C3FE801F768DCE35C798B9ECFC970B1E,400,1,1406369300951,1406369300951,1412120576524
72F93DC00E7311BBC9DB2D932E50A57794AA7925,15000,55,1405553505010,1405801698574,1412120576524
72F9637BA51621EE4155373BA9768845EDBF64C3,400,1,1405581153956,1405581153956,1412120576524
73154795F1E2DB0CA9F3724262D7AB6456952AB9,544,13,1406520171518,1408155359157,1412120576524
73197D974289BC6EE53CFACA0319DF60BDD4F67F,760,17,1404389048912,1404389340310,1412120576524
73228D39FCCA775BBAA13C22F6D55799AA4A4F99,1200,23,1405475276076,1407800981381,1412120576524
7331B76D1689C48D60E843159F4AB74609ADC97C,2000,12,1405491550561,1405539639786,1412120576524
7334AB0FE8BF335D82959D293ECAFBD410A42911,440,8,1405800508354,1405800574095,1412120576524
7336E777A238255E8712F1646B147694E16F5D5E,20000,102,1406752370918,1406755084253,1412120576524
733CE2E3B26A4F69CA3B9D9916F81FDBA61A94DB,680,13,1404948120045,1404948275923,1412120576524
7343455C535725E94E612CAF92CB958EF0350D47,5000,18,1404966106901,1405047315619,1412120576524
735068D247CD64A76E4A2CDAEE7F653FCAC16986,488,19,1406242794262,1408059578727,1412120576524
73561EE916D6AEF68933509EE1CD671A71F607F6,488,5,1405911494071,1405963255072,1412120576524
73570A6FD4E1EF2B552B948F73BCB8971F45D87F,760,28,1405044631779,1405111414378,1412120576524
735CE2703FC28BC1F79B12B23EE9D95A3670F1F2,15000,51,1405374966174,1406755485776,1412120576524
73625B92CCBB7EA154668F93A2B80809F2A45967,2000,70,1405568774580,1408737974923,1412120576524
73637B762646818CD7E37963E8E55B59A4A5ACFC,400,1,1405744294092,1405744294092,1412120576524
736B5591056A5435A369E17242C755552C3551CD,5000,16,1406604820780,1406693122144,1412120576524
736C055A7A66824D283A89102CDB940179273E92,608,12,1405387190656,1405387399676,1412120576524
7376B02998B9A0823E98C1A24A3F7F19C5AA5BBD,8000,34,1405053799778,1406154125265,1412120576524
73770689F3875CAC89BC64C935B1686DADAF1CB1,488,5,1405897074950,1405897173672,1412120576524
737D0B8716ECFA0747CBBA1A59BDE2873DB87184,5000,107,1406158035209,1408986188239,1412120576524
737EA99823ACB916B4B2E04DC30776CC189D4831,440,7,1405702829269,1405703171699,1412120576524
737F76DA6ABB4483333503A7FE0D4D4D95DEA077,5000,3,1405232945757,1405233192429,1412120576524
738688B260AA43DA4BB1FFD1D4EA20F80BB40DF7,400,1,1405063241322,1405063241322,1412120576524
739A4027081EDE74BC40027F766DC53FC226DEFB,5000,15,1405638310455,1405638899276,1412120576524
739D0735CE2BD0315EA6F8F78E90D22512BE1EDB,680,7,1406138975654,1406139161006,1412120576524
739EBCC55815108987045DD4C492A33198D348ED,488,7,1406213330799,1406213529543,1412120576524
73AA688EC642C110C2C753F4F6F849C2F8C39C74,36000,109,1405342027662,1406553654620,1412120576524
73AB0763E25B599981AB6AA7D049A29050B631BA,400,1,1405673309092,1405673309092,1412120576524
73B1DBA42ECC56E8C113BD8B050261CAFFD84745,2000,19,1405069898774,1405807683065,1412120576524
73B2CF704C7C521CAD8878D9607377346EFBBB3E,488,16,1405370209530,1405370441016,1412120576524
73C11A667443E09B981C887088453250FA6ECDC8,5162,60,1406748598589,1406749377372,1412120576524
73C4F38D941951449F7CC141E3F59C9C77F113C3,400,1,1405750538392,1405750538392,1412120576524
73C7C011BC962A0BBAE50A9EC75D0F459C60BF05,488,10,1405567294918,1405567305444,1412120576524
73C802083327CAC2BE02B501B800B237A1862311,15000,43,1405516913173,1405794225110,1412120576524
73C816A771985CAAF98E894A5E468D2E3B5D85AC,400,3,1405506068356,1406072237004,1412120576524
73CD4181A3EA4A89546ED44EB6AF8C4F741CF4B8,680,11,1405110736213,1405356959259,1412120576524
73CD4852EE45155A8AA17561DABA9C08BCF748AC,400,5,1405176619466,1405176619466,1412120576524
73E13C9F7BD87793EF9B7878B7C1C5751CC49BCA,15000,115,1405437029211,1410569184253,1412120576524
73F3393BD5DC78AA27021665E9728E6F8131668B,760,20,1405521544910,1405522465784,1412120576524
74083D8A031B7F0829E8B90E1E4FDCB6397A745F,2000,22,1405558346587,1407018484217,1412120576524
7411820AE4B009714A0FC5D0B10635754535A186,400,2,1405116474631,1405116850674,1412120576524
7417B0E9C222B2A52E10BCDDB3B556943275B0A2,400,1,1405531353278,1405531353278,1412120576524
74244E5F97C346922C437368D19A2C91C3B70E10,760,14,1405044317834,1405045096980,1412120576524
74287682A4562C85C2BDF7A0928B0C748DA0E2EB,400,1,1405799257422,1405799257422,1412120576524
7435261962F6B9671EBF1AF0ECFCC6530551B9AC,2000,2,1405051712390,1405094626366,1412120576524
7438752E06F8E5E100E7E6AFAD15A0EE24DD0E03,70000,136,1405493919398,1407720689215,1412120576524
7441B2420C36077EC342287F4CBB967386B1FD5C,400,1,1406217535215,1406217535215,1412120576524
744A3CD0A03B3390804419FAEA706E1DD304E301,400,1,1405458572644,1405458572644,1412120576524
744C3E08F0020C1D9135B1EBDD24A3F0BCE41AA4,400,4,1405157684133,1405157975265,1412120576524
74536B1EB8C4E42BC7FB512FBC26C330BF9CCFBE,400,1,1405655598058,1405655598058,1412120576524
745D254803CAB620F6580B7732FFA370AFBB1B5A,760,16,1405556867492,1405557114429,1412120576524
747118652D37BF3A426E8B5FE6210063BA3EA896,488,11,1404862131410,1404862234634,1412120576524
747B14961F2DED3A692041EF018EA64617097087,2000,47,1405331196957,1405969712276,1412120576524
747EFE22037159CFDEEB6441755AF188405B529F,760,13,1405117203963,1405151362736,1412120576524
74A4FE639769F3C3B8445EBA7D8BCA7A6810E3F8,400,2,1405440049949,1405440049949,1412120576524
74A8ED0EA0B0BB6D792D0FC48D3326C1A599DBAB,680,12,1405388216080,1405388781710,1412120576524
74A91690168A52BB57416D7B3ACE401255F32759,5000,13,1404922660896,1404940419321,1412120576524
74B9588618BCA954C56734B8079E205EDA4146D0,2000,12,1405835868781,1406402122272,1412120576524
74BC3EEAFDB3361E49F4C3F5EDA476226B191CC7,400,1,1404879416204,1404879416204,1412120576524
74BCE2DF398F7C32A3D08B6F0A1D1D394F816BB1,15000,62,1405134179969,1405526298841,1412120576524
74C11BE71B015997C78AD4B2DD3DF0069FA4C835,400,2,1405061461929,1405063115718,1412120576524
74C15895B7D6179D8EEA7D146FE50E8559D97AFE,440,6,1405212771804,1405212966823,1412120576524
74C4AEECF189BF5C626B25352A25D74D9F0B65C4,488,8,1405139979687,1405140071185,1412120576524
74CBEFF83309C39E6A8B9A2C74E3BF58B7F25B85,440,5,1406094993597,1406117928825,1412120576524
74CD9BAC64C5DB71DAF0073A6BC70BF780A058C8,2000,17,1404969376201,1405045711439,1412120576524
74DD515C2704D9D78A2CE15B5E11FB020E0AC1F0,2000,58,1405446410734,1405789210482,1412120576524
74E7BB33A57883245058D7802BB5A6DB2DD30248,400,2,1406241124781,1406241152410,1412120576524
75037E7F0CC787B29BFBFD3A093242A4C872CE76,760,27,1405962284608,1405963053934,1412120576524
7506A0016888148DFE6EFEBBB5A41DFE8F9C6B45,400,1,1406754802707,1406754802707,1412120576524
750DAE867A38850EFBB25A3B3A8636C9EC32001B,5000,17,1405948903198,1407513853992,1412120576524
751C63047A4965BF42F5332D71EEA9DA9C158338,400,1,1404881848156,1404881848156,1412120576524
7533C66E43EB3190B6EA005DA313C15E54BB2B06,5000,12,1405669430543,1405724905169,1412120576524
7549D8CE01BB0999C41044FA6BD176538C014C88,400,3,1406443642526,1406443721679,1412120576524
754BB01D0420EB22B62EFF51546C90A3D93DD03D,5000,27,1405329429996,1411681942750,1412120576524
7557397089E2B3D0E1F34EEFB57C4D8B9BCC6303,5000,44,1406129923461,1406204671708,1412120576524
755DEBF01BCD7706E899FF2CE59539549ACCDD75,488,13,1404981999429,1405258456335,1412120576524
755F27D6895EDA8B0954DE747C8568B5CD61A1F7,544,4,1405157158046,1405157158046,1412120576524
755F2DF213411703F5B46C96A9373CE902E7042A,5000,3,1405277347002,1405277658978,1412120576524
756AB9E0C816B20BC2A324679F8C6C573D32CB86,400,1,1406491933672,1406491933672,1412120576524
756DE4C292C195411A2B949CA5BF9B70FCDB8B3D,544,11,1405743133820,1405761583313,1412120576524
756E4B32B7414BCFD8869881442E4AA352154702,488,7,1406684434484,1406684600104,1412120576524
756E4B3AF603518C8AD05DC559667F380E52CD94,760,19,1404931028484,1404931469474,1412120576524
757F3BFA8929C6F22D08E71B83649A050C39DEA5,15000,84,1404901191192,1405701391989,1412120576524
758402B5AF625D9C62A06798E173F857DDC67388,544,9,1405302802806,1405310655402,1412120576524
758A2601781089AF2229EFF961EFDDA25D2D346A,400,1,1405647955022,1405647955022,1412120576524
758E0D67317BF4259E56A9F762E50399D69B69AC,440,3,1405528072477,1405528072477,1412120576524
758E4A133E359908D3419557CBAF032C3B2D0743,20000,79,1405473665607,1405684806383,1412120576524
75935283922BA754A940AC54388530876649C90C,608,16,1406574450837,1406574793239,1412120576524
7595DF340B5B8B508DAC17BB1209E7BED2F6C561,760,36,1405723625944,1405723762492,1412120576524
7598C003A0D944A17FD112F86381DB96559FB861,760,27,1405056450648,1405387959331,1412120576524
759A824428BAA640D95E8A8D0EE0C31F4FC61ADA,5000,33,1405706005893,1405877210834,1412120576524
759E6B667F4CDDD4F0A930126F138AF754304384,488,4,1405596793585,1405688900454,1412120576524
75A29FCC5C889E536DAF4FF68B4CF454B213F70E,5000,41,1405638287841,1407035950598,1412120576524
75A3E393ABAFF5B465659DA746CE3DFB348CBDF0,400,1,1405505026068,1405505026068,1412120576524
75A93B2FC4164896D859BCCA98B4A788DEBD4288,544,6,1405745014310,1411512672207,1412120576524
75ADD63188889BDEE66FF76FEBB7EF3A4D950049,2000,29,1405389497135,1405475279297,1412120576524
75B350D3D3DE3F83C28E4CE8E3208CB3B268EE22,680,12,1405306105759,1405306268713,1412120576524
75CC107FADFEFCE7E55978F48E2C683FF21ED987,2000,27,1404794892670,1405406242490,1412120576524
75CFACA6CCC7385D6070303BB4C07F33C3D465FA,760,31,1406599985552,1406602019634,1412120576524
75D37336078E5656D105624F5528E4EAEAF8D8DF,2000,21,1405040310621,1405128686638,1412120576524
75F1B3008B445927190026B3752C6AB9B62437BD,400,1,1406076934468,1406076934468,1412120576524
75F2FE9C3D1B45BA1057CD21F1DD2F5849BB2408,680,6,1405113762410,1405113769855,1412120576524
75F61222469E263EDCB4E5360D9E18FE1682420E,2000,35,1405324728023,1408936207008,1412120576524
75F8393241354113AC903BBF8437B6FD2697B534,608,9,1404965139394,1404965160408,1412120576524
75FF784FF40CCC7DA0FA86BA26D9BE7D45536E1C,440,5,1406738184872,1406738849930,1412120576524
7603B8608C476655CCC85052CE91AE6A295598D7,2000,7,1404957967349,1405044372941,1412120576524
7604AB625B7C6EF3D35AB3AB5417C58F6AAAEBBB,400,1,1405386828799,1405386828799,1412120576524
76085E16B3054DB31D231A08BD42CBAC66EEC604,488,10,1405055078402,1405057788725,1412120576524
761EDCE104B7F4527AEF1B56B71ECCD56EE93C1D,400,1,1405022961819,1405022961819,1412120576524
7620F897A1368FE15FDFE25608263CA692192F7E,400,1,1405451190892,1405451190892,1412120576524
762218FDFC6BE45FC8D95EA1770D5061BA9328CB,5000,22,1404885468121,1404886458487,1412120576524
7622FC392679C99D050C3C670EA77A8ADC6D46DD,760,24,1405209119317,1405209703508,1412120576524
7625E1A2B2102F7A84E18E9DD2EDB4E5B96E0EBC,5000,37,1405388928701,1410899998524,1412120576524
762B1FA0BAF86FD1500CB4416134B3EC704FCE12,760,26,1404867693326,1405041810366,1412120576524
7636AB4FC10EF5D39787FA09D7F1925295F73541,8000,15,1404827721955,1406021452986,1412120576524
763C2D95AB5E3579E7674E296362592AB588F03D,440,3,1404468535440,1404468842358,1412120576524
7645CD85BDEF534551832357B4FF73DD02AA0456,5000,42,1404871802346,1405179384246,1412120576524
764B43CACDC2B44D09825A56E80511E207C60DCC,400,1,1404914713960,1404914713960,1412120576524
764EEFC506CBF6D65EB20AA902AD1ED14EB9073B,760,13,1405156558655,1405156981266,1412120576524
764F862ED5F51BE69D8441DC568FB08C2F9B2FC2,5000,10,1405476329451,1405477112200,1412120576524
7659237FE338DA7A4D14E31C07D2045310736652,440,3,1406726083303,1406726178982,1412120576524
765D93A781D366C7B5C267F5D8D587DD945E8AF1,2000,34,1404887574179,1407113719797,1412120576524
765E18EAA4B2A09BCEA721C5675C76987DBB093A,760,28,1404954668351,1404955854391,1412120576524
765EF2A29D1D7E3B504977BDFC0AEE2C805D62EA,2000,50,1406056541390,1406154179935,1412120576524
766A318F4101366B742248CE248ED4462162D72D,760,30,1405138679130,1405540582223,1412120576524
766AE6F319C7949A7EB77F64EF146834902DC685,488,9,1405390848698,1405394807530,1412120576524
7672CB7BB07C36033B79930AF5CB037952F23259,680,9,1405944276615,1405944336314,1412120576524
767353DE7E11CF82D121DCFC6BCA1AF4E5D3F6CF,2000,51,1405377255716,1407456800632,1412120576524
7679B4A72778EF0C033CBE95050B312825BC396C,2000,24,1405491380855,1405644174695,1412120576524
767A90D3DF919EEF4BED7392FDED4C701D678E2C,680,9,1405375309467,1409051904454,1412120576524
76806A7995314A8244DB6874EAE0D3037D5F7F29,2000,51,1405974798734,1407081185796,1412120576524
76888D96BBC665157D997792FB270DF4DC3C8E26,5000,41,1404952615622,1405292180320,1412120576524
768B8A1144361287CEEE89B81F8633CDC549787D,5000,35,1406148104055,1406507954324,1412120576524
768F5C40B67297C147266BADB9845E619C496C5B,8024,46,1405033402146,1405033719867,1412120576524
7697A825E20C26F50759FA721732C49E8CCAC0C7,400,5,1405366061616,1405366061616,1412120576524
76A854AAB8C1585E36F67CD143B00CA762795B53,2000,32,1405600650550,1406680093261,1412120576524
76AE37D7A6ED29529213652BBB78901C2E807F3B,5000,20,1406510096401,1406512755573,1412120576524
76B3F1481540217F644E3FE2CD29929FE2060CF5,760,9,1405001887230,1405002043516,1412120576524
76B7E2BB79249A3BD5DE32356C2A3B3B8165BB53,608,15,1405636460869,1411762984693,1412120576524
76B933E773683B4FEA96BFD74F6B31E32CBB1251,2000,26,1404954705866,1407082900089,1412120576524
76BD76BD5FB184055E75BFA09FF294D26F449497,760,23,1405790012054,1405796036874,1412120576524
76C9442A69502E1FF1994630A728278F4E5C9754,400,1,1405468515253,1405468515253,1412120576524
76D93D57C934EEBAD7043BE6F271E9F7DA813500,760,25,1405378783487,1405574171771,1412120576524
76E27E11AFCED9C8F8BBFB1087D5F4DC84A9500C,400,5,1405123804124,1405283612421,1412120576524
76E6D59AED5DA595A0333DF479A7A37AEE8904D5,760,61,1404716601210,1406854357506,1412120576524
76EBC1733C7152E98DEDDDE8DD5E3BB3FB81F5C7,400,1,1407944691183,1407944691183,1412120576524
76EE5E9E7ABF819E882069E549A46AD2B7B2F46B,5000,28,1404867059469,1404870964510,1412120576524
76F9E1D4715A810FA3A772C6D2D265287EDF04AB,488,8,1405513424099,1405513693445,1412120576524
76FA6D8D149A5635EDA8B0CAE0B5C710A6C88B20,5000,31,1404698564553,1405295698081,1412120576524
76FCC7BE7035C3D941D95B28B012593E8A7D9269,5000,50,1405447260403,1405583955502,1412120576524
77078D8FB2E8EECFB2C1DE62473886CE216C1747,5000,64,1405482976013,1410461271076,1412120576524
770A30A6CF8B9EBE0A9CBCA5EE650FA2ECEF7FE9,2000,39,1405219184124,1405249308914,1412120576524
770BF1003E5E069313F2C0BBBFAB784547FE3DD7,5000,50,1405397582802,1406129659353,1412120576524
771152E167905A37F96006E94F833257EC9FC306,608,7,1405558271468,1405558316013,1412120576524
77140B20576680F65D7763D5CE3935CD2407F692,400,1,1404369505757,1404369505757,1412120576524
7716771194A577BE495A938C43ABCDBA6CABE056,440,8,1406004066386,1406052934646,1412120576524
7720A5B20F1926A925524E0F96100AE9A5FB4F23,400,2,1405408584716,1405408734779,1412120576524
77245933EDDE74260AB2F7691B8898B23A1906FE,5000,58,1405121879426,1405271774533,1412120576524
7724D94F4C66575D44F231EBEE663138F3DCCB34,608,27,1405317764947,1405347967005,1412120576524
772876F20DCBDBE6A55439F99E2AD713E9C0392C,400,1,1404630161891,1404630161891,1412120576524
77297E28B55C5B72B37FF29BD7C1C31C5D10EE38,5000,41,1406582865547,1407105587324,1412120576524
773089A428E6A9DD53178DEA615CE9D1F8AF2389,2000,30,1405060841445,1406238709551,1412120576524
77396876A3B6FDA3EC35E447073566443FF4C669,15000,71,1405623893208,1405662955963,1412120576524
773D2E313692246698FA1390CDAAB5AC812A3ACC,440,5,1407326516301,1407326567655,1412120576524
77449FA26C672B6240332E28623D009BB59B135C,40000,107,1405292485417,1407096717425,1412120576524
7747FB794E27876429755E7556A1727FC7B87B9A,2000,43,1405094431206,1405352835061,1412120576524
77483F5832550A89E246E126DFC82ECB7074EBC4,440,5,1405082222058,1405189883426,1412120576524
7757148A789DE65215FA265F066B9FBEC4B92443,400,3,1405899380650,1405900119104,1412120576524
77576055806EFCD3B9C14AE4D5F69194E54D515D,400,6,1405574060708,1405574089157,1412120576524
775EA8B386803E88ED963CF478DC4BF7D2C42C06,680,6,1404959849767,1404959861458,1412120576524
77617CB0CB0263D7F457F3A2501EA34915302897,5000,4,1405031311518,1405031508433,1412120576524
77626A2D5190C42F7D1448C5BF56A440BDA82915,400,2,1406395805807,1406395841142,1412120576524
7767542938B1190E2B26600E2F52EA8E1DBF484C,760,13,1405206047702,1405207395334,1412120576524
776AAF51FF63A4919743355C4358BB87C0C8F6A4,400,3,1405044385503,1405048388636,1412120576524
7777BF17784D161C467FB6BEFD31668A04FFD305,400,5,1405360449691,1405360449691,1412120576524
7779DFCDE148C0FA8A9805797C3A09D1162EADBB,400,1,1405744429625,1405744429625,1412120576524
77847CCBE9A3214A515F333ABE56BE97D2BE302B,2000,45,1405200927611,1405457130668,1412120576524
778CE2826B163A72C483E12754A98F9ACE88FCA3,400,1,1405495353174,1405495353174,1412120576524
778DA54C3603448FAD8C75A57CD3EAE89BA3B504,544,9,1405219384007,1405219860843,1412120576524
779A191B086AA6A89D5B10D6A5F4E96F6988375F,760,12,1405622784078,1405644299354,1412120576524
779D9FBB321AFD8846A2F9FB615FBD15CE6F33FB,608,9,1406543007306,1406543274066,1412120576524
779E8E07D050B2BC65DD6A9F9E597D8F2965258D,400,1,1405613171898,1405613171898,1412120576524
779F7B9BFE2B30DB2B7972290A57F2FECC4336CC,608,7,1405912454077,1405912463604,1412120576524
77A3B237EFA2DE79C6F90395749171AB7586D63D,544,4,1404886378171,1404886378171,1412120576524
77A5580260D88D431EA888803B5324A381C4ADB6,1260,38,1405695759409,1407197740113,1412120576524
77AD263A842924C936F547EF9446C34F987305D6,488,13,1405200268763,1405207579181,1412120576524
77AF0721D74B02B24682FF5DF935B592D350286C,2000,46,1405914934954,1411219510735,1412120576524
77B059D114096B2573833AF78B98E8CCDFFFACBA,1470,34,1405341272086,1406143442538,1412120576524
77B47F1FE62EE6B315F164626E813D685C98683C,760,15,1405225364994,1405225644321,1412120576524
77B58C45CD7BB433DB0C228EA44E03F23D0DBF22,488,8,1405423886674,1405423904483,1412120576524
77BC7A114800BA51E26FCEA98E7F45616BC8142D,440,4,1406357617114,1406357617114,1412120576524
77C3682192F51F0F9BB444B965F4A0B7554D7A8F,400,6,1405637761653,1405638005070,1412120576524
77C3BA30BBDD08A4E0925164E16802E45F68CAF0,400,2,1405568699439,1405568984856,1412120576524
77C47554DC463DC15007EDCAB3DEC403E7E14956,15000,50,1405058148128,1406420030567,1412120576524
77C88C78ECA120880B13C3646855483C1B6D67D6,5000,20,1406449010912,1406450190165,1412120576524
77CBB593C22B30486828F5D6451015E672F8157C,680,14,1405865531291,1406118243527,1412120576524
77CF81E19825CDD7648E8AFB0782327D67FA6BD8,440,2,1405397713198,1405397872274,1412120576524
77D68E37AE4CF09211EACFE9556BF08055932948,440,3,1405164954249,1405164954249,1412120576524
77D9DB7800218DA7038666E9A9015F33940D0815,440,6,1404872268257,1404872955709,1412120576524
77F7C579DF5BE44B9BA6CC919817E7806F15D551,400,1,1405551957286,1405551957286,1412120576524
77FB845B386F061BC0AF954FEB0F97FCCB9C0502,400,1,1405270367243,1405270367243,1412120576524
77FF09A14FEF5A37A2908CA679289867FEA4E6A1,680,21,1404871703182,1405261953741,1412120576524
780097795B8C45D0D89AC2CE19CFA1315C05C520,15000,81,1404876725142,1405722040049,1412120576524
780405F03B6AD8E40DFB07F90A48F9A24019E87C,440,8,1405718899893,1405718926642,1412120576524
780B0D2BBADD5DEB0D7F971A7512A5B7D239C245,2000,13,1405484452764,1405524607343,1412120576524
780E7743DF33045476BD0EA81AE3A500B1974D2C,5000,50,1405733570596,1405886921376,1412120576524
7823F8BE9113D7220BC8462C50BAFA33FB0BCBA8,15000,95,1405980297786,1406305901465,1412120576524
7829EC387463CFADEAF27287E049EC2F27F79A4F,760,15,1404967418992,1405134523005,1412120576524
783472BEE2CCABCAE67DABEA4DC267F4FF62E1F8,750,13,1405882010762,1405949750853,1412120576524
783B9A370898BE499FB684D5CBD1291E3C84F515,5000,12,1406405432115,1406406408571,1412120576524
783DD8BE375AC9E576789A44593902D742838F46,760,8,1406653217043,1406653231525,1412120576524
783E6AF1578B388C396607EA980969E4CE7A8124,400,1,1405183756296,1405183756296,1412120576524
78489A77AF04786E67CE851A551D836366E794EF,2000,31,1405440438624,1405442446442,1412120576524
7851963F920B5B7E0E70ECA29480ECA94B38B3DF,608,18,1406439777747,1406632587945,1412120576524
786F09B8056E8948FF5173FBD5B631CDC4AE998A,440,7,1405563091446,1405563162102,1412120576524
787B837C6DE76D31F708DEA7C0CC530591D7F93E,400,2,1406427904015,1406427904015,1412120576524
7880ABBC583F6EC3AC196A4AE407A8F8EBD4268E,440,9,1405053110103,1405084317228,1412120576524
788471B32210491062FF33F2FCA77A641B05A8EA,40000,82,1405484071243,1406202425078,1412120576524
7887A8D51C81E37B88361AAB605C9E803ACFEDE8,8000,24,1405021575586,1410740526219,1412120576524
788E2704289F02608C99B041A1566B0D64298A0D,2000,69,1405039702054,1405193581006,1412120576524
788E823A88F41E67868D6628DB10DF904D7A5ECA,20000,42,1405565500803,1405719914346,1412120576524
78A4C748447E5D697144E3029035AFD2FAD0223A,400,1,1411502953700,1411502953700,1412120576524
78AAF329402AC5EAC03272EE360D5AD8EEEE1510,5000,17,1405100407387,1405101128230,1412120576524
78AB1D7DA3B1B2E408F5E2FF28DF61712461B760,20000,24,1405485936835,1406458927011,1412120576524
78B23EA005470908690DE9F12321CBCE073D3679,760,7,1406356675800,1406356953636,1412120576524
78B91CDE8D172188ED767FCD0B1DCA1D08590641,5000,14,1405235478867,1410026543404,1412120576524
78C9B7014DC505F1D610EA6FD9D43B20CE7F48FB,440,4,1405317322668,1405317366538,1412120576524
78CF687210DEF4AC21EE477941BFAB91EDF4C7DC,400,1,1406232843632,1406232843632,1412120576524
78D06B5E75E8637D11DDC4043823BA2A1E5338BE,5000,15,1405025271621,1405635130778,1412120576524
78D4E2E4D37582881E6E4FADC79A409706B0610F,488,9,1405039260366,1405185802940,1412120576524
78D79117F8BDCEB57644F22571D3873C91EDFE66,5000,22,1404898649232,1405006492698,1412120576524
78DCBBF9920A57AF5FB33B8679FA499804FE68E3,2000,23,1407773831663,1410625157918,1412120576524
78DCDE46CB3C1BD21329D5B3E54069451AEF6D95,760,24,1404963357036,1411090385622,1412120576524
78DDD9738DB28A2CEB6DFC3AFB8B1561CDC32DF7,5000,55,1406604114940,1407040417581,1412120576524
78FB0B22E18792AEEDC6AF795EC3B1DA45A430DF,400,1,1406417578444,1406417578444,1412120576524
7900F5A67DB6663CB967BB39DED2897AB5F7A335,680,10,1405725905286,1405726024864,1412120576524
7902D5C4B6C0988997998B180EE7977AF81A3858,400,1,1406133117112,1406133117112,1412120576524
790A7C9DA0112BC03CADC7BDC1C5EEEB3C223C3F,440,3,1406226435282,1406226435282,1412120576524
7917F10A770BAE55A584516BCD1489AD4522939C,5000,7,1405055065608,1405401038076,1412120576524
791B17D3DDA7BBE6562597344603EFD047552F48,400,1,1404932463359,1404932463359,1412120576524
79258FD22D766EEDF8C583138296DE30EA97A16E,400,1,1406515147283,1406515147283,1412120576524
7940BA9A3421C1B1624C93F870D4091CE203E7AA,15000,98,1404886284683,1405734954917,1412120576524
79418D1E8FBB36E3A477236D6B10F8B06C2E6EA6,400,1,1405658177992,1405658177992,1412120576524
7946E561415224E40650EBCF917698D523C35CD2,400,2,1405769349619,1405770617203,1412120576524
794AC48F8647AD736B69F61A6C604CB7EA8C6996,760,11,1405630461167,1405630770235,1412120576524
794C2B54EFF91F425DF065B9FABD20CAAA851969,760,19,1405541847064,1405541950710,1412120576524
795652F33EBDEE73AF4EFDCDB68A005AFD2B9A39,5000,23,1406731634135,1407642431869,1412120576524
795AFE868E6C84C6D16996C0176F18256D2229FB,608,6,1405475854369,1405475860709,1412120576524
79646FD35EBB7D47FD29C121EB5155A7FD93E1E8,750,9,1405826278636,1405826841008,1412120576524
796F8F40B4EF9263C09502DD9785F83E89ACA6B2,400,2,1405600219158,1405621152295,1412120576524
7972AB6D45F4A6EB776E81183088694670A3A16D,400,1,1404888905927,1404888905927,1412120576524
7975DD0836CC43B59C302A3F3D66DEC04C2FC291,5000,4,1406034389639,1406034645381,1412120576524
79815D1E4BBDE2A91903304772BC788B17D19671,760,20,1405608436081,1405609401510,1412120576524
79820FBD1F07B9703D9FC2EE6545776A60EB6B48,488,4,1405074978201,1405249898773,1412120576524
798A27054D752A714C3F2E733F45A5B8CDC43618,2000,21,1406068752312,1406069748186,1412120576524
798DC972941ABB3795FE7884B185E428749B370F,608,9,1404600889349,1405685582732,1412120576524
798F28A8F29F467D5A61C4BE9B95853D0B3DD830,544,19,1405403189794,1405715601765,1412120576524
79938333369CE880D13188C0EDA4DC52EB6B70DD,400,1,1404877419912,1404877419912,1412120576524
79938933E9E8E7A6E690B9909D752C81BD87554F,5000,17,1405044299785,1405179912126,1412120576524
799AC0D737AB8FF8DB61790CE1B919230B72C389,15000,39,1405233056167,1405410215487,1412120576524
799BC9E0F2560157764B18CBBBBC02605632B63B,2000,57,1405922581280,1405990403826,1412120576524
79A23E770AF58583B68C1FC4D567AC6793D07977,760,21,1404877739194,1404932191330,1412120576524
79A6C62A9DBAD04DB40D8386BAF0586A29D1C7F8,400,2,1405910270994,1405910346354,1412120576524
79AB745F367AA1A8A99FD23069BEAE201258AD50,440,3,1406207179296,1406285436130,1412120576524
79B13DA5A449E5C1D177D7E87AEB36673F5CA80E,2000,24,1405389699964,1406738068547,1412120576524
79B21618AE352487737845416F2CD301F46E9F04,2000,34,1406098121398,1406150991386,1412120576524
79B66402AB0577DE28797BFF0CD50C6BD6E3FB22,400,1,1405744825608,1405744825608,1412120576524
79B79E51DBD3531DC05992761C6D6504417C7F53,488,9,1405373371531,1405373398031,1412120576524
79B9E0791D5B1374726A05AADFA506F7CCA60CBD,5000,19,1405857358875,1405858072331,1412120576524
79BCE9FA4EBF4596BC3662B591FE344B2D19720D,400,1,1405236333660,1405236333660,1412120576524
79C1F6864CAA29747D97845F9FBA13796FDCCE63,400,1,1405831790012,1405831790012,1412120576524
79C2407480B09E0972086C572461ED61995ECDBB,760,9,1406357178088,1406357289926,1412120576524
79C4E740647E20DA60649CA462D1E46DCD107308,2000,18,1406066614780,1407383474958,1412120576524
79CA2984557F51094120C981630F1A327CEC9B8A,5000,35,1405230550444,1409548864426,1412120576524
79CF7D783182C80D6EF09E436CB16E4673442921,440,6,1404945953168,1404945998551,1412120576524
79CFA989252B1546FA7FB917486DEA9421F3321F,36000,332,1406187330938,1406273138816,1412120576524
79D2A1F6729B9CC5D7E32C9E28F392FF01D4EEEA,8000,32,1404900871110,1406309450989,1412120576524
79DC74E9B404D9C4C33A97D0504B419B8240C007,488,8,1405302793448,1405302812218,1412120576524
79E3387F9C53492BCC7FDDA8158607F7BF760AE7,400,1,1405565349662,1405565349662,1412120576524
79EC2C9A8A18E19D439FA1DC4A7EAE4F3FE0EF04,5000,35,1405359548630,1407449027588,1412120576524
79F1527D3230627C1341214B093C2DE8D20E45FD,2000,22,1404956710577,1405098560288,1412120576524
79FCDDE67D48D1CB53DA17D153DF66063357F77B,5000,33,1404532410887,1404544938504,1412120576524
7A03ADADFB8D4FE015FC3D4093A03FC04CBE5872,2000,42,1406668091743,1406683440722,1412120576524
7A059DF0C9CBDC9455BBBF64E989395D7415237E,400,1,1404368128909,1404368128909,1412120576524
7A108E6A99A73BDF76F1D89E0699C0F19CC32656,608,5,1405953502202,1405953502202,1412120576524
7A183AE412E3FE1DC1AEBDC51B8B7284E4EC8BC4,5000,20,1406390780174,1406396810966,1412120576524
7A1B810E1C7F8DE99B737902EF18101333B03CAF,760,30,1407721869424,1409021909887,1412120576524
7A1D52F86313EEC4BA0A2F157AA755885BF7BE79,8000,19,1405077675068,1405079567812,1412120576524
7A25B658B7FA45BA36F2CFC67D50DAE51551FDFA,440,4,1404981165006,1404981202159,1412120576524
7A2A5D8C5E9019F6190199BDBE7DAE9CD9F42124,760,29,1405060347404,1405100771873,1412120576524
7A2DD403AA6C6830C08E853E14361302DD9E0A0D,5000,23,1406756714954,1406835241985,1412120576524
7A3CA893AF2397877A32B24DE6FD54973C780EF4,760,18,1405819055630,1405826686817,1412120576524
7A476B0D4B3BC6259A600201E3C7EA06896BE4C5,400,1,1404421205178,1404421205178,1412120576524
7A4E6EE0724F45B6857ABD52AD8FBC66686B429E,400,1,1406247987279,1406247987279,1412120576524
7A52650F5B1F0A790E19225DB4E398C28DAC8A5B,20000,96,1405054778368,1406343386434,1412120576524
7A64A13DD7F2DE527480B3A13D31AB5F27C16214,440,3,1406474534447,1406873316419,1412120576524
7A6C0B92A45E3591E83FB7F8A5090219A0550283,400,2,1406097292080,1406097344626,1412120576524
7A6CF5616D64429B2DDD78CA797E48955A3CD0B4,400,1,1405219635049,1405219635049,1412120576524
7A6D9817259DFE9430266026057578F3C8B436F6,5000,16,1404869583485,1405368979653,1412120576524
7A74573F2DB00ACCA4F09302E55C5447282BC141,400,2,1408230458249,1408230458249,1412120576524
7A775397D32978ED689A85E807CD73BADECA896D,5000,15,1404707580639,1404708033377,1412120576524
7A7D668A2FF18EA237597917BD707096B9BC957D,2400,26,1404984997354,1405831034269,1412120576524
7A7DAC2FFF0E84005987AB5DAB6C29D4941883FB,400,1,1404665234408,1404665234408,1412120576524
7A8451EBE2E7844F0A9B3811928E1ED7CB42F4D8,5000,49,1404878807091,1405526846043,1412120576524
7A8E98FCEDD839858FAEA854747DCA3D1B98ED86,440,2,1404634151137,1404634228056,1412120576524
7A9541D406D5362E486A9494F2CE59328D46A950,680,6,1411062630781,1411062673916,1412120576524
7A9F3A3937ACC5EF7EEAA4F1D89A86C70A38B7A3,400,1,1405371854207,1405371854207,1412120576524
7A9F4EF23D27A0581CB4509DC3ED5AB200DF8FEC,760,18,1405723430536,1406059301270,1412120576524
7AAEB4AA145F7DE6AB63AC488FF3218FF2DF26BA,2000,23,1405440633367,1405702684157,1412120576524
7ABB004A6BD59742DA0172E93540147B62770BA9,40000,77,1404876864298,1405534253316,1412120576524
7AC10830A5F226D6B739E10C49386076BB87A3FD,760,28,1406095212823,1406183494078,1412120576524
7AC627A1D518B520B32E3A2DE03727DBFB55BC67,5000,3,1405330227817,1405330432148,1412120576524
7AC8F2634F107B27A6E906616E61D69134D879DE,488,15,1405792255599,1405792713823,1412120576524
7AD5F734D1FE2CBC587FD4469728E97D58AA5C8B,400,2,1405056566166,1405299441986,1412120576524
7AE05C79340BD7B5E661ABAB648EEB3BDC79E64F,544,10,1405016636303,1405024299134,1412120576524
7AE42E9AC081B51477738B3123BFD8AC6F6D57EE,2000,34,1405229783512,1405404895589,1412120576524
7AF032C9AAAB7EEE34B6D820008890E6C2E0E311,544,18,1405257454573,1406564274975,1412120576524
7AF0F980FF668EAE4B099E31E0C429A493AC0202,760,32,1405011389853,1405842467194,1412120576524
7AF357CB48F875CCEC7E14B1F4F55B213086C161,15000,48,1405342772816,1411389022397,1412120576524
7AF46D895E26CE268F8C5C6D0B187E1458C6825D,544,11,1405902670153,1405975939163,1412120576524
7AF4DE711C0ACFA1337B04549DDC11EED23CFD71,760,20,1406237059244,1406238404576,1412120576524
7AF9B60F1F323B2FBEFF01F75B3A55C7F5DB3050,440,12,1405126538694,1405250549451,1412120576524
7B148490539D5F1A2E7DD28A995E7230422C2ABA,400,2,1405473143421,1405473659095,1412120576524
7B31C4C657127A0FB828F207BC5A289F6DAFDB32,2000,21,1405860692048,1405861463054,1412120576524
7B33130C13100B4BA9ECEBE308001E932356DB3B,440,8,1405008642190,1405008659219,1412120576524
7B33DBCA614554B697E64BBA5232543A07B5C445,488,15,1405746025302,1405746337674,1412120576524
7B377FBBDFCE88652B6152E8DD430F6D62A52E63,5000,38,1406415281922,1406513693925,1412120576524
7B4F2159B53D7361CDE26FD03D3E238AF2727A26,15000,80,1405332443758,1405960469005,1412120576524
7B693B0329D16305E47F34EEA2F2BDF149896EF9,440,8,1406322032963,1406322052315,1412120576524
7B6AB543959BA5328C0A405D7AFAFA4630B1E51C,5000,3,1405724313694,1405787859844,1412120576524
7B6B066183823257EC26F3FD7921BCD33FE2E7EF,5000,54,1405807231882,1406271073343,1412120576524
7B6B5EF4D797B4828B0E8265F3EB8BC1F11BE6CA,400,1,1405415101560,1405415101560,1412120576524
7B732EEDB047F8004CAB4E7134A978F2CE70D281,680,19,1405556546002,1405557101342,1412120576524
7BA3FBDD9D2277875103094E0C8528D27F4C8AEE,440,11,1406119566063,1406157839857,1412120576524
7BA91604521AA168E0B8494AB2F2BAF6120CE5BD,760,20,1405391083368,1405391120239,1412120576524
7BAB863B241B6569560D4C6152EF026CC4E48599,440,5,1405233643507,1405233643507,1412120576524
7BB0B56195B48046A8051BBC75EAD4F50D928389,544,5,1406227339478,1406227339478,1412120576524
7BBF87EBEB0B8791750B5D48691503966D317C95,400,1,1405758045691,1405758045691,1412120576524
7BC3417DCB2BBB48537BE535E44BD6ECCA0C440F,5000,2,1404592464666,1404601640974,1412120576524
7BC7D12B6EA1706B44EBFE52D51A41785FA64643,2000,33,1405601019348,1405747192296,1412120576524
7BD4D85F283F44037C7FE9E7C18C3237CEC3C4E8,608,16,1405436462307,1405610116116,1412120576524
7BE5DED09535CFF7E20318DD9A61B11CA55F6A13,400,4,1409309582146,1409310078479,1412120576524
7BE97137CBE3E691E8B7680CDDD47F71D41E777A,440,9,1404951360097,1404951438839,1412120576524
7BF70A64CF5ECA7E396A8D83CBF1321B835A032C,2000,36,1404901945876,1404953483958,1412120576524
7BF7B04FD1FA0DF8DEAF2A4225B51613E9158E33,400,1,1405792698159,1405792698159,1412120576524
7BF8B9DDB42FBE9AB7A78B0CBFC320E9C372CFCA,760,19,1405692135791,1405693309619,1412120576524
7C11DF1450C3B2DA68E291335D59C6BD08CFD6F8,400,1,1406579980173,1406579980173,1412120576524
7C1553EA645D8A59E8B2A64326DACC7C4C6A3B06,760,14,1404958228352,1404958713425,1412120576524
7C1C08CA779B84BEDAE9D99A93530C1CF4041FB3,488,10,1405299845804,1405300076124,1412120576524
7C286284B2EF2E43A22DEF58BA50B2D74CC528A0,5000,26,1405161224114,1405420132435,1412120576524
7C412BCE52DFC7959DA6F88C9BCB213B8888F4FB,544,13,1405040572871,1405040882577,1412120576524
7C49FBFD0FC03B05A3EEBD3E5E7AB060645870E0,5000,2,1405638994201,1405639296052,1412120576524
7C4C1B08588DA5C9178FB75DA8266BFC16148D0B,680,7,1404340479924,1404468984796,1412120576524
7C4D3829EB6E4D4522C9BB783D89768DC2FE58B7,400,2,1406647693569,1406647976679,1412120576524
7C4DB39FD333EE19B288420A4286912FB377D156,15000,58,1405399182701,1405737932673,1412120576524
7C5C33DD4F32D4287F99D12A41C4A6E8848906CE,2000,18,1406480544298,1408752779509,1412120576524
7C5E9B5D57C663EFF14520ED5881EF4ABA2DC230,400,1,1406302466802,1406302466802,1412120576524
7C6AA937823873C0ED7276E16AA44A2F7EC6A3C0,400,3,1405451958734,1405452049930,1412120576524
7C6E060F1C30154045C3A97D52E7DC62EF976781,488,15,1405300475103,1405300636579,1412120576524
7C78237163D130B4FB1D20F154CB0B0595826A4D,5000,50,1405292905887,1405423677461,1412120576524
7C7D964689D02E89A0A78E69EA4EB64168A210AB,680,4,1405471939179,1405472003440,1412120576524
7C81C3D2101E6D74DFB6D98B0B1D331F9DDCB0D3,760,18,1405630337898,1406156092536,1412120576524
7C9EFE34DF26350D8383C0546B5B7BAE0F5FAD7F,760,31,1404887706289,1404960535863,1412120576524
7C9FC53788FAA5997D0CF2CB345C27193BDCE71C,750,12,1405360928388,1405489628983,1412120576524
7CAF3773B18A011EEF0B467925E4FB4D85B86C04,400,1,1405781842924,1405781842924,1412120576524
7CAFFEC45A7D01A3C89FBDD2AF47619E9858F173,440,2,1405141124890,1405141124890,1412120576524
7CB30651C557CA58EC2C1C2C71F570287C29121F,680,19,1406316954894,1406317092118,1412120576524
7CB873C1370745E0F87130CB8712E51015931DE9,20000,37,1405542110103,1405649851527,1412120576524
7CBA7FAFE2C62B4CD7776C798E9796E4871F5CA7,2000,26,1405539804148,1405957557931,1412120576524
7CBE9158DBCEEB6F22EA97F493BF6826B1763C31,440,5,1405034999124,1405035432305,1412120576524
7CC515BFB9D391EDAF38C085507878A06348494B,5000,8,1406300078640,1406300427328,1412120576524
7CD53F0EE14530E66CF03464872BEAF82C87DA2A,400,6,1406151553108,1406151613784,1412120576524
7CD67BD17BAFE8EFF109A34F2C358932B7F81A8C,400,1,1405612121296,1405612121296,1412120576524
7CDA2E63ED082A6C91A562FF216B6F62AE32515B,488,7,1404949654894,1404949687387,1412120576524
7CDD6D0237433D98180A72DA36AD0C3E5703F37B,400,1,1407335102921,1407335102921,1412120576524
7CE082E3A1306CB45D159C434DD5582F19B9B00C,2000,33,1405132706276,1405334182447,1412120576524
7CE6D1CB9AA3CB8431DC6E34EF2D194F67281B2A,400,1,1405356627067,1405356627067,1412120576524
7CEF81E528F57FA8515BB00526EC48EABB978769,760,13,1405193866230,1405200287044,1412120576524
7CF039EAC742727769FA76C7A9CA16FF3CAEAACE,2000,22,1405789501496,1407209537399,1412120576524
7CFF72681E61FB1F5615A4F89890814E45A054EB,2000,28,1405544973247,1405705342681,1412120576524
7D08987226C374B92DC7B4D6F90FFE280290F027,760,27,1405456889508,1405457351368,1412120576524
7D08D46FA111D53ADD65F0F779B29CE453F86FF4,400,1,1404865816420,1404865816420,1412120576524
7D0B185E922557FF4E9674C691E98B150EEEB415,488,5,1405071357285,1405071371314,1412120576524
7D130178CB255859007FA9F729D057D474D443B6,2000,42,1405061004412,1405308135528,1412120576524
7D1E91437243DD6D00B00CEFE3CD38B14C82F571,760,21,1404882422595,1404895629827,1412120576524
7D1FC4DCD20F7C88B0778D8541E1FB6FE0FECB00,2000,27,1405388658843,1405449032541,1412120576524
7D20710CC0F0E67760D4B8A946CC83839A2DB906,400,1,1406252217760,1406252217760,1412120576524
7D2433CC370FC34B4214943D71A33287E68CE18A,440,6,1405060578340,1405060588536,1412120576524
7D2B569CE7E38EAEA470662902DFC3DB05B36F50,20000,56,1404871037638,1405195225905,1412120576524
7D2B700AE55E37A6FF82C60B9350094D503B1D52,400,4,1405392060373,1405392060373,1412120576524
7D3AFFD13CF6A073766E1307E493CFD7BB2E0737,544,5,1405159498171,1411995864223,1412120576524
7D3E8BBC9A4730E6EC4DE05ADF62FC395F89009E,400,1,1405379805633,1405379805633,1412120576524
7D49C04D28D8DB4F8C8D38AA2631F1C002342854,5000,107,1404954566203,1405891741825,1412120576524
7D4CF919F06BD8B9FB6903AC0217B89709D28231,2000,37,1406133997579,1406264152031,1412120576524
7D5187C1DC0C65A4262E8AA3C7D9E3DAC155D096,760,10,1405713431563,1405713730458,1412120576524
7D5CC8A2ED97FB70E7A28C66A836D21C91280B48,2000,64,1405420751925,1405539738881,1412120576524
7D5CE21FDF8DB7C7D3E9CAF64EA0FB4F9A06AB63,760,51,1404952791342,1405627958250,1412120576524
7D6B506811143C01FFC5FCF577FCE8F9AC80308E,400,4,1406532991632,1406533102240,1412120576524
7D6EFCD0FD39714680B65F4DEC0C4A9FCF730267,400,3,1405768985764,1405769274802,1412120576524
7D70D0B75875C95CB68587CC9892E25DCB8AF3A3,400,1,1405876537625,1405876537625,1412120576524
7D75CB9F549BB4844B55B1EC739D13E7C1D18724,680,7,1404923049678,1404923258741,1412120576524
7D7E82B51A7B748EEF0421D60D3C9A3D1A5CE471,15000,153,1405266782076,1406065655137,1412120576524
7D80879A4CEC9251B104897128BE31D591AB2F53,5000,12,1405041483682,1405042261700,1412120576524
7D8193ACDD5BCC8BB237290501EC2C92F1B46372,488,11,1405206216891,1405206247828,1412120576524
7D8EAC7070988F53B22F1C64232E1969E543A6A8,2640,53,1405619837005,1405874272903,1412120576524
7D99AD96393D27D6DF246D496FA80E971F8AD94D,2000,17,1405488997959,1405561636036,1412120576524
7D9C5F6EB07DB17890A4FD45C87D2295322EFF40,5000,28,1406654804037,1406662985085,1412120576524
7DA261D37C7C720F707B97D73F13CFECA0023580,5000,23,1405045925505,1405049700730,1412120576524
7DAA5BA237A6041BB2B4B22B59BAD67647B59FC0,400,1,1405793905218,1405793905218,1412120576524
7DB0ECF2F7511374D6CD17862E6746172D3B8310,400,4,1404318023230,1404318046850,1412120576524
7DBC4A4BFFD6C21EBF67FE33B163B915FD2D2D95,400,1,1404616681370,1404616681370,1412120576524
7DC496E11B6DF8AA54473D05682A51FDE4EB74CF,608,5,1404867893136,1404868134703,1412120576524
7DCCD5499599BAC8F6F1E0DE2BE71DF0F03F60BA,2000,44,1405086356675,1405465438216,1412120576524
7DCEE5ADEF61938AFC7C6A0620882535DE45255A,2000,60,1404960081001,1405962672952,1412120576524
7DDE721672ECEA5F0EBFAAEAB0E10689AB3E7100,5000,42,1406042354555,1406591130647,1412120576524
7DEF6ECE365D30C7D4E9B8DEB5EFF589C74A70E9,5000,10,1404882930926,1405355368613,1412120576524
7DF8A7B92C7B0515302795F70394A4B21A262B9C,544,4,1406462605860,1406462605860,1412120576524
7E03701BA89CF278B4F2A4145D56CD2FF74FF7D5,2000,75,1404927728225,1405562852275,1412120576524
7E03C4FE756800D7B37C25E4CBF3AD8771745433,760,8,1405048737292,1405048928902,1412120576524
7E045847613D0175E2DE38DC3BFDF1EF610E254B,608,17,1405218690273,1405218963401,1412120576524
7E07D43EDEFBE154285629BD35EB681F7290564C,400,1,1404343211108,1404343211108,1412120576524
7E1363B903B9690ED376F8A6BEC111582146BCEC,400,1,1404583178414,1404583178414,1412120576524
7E15DFE63F1421CCEB9B361148B45041EC1F127A,400,1,1406402322384,1406402322384,1412120576524
7E1A6903182546525DF47623C0F77EEEE1957EAD,5000,20,1404956177586,1405385350206,1412120576524
7E1BEF155AFDB276401C6F3F7601D1832F18F642,760,14,1405504129205,1405624817975,1412120576524
7E24E9CDBBE6A1F03056F82E705C0BBF6993F657,760,19,1406084159983,1406084519822,1412120576524
7E2CED54819ACFEBEDC08EFF7980125FC352EA58,440,3,1405314984290,1405315163878,1412120576524
7E2E2D1874B6E81CB9A94A0ADA49E98D0464FBDF,400,2,1405329546685,1405586919399,1412120576524
7E360CB7E96E30033F1450FE23398E4A547DAAC9,20000,153,1404609509793,1404646002739,1412120576524
7E385255AC33A3C2503BBDA47A598ED33A4EFF15,5000,8,1406244139167,1406415745664,1412120576524
7E4BF1B6CC96C132FD99C03C08D9D15887AF2E83,20000,47,1404443141086,1405205994164,1412120576524
7E4D68F1767B62F80CED9B3BBCFC2A31622E812A,760,25,1405459492816,1410042211200,1412120576524
7E5B3DCA9D047F719730450B956B12FFF4C39EAE,400,2,1405396889069,1405396889069,1412120576524
7E5C5DFE2220E8FB9A559D8AD25C8B3ABB2C0BE2,2000,60,1405153752078,1405413928274,1412120576524
7E5E00718A166614DB051124D1AC6C70710F88C7,5000,21,1405545499906,1405808805272,1412120576524
7E69D08697F85168101DFCAFF3684E7B779ECFC3,400,1,1405229811982,1405229811982,1412120576524
7E6D68141835C20F132305625A200A00B9248F4F,608,9,1405384558011,1405384579500,1412120576524
7E726A4D386994C57BDB7440A4FF622B5525A14F,400,1,1405876945293,1405876945293,1412120576524
7E7947DABAC8079DC19DAA8D74AF4896231472AC,2000,23,1405717412357,1405718260475,1412120576524
7E797E0F8DBE371AC0BCC837335BA58EAC704147,2000,11,1405109117259,1405109330538,1412120576524
7E83328B66B3F0D50DD9DA105C68B6B2D02FF8C1,400,1,1405338932901,1405338932901,1412120576524
7E836A80A3F398BD0D1C9C023BFDD466EE93E829,400,1,1405164517653,1405164517653,1412120576524
7E85746FCBFC03C9E4844B786C18910FF56E2398,20000,102,1405378541830,1407775759178,1412120576524
7E86C081F8C1AE9932EDD0D7BA102EBA22BB95BB,400,1,1405044677538,1405044677538,1412120576524
7E8E4AE8DBEF707CC79ED435E1DD51207DBD1233,400,1,1404956243721,1404956243721,1412120576524
7E905E871BA03107828499EA45CFB0DE68E96100,36000,160,1405302893488,1406338435361,1412120576524
7E909CED8494354EBB57F0A067B065838ED81894,544,14,1405730264947,1405730560709,1412120576524
7E9736CAB8568F62E560C24D1AD29592D9440635,760,26,1405054346887,1405201812281,1412120576524
7E9E0EB9C4D554E81F178D30680E5EB1B0638055,5000,24,1405951404800,1406060640386,1412120576524
7EA3A0A8637F79C0FB381EAB85C2B091948500C1,760,13,1404867379126,1404867486672,1412120576524
7EA5904C75BDB35CE7BB746C65A650BA82E331F6,400,1,1405183328948,1405183328948,1412120576524
7EB2FF7BD0044699ABD48ADE6A31065DD4A670B7,5000,20,1405019873029,1405108796429,1412120576524
7EC49C326BCA13F7274ED4211D45E06C8B0B71CF,760,22,1405919429658,1405996557037,1412120576524
7EC530C48FC72D0458DEEF69896822865E0C8896,608,6,1406238236158,1406238313161,1412120576524
7ED25013252B3ECA0848C96300302818492160E1,400,4,1405675223649,1405675223649,1412120576524
7ED61147369B2D8F70A5A15D88D45CA0F1C283B4,400,5,1405456885781,1405456885781,1412120576524
7ED709EB66FA9647D9EB7CDC5BF7F348E162B67D,5000,20,1404975846504,1405147056508,1412120576524
7EDA877A0CAC8E4687EACB4B5AFDA2AA976CC29C,760,30,1404882306467,1404937072490,1412120576524
7EDDD543F87AD0FE964E4FD5E23F8A512D10D018,680,7,1405653731858,1405653753354,1412120576524
7EE95D164D72AFB4EAEB40A594FF8C74C528EF35,400,5,1405634593628,1405634593628,1412120576524
7EE99825644CBD68F47467DA6DC68BCA32FE5780,488,8,1405288796444,1405288817068,1412120576524
7EECAF907C670A9451B5087706D40C27A41F19EF,608,15,1406632782508,1406632889214,1412120576524
7EED9639A6A995F72910B62B569AFA501591F00F,760,8,1405486437909,1405534075027,1412120576524
7EF73CF492CB11B02AB722ADFE90FA4FCB3C5B8F,680,9,1405521685110,1405522914033,1412120576524
7EF7A55957079FC202430E82011ED5FCEC23CACF,760,21,1405447611626,1405448795376,1412120576524
7F27D06C93B0EE5010B79F54CA058955113280FB,15000,43,1405061813030,1405403923346,1412120576524
7F30D8B73F3A8C74400922C1728625E3D3AF6FFF,2000,39,1404960175967,1406598061044,1412120576524
7F32B443097B04D1F772BA6C61DF0C7F805AB33B,400,1,1406121115946,1406121115946,1412120576524
7F36C7854E98188CA46223AF6C920EAED3D7E4F3,2000,7,1405262580503,1405263229597,1412120576524
7F371519AC5094CD4A3BD59DAA03321299621C86,2000,31,1405312809238,1405334655065,1412120576524
7F3800234F7EE08600DBA54CC4DB3F23A4848B48,400,2,1406506333157,1406506570885,1412120576524
7F44FAE131F015F62035BC35ECDE7BE91E4A845D,5000,10,1405041522197,1405042231680,1412120576524
7F594F42711897DDBC24714098EEFE531FCB1995,680,13,1406585864677,1406586761186,1412120576524
7F603D9A805DF301412EC56418DE2CC2CDAFA399,680,13,1405820832267,1405821273857,1412120576524
7F60981D8B113BBB50D9748C8FD14FC532B40CB2,5000,53,1405400566198,1406909483317,1412120576524
7F6F846C5183255C2826C40717A9A4ACA930BC0D,760,11,1405633764479,1405708112240,1412120576524
7F746A9019BB8EB52A975C4CD91C81A58BA0EBEB,608,18,1405125559258,1405125934617,1412120576524
7F7670E36F5579C69F99F90EE2D1921FD4930916,400,1,1404658851383,1404658851383,1412120576524
7F77F3D5CAF3F512B38339555B2031F58608E040,15000,78,1405179416051,1408837819207,1412120576524
7F7814609C5CD0CF465EB15280ABF16918BF469B,2000,37,1405272603776,1406401298972,1412120576524
7F81F5C966C6AA7A1A08A2DB3617971FD5BD182B,760,19,1407017514703,1407443997657,1412120576524
7F8802FCD6C3B4BBD1173289F3EC43DA5B583B40,5000,7,1404955006108,1405104379802,1412120576524
7F953A5B955F4BF412155E1673F8901283988358,400,1,1404609337617,1404609337617,1412120576524
7F96F1AE3C9C05180D4D9C2FBB1D0C92BE20B96C,2000,27,1405045408626,1406344289732,1412120576524
7F9F9C7344D1A62B70AB5DDDE746B7063464D7B3,5000,7,1405303738911,1405304111676,1412120576524
7FA2B5367CA392F08294821736CBEFB6F7A6118F,680,9,1405277850922,1405532849342,1412120576524
7FA4A8B1848C4CAE83735C68A63D85CEEB547EC2,680,14,1405388417900,1405388825013,1412120576524
7FA4E5E93B843E487A4D3165494AC27896D4DD2D,760,7,1406331073250,1406331090820,1412120576524
7FA6BC9095432613B51B213004CE4F164673601F,400,2,1406250377271,1406250485131,1412120576524
7FA79460C755AEA3FC06404B1A8BE021C86E0BD0,760,10,1405289126470,1405289249173,1412120576524
7FA7B77D18491A1F4D6D548D0674847D3502EBF7,400,1,1405519596214,1405519596214,1412120576524
7FAE7C34667EDBE367A051DB9CA74DDF3DE2C95B,5000,59,1405921218027,1406230294244,1412120576524
7FB98F14D5C11FC7DC3AFDA5D17C4BC8FC7F8441,400,2,1404879333474,1404879333474,1412120576524
7FD94F1A8DBB50F0F70F4597782D52E2673A3BC2,150000,232,1405026452013,1410113940593,1412120576524
7FDBF370CEB4A9E507DFB358E5E6C546955C33AE,400,1,1405501505160,1405501505160,1412120576524
7FE0D1A4FBDC88933F4741E43C7A2CAA49FDCF63,488,10,1405821663287,1405821844744,1412120576524
7FE28825A6699F1F9F70A7B33420051C7D0AF630,400,1,1404958690509,1404958690509,1412120576524
7FEFE5E636C2862807D38F78F4C6C5751FB7394F,760,28,1405522998515,1406077988350,1412120576524
7FF3C944E5A54D9777A5D6A098262046BA7C0352,5000,15,1405279328332,1405280105417,1412120576524
7FF901A313650C69C10C6BAFE1D5FC878C10CE62,400,1,1405656812368,1405656812368,1412120576524
7FFD1F54A3A25D0F6941AFC9EEB91B526C431270,5000,19,1405974577768,1406313236502,1412120576524
8009DA769D613750693888135CD71EBFF3BC4BCA,400,1,1406682919140,1406682919140,1412120576524
800B57DE1ABE5B96497FB03E13C3554EFB9DD4A8,608,20,1405259192718,1405260117979,1412120576524
800C4D4F3C42DB3A80EDF55DD8AFA4E982F9C46C,400,1,1405313237087,1405313237087,1412120576524
800F93D1E8A5116A8A1D9256DDE5B9AAEFACE7CA,760,30,1405712363115,1406593334215,1412120576524
80192A085B3DA6F58CF13E37E4C37FE80916F8D5,5000,40,1405836759328,1406497998374,1412120576524
801A3B53698D4BBB39310E8AAB0410F75F1D22F8,608,15,1405885414341,1405885716060,1412120576524
801F0FB9A9A4F4B39EB0923318A82FCEC6FA4640,544,5,1407334214692,1407334233885,1412120576524
801F9DAE57BDE3E51F61D4022A3396CC295BFE99,400,1,1405587549926,1405587549926,1412120576524
802004BCB7A8BD93DABCABB2FAC81B61D57364E3,2000,2,1405607115929,1405839970208,1412120576524
80237E1707DE51482ACA556B71EF7758ACF39041,40000,72,1405399269898,1407000058008,1412120576524
8023E2833ED6C530A16CA0FC5A32C93F99744E88,2000,37,1405783288814,1405894004989,1412120576524
802518E284AC14F76B876E23E8225B1EE27806F9,608,10,1405458928471,1405459065352,1412120576524
802A3131A61A6F6EDFD2F955C54B3439148CEDA2,2000,26,1405511284248,1406401543544,1412120576524
803CA6058410364B0C6A72305622150D4DF50465,400,1,1405395869471,1405395869471,1412120576524
8044F7DA0802F5A8E98226F2D6C10150024827A5,2000,48,1405147284041,1405149073599,1412120576524
8049D64267A4E117ECCBB36F45ECB8CF8262852E,5000,58,1405561871815,1407642499379,1412120576524
804CF57D4ACCE02622A2AB6A7D75D2D4E6F41A58,680,6,1404963588463,1404963595605,1412120576524
805B1917C964D334A2A3B795365955F2B3681351,20000,28,1404871992557,1407533122534,1412120576524
805B8CBF1CA972E8B2F255FDFA628FE5FA685E54,5000,16,1406600876960,1406606728852,1412120576524
805C0C2B545FFDC3C5265FAE5EA59B441A97FD9E,400,2,1405538174445,1405538174445,1412120576524
80610125455887E1177EB4673C526BF7DE94B6A9,760,9,1404627395203,1404627639343,1412120576524
8066D7D19ED5800023AC7013CBB3CEF47FEA24CB,544,18,1405376207977,1405382695406,1412120576524
806C350EFBFB7788678A1DC1CD33194E02BC01B4,440,2,1405008694564,1405008694564,1412120576524
8070B3F69E0403D437824D46D30231DAE2FA1A86,400,1,1406949173293,1406949173293,1412120576524
80721F5E8D1DAECBD8B896D47A1476752262CABD,400,1,1405404250302,1405404250302,1412120576524
80793B583A51F900A9EA8503888D9E84766594A6,5000,4,1405797513028,1410919311328,1412120576524
807C6047D455D680B2EFB84D93722CF38C1A193B,400,1,1404956871325,1404956871325,1412120576524
807D65A4FC3CE9BC823E892C22B8CFAFF0EC4D3E,760,15,1405085428597,1405085574335,1412120576524
807DD1106DF648ACE00136D72A973F9EA293D28C,15000,76,1405388355987,1406146014076,1412120576524
807F16D727AE11B0AF02D9B1000DFC26905E9EE3,760,32,1406389478841,1406390007421,1412120576524
8082715259C8CF6D61C25A09EB34DF2C6730994B,440,4,1405910887287,1405910887287,1412120576524
808D72730D3A454CB81B5DC22C4129F0CAF7C200,488,12,1405237370315,1405263646919,1412120576524
80981F3322AF3911BED8F9F24EC506FA6FE0B5BB,680,13,1405509322605,1405509926316,1412120576524
809C4AF82F39E8DE0FD263E97DE56003B92DC586,5000,31,1405317356322,1405718960547,1412120576524
809D74FB82422EA42841014496AD3D0238E0008F,760,5,1405474978647,1405537797660,1412120576524
80A2532E406DD67D1AB2A152AA8F72C90D94A8F8,440,6,1405092247345,1405097589047,1412120576524
80A2A01392EFB7FE448AD13B73CBA60CA672F5A1,5000,28,1405042335986,1405265571491,1412120576524
80AB04149F771EB066133CA959FDA961CC8B2845,2537,33,1405303601160,1405385139110,1412120576524
80B81D8026595AEC730C4D27819A11B9FD0037EC,680,15,1405294245346,1405468193342,1412120576524
80B8B5DCE994EC6F3D987785B0C5D90B9B64BBA8,680,8,1405815310793,1405815386157,1412120576524
80BEC3F810A7E122C135376915A9088B437D441A,760,30,1405071605931,1405413788832,1412120576524
80CE1D416871F66B3F751AB1D02757F31D9EEF63,680,10,1405372979022,1405373111425,1412120576524
80CEEE78D85B3032B2BBF400924FB1BB8A9C4734,760,11,1405655975504,1405656425916,1412120576524
80CEF6AEBDBFE72C6F93F0F5E53F3D644C354E1B,5000,38,1405044625271,1405538843361,1412120576524
80D5D841AF0E78AD24F849EE7DC64BE8D6F44ED8,5000,18,1405388779278,1405389899818,1412120576524
80DA82FE3115C44793F482342FDCAE08B164141B,20000,64,1405474582959,1407550512068,1412120576524
80E5DCD42B6B6F2A44C3F4C79A0AB37701FB1A04,400,1,1406118547972,1406118547972,1412120576524
80E79628995AB4EFDEC7D032D1A1BD4F62E1A24E,760,24,1405044851398,1405486131573,1412120576524
80EA245A0DDC531DDFE7061A1184631AAA45B403,760,12,1405772714059,1405778364605,1412120576524
80FBE907517F14D9A321720AAC600DD767EA28D6,488,10,1406601003525,1406601128767,1412120576524
80FE65566B153635827D825DBF76797ED19C7CFC,2000,33,1405128714443,1405988943166,1412120576524
810775EDD86E963620F8E59C5D3A929C82F99EF2,440,2,1405734914261,1405734914261,1412120576524
8108E89875491458DECD4BDDA42033F5C2C13F1D,440,2,1404267750734,1404267750734,1412120576524
81093FB439EC381CF0E1E34AE26C4D5F17446FF1,400,2,1405531922966,1405531922966,1412120576524
810D8DB08FCA010212A013065569B782DD39C529,2000,2,1405823354328,1405874990072,1412120576524
81104065CFFFD11A5C6DB5AEA678525954A0A016,680,7,1405997813109,1405997833066,1412120576524
811A2D0EFBDB0C5A9EB08895632FA8E3EECC8DC9,488,6,1405926127903,1405926378952,1412120576524
81239FA2108E4AA1D6BCC23B7CDCCC42B400B0C7,2000,31,1405046043599,1405106471741,1412120576524
812CD5D2F40D6D6CACA98EF321B74ED0FA13321A,488,9,1404823629195,1404823785749,1412120576524
8138B7B674A347B9E697106322347EB85E4C4D2B,544,18,1404878880088,1404879178942,1412120576524
81445ECB65B9A6A327B1B48A02E521ADE0F77A0A,608,5,1405362821840,1405362821840,1412120576524
8144D0C32636ACAD35F095EAAF632B66F8414508,2000,49,1404980080596,1405791137723,1412120576524
814580B3130A1413CE43140BBD9C4BBA636E8AD4,2000,50,1404667300959,1404669971023,1412120576524
81513AF40E95C80AAEF48E36CA813CFE2788976B,20000,125,1404952448416,1406005853771,1412120576524
815B9E3B5F36C1C31B2674F4EA2639566C4E587C,760,38,1405371816563,1405783866247,1412120576524
815C64EF1B2FF1395E8DF6C832F3DE65AA56260A,400,1,1406040846512,1406040846512,1412120576524
815F16D749192E43740FEF8BC11A829C60B6050C,2000,39,1405494883426,1405842610545,1412120576524
815F4A902004CEBEF7E1DB166D4BA1CD4596D0BE,400,2,1406163549552,1406163858658,1412120576524
81620E263C721AE93FB8FF5A7EC4C89ED791565F,400,1,1405180900236,1405180900236,1412120576524
816D9B57CB2409D7CD61F8194B74DF2745345061,760,14,1405148888588,1405149392200,1412120576524
816DF3022793B4CC2F1FF5D4D0AFA4BDC043CBFE,15000,53,1405061471976,1407127380708,1412120576524
8175B9BD98BC0EAD4B1465784EF1C01003EE2016,400,1,1406177093358,1406177093358,1412120576524
817E18060035648BE23F97E40AF2EBA07FA2465F,2000,37,1406147984766,1407010073611,1412120576524
8184C82D16D9A3360589E6617C9F08A1D01BA32D,488,11,1404402206170,1404402336523,1412120576524
8186C1E7D7625058B28B2EDEF85C90253EB4F9AE,15000,75,1405549442170,1405772671815,1412120576524
81890179607003B6C950A3594FC4A0492A5B8336,440,3,1405541751655,1405542056409,1412120576524
818BD1B28A5D335E690FA96AC249EDFD78ECF416,760,7,1406156316362,1406156333158,1412120576524
818DC31F4985AB164733F5B22D03AC223868786B,400,1,1405061667276,1405061667276,1412120576524
819AEBAD9CA547E7CC76F4AEE944E934DFA0192B,400,1,1405110243950,1405110243950,1412120576524
819CC3B59AADF833F5E68D24D3C2F2D485331561,488,15,1405253879207,1405414975241,1412120576524
81A06DE36CB8124F7B25521BCBAC73AED88B3BE0,760,13,1405856365053,1405987087278,1412120576524
81A075CBE8EEA40528A335F26ABCA60302332E91,5000,61,1408325886795,1412100695023,1412120576524
81A25B4F55C647855BACA2A3399786ADB87031C2,760,29,1406004321503,1406083625138,1412120576524
81A5A85F889BCA4CD2DAD372C2B91DC734BFD05F,544,5,1406070864873,1410605573141,1412120576524
81B25ADD596D9C2AC732F2BC425C345646BA1A6F,488,8,1404865430538,1404865472704,1412120576524
81B53B9E627BB38F49DE15AD1333A56FC5B1E641,400,1,1405173824582,1405173824582,1412120576524
81B5E565150AF727833D7FDB5A59365880B4BBEE,2000,26,1405557538325,1405558801995,1412120576524
81B981B39F7143799123FBD188BB7173A1584BE1,680,6,1406073623901,1406073652889,1412120576524
81BCB70DB88D60AF33743D438856791A8292EAA5,544,12,1406151562472,1406324588257,1412120576524
81C25617E182D5222E3E2589D650307D8699025F,488,3,1405084392733,1405084392733,1412120576524
81CA2A79DF6BFAF272C68251BC080A81F24A5B4A,5000,18,1405475155973,1405560652277,1412120576524
81CA82C6E389B9612BDB7C51BF6AF755F927AB25,5000,16,1405384892307,1405451851076,1412120576524
81CEDD52A1B92103F949ED7C6A0EC1418E737FDD,488,8,1405049463785,1405049489693,1412120576524
81D389ECFCE6D531A149EA8F075E6D12D8F87EF8,400,1,1405801283682,1405801283682,1412120576524
81D4240FFBBAE2467BE4CF52B1E548551D8949B0,544,11,1405386802933,1405432784171,1412120576524
81F3962E8CD1754F86DADA3E74D18D94373BD832,760,27,1405887219226,1405904300244,1412120576524
81F3F754DAB0FC69260F0EFA416F5116491D275F,5000,20,1404886399622,1404953699272,1412120576524
81F55FC4B566318E292051E33C112536829289DB,5000,7,1405312152003,1405356928992,1412120576524
81FBBB66DC3F51A6D83BF4E9D749B10554695298,400,1,1405001509882,1405001509882,1412120576524
81FFC9A48F6784C7D48C86F55BF5E91155B7CF7E,440,5,1405071267895,1405071347176,1412120576524
8200B45A5529361AAF2FC3BAB231EF04E6FECF6E,488,16,1405458089016,1405458381508,1412120576524
82114D1870F45B3F4F88FF3682EB0DF2E293F967,760,33,1404344497218,1404439127716,1412120576524
821214EC1FAC0112B74AE34AA78540BF5767DC08,5000,30,1405392742124,1405481194906,1412120576524
8214C27A7930CA2F6220FA76868379D487612BF5,760,33,1405396431033,1406323874565,1412120576524
82180189D23208546E7D96F16F4F76C36CD4EDE4,2000,2,1405895643240,1405896772833,1412120576524
8223A20AE94CED8DA22E5E8EF863D0761D90A51D,2000,31,1405016069696,1405108360726,1412120576524
822C27FCDFBAF06AE9BF38496D4BCB43A45F9C9C,5000,30,1405232029815,1405614574843,1412120576524
822D5BD619639169882C751B74C726449A9EF69D,5000,10,1405723495970,1405725123328,1412120576524
8231FFD4531155A7742FB84C96D79304E7D9DE10,400,1,1404550573564,1404550573564,1412120576524
8235C4FB0D22CB6A136D7331967015B34B74A988,760,17,1406213773204,1406222462600,1412120576524
8238252EA435E0D8CE9DF5B7C49C625CB1284C37,400,1,1405838701528,1405838701528,1412120576524
824F72CF7A96E37622B41CD9382483980521C680,20000,109,1405392997192,1412065217110,1412120576524
8255FB9193A20253C888490EDF4415D01AB3BC25,2000,3,1405566506846,1405883657247,1412120576524
825648EB2C4A62488F82A5DCD76117AFD9A6B95E,5000,8,1405913201003,1405970202362,1412120576524
8259F248BB87EC59A91E39BF87F080ECDBE6DFAC,2000,15,1405491278707,1405513773456,1412120576524
82626FF3DE7C3CA13D8329EC2DFEBBD3AA9CC711,5000,17,1405014744073,1405470672570,1412120576524
826571E6EA15B36452CBFE2340B57B0B6CAEE088,544,12,1405530936238,1405541827667,1412120576524
8266342965FBB1F332D4D2C90DF0F732016BDD66,5000,2,1405046649052,1405047166992,1412120576524
82670750B562A20394C30654A7FE94E5BAD85D38,760,33,1404939257608,1405303559203,1412120576524
8269A2E1B2D2CDFE975EFF3A10BB4D33065FE00B,488,6,1405036073686,1405036092039,1412120576524
827364257B44E90EF188D73155992A56F165B97F,5000,33,1405464712775,1405871191834,1412120576524
82742D526B23F46FDEA1F04399936C5C9A17D126,488,12,1405383372876,1405383602976,1412120576524
828720D1DC992E2457D690C7AF556EBA3EAD6952,2000,22,1405569796996,1405912825615,1412120576524
8287D2487C55640DBD9B235E063845E6987F8BE2,400,1,1406605473534,1406605473534,1412120576524
828F365E8FF9DBCC66B3AA01FBCC156907843C85,2000,28,1406481077805,1406816387544,1412120576524
82917CC5288B429FA6BB92D00A00C59D1F67ADB5,15000,78,1405255238603,1406824712031,1412120576524
8293CF6C77602E06D4A7604C9763E47531E25B78,5000,4,1405542485333,1405556238121,1412120576524
829D0BE945FF445FDA1D8AFEA83B8D2FF32DD4D9,2000,85,1405308962702,1408309728334,1412120576524
82A06A2926B3CB557DE14EAB39AA71BE2C6ACE8D,488,9,1405313087654,1405313267877,1412120576524
82A831405E54005B10BB8BC03A2F656C8EFA8E65,760,8,1405203894452,1405204033900,1412120576524
82AC3B9D1C6C9E7BD70BBF2168493466D94BF2FB,400,1,1404936427685,1404936427685,1412120576524
82BF768A82CFAD64E3C6007C73D974FA157ACFBF,400,1,1405765200295,1405765200295,1412120576524
82BF7B724C525E2987FEEE90AF3561EA7DC68EC3,400,1,1405268520287,1405268520287,1412120576524
82C7B7FD8AD686EF6B0F95527A57F9550D4E6850,1050,32,1405406995015,1405530869054,1412120576524
82E0B503E7B006C3DA1CE432B61A6C7907178207,760,15,1406310110911,1406310358572,1412120576524
82E3EFCBFDC48FD301DCBB2BD837F4D54E53ED42,5000,13,1404981230655,1404981627028,1412120576524
82E51B2E7A8D0523E0273B26399D626E457B9421,5000,2,1408455941040,1408456213739,1412120576524
82FD5498A419790520140E7A305EC4D928C189D3,400,1,1404955231186,1404955231186,1412120576524
83086726FAD399BAE1992E59AC5909BE40CFC0AF,5000,39,1405567296188,1405831104460,1412120576524
830878F05B11DF0EEB01FCE874F0101ABB08B0E8,488,7,1405384704522,1405385053492,1412120576524
830A80163D2DD0BF26DE4B810FDC1164E03B89C4,400,1,1405475004942,1405475004942,1412120576524
830CDC8FEA13C49622780187974651C039B57C23,15000,67,1405391141833,1405550964341,1412120576524
83162D48F2F450E12C7EA0C3C233797DFC0D9F86,680,14,1405427670823,1405428120480,1412120576524
8321BEA54B4E6199AABE22446A5DEAB5C30536B2,400,2,1405437400464,1405875084618,1412120576524
8327015D7CE869FAC4670A25D8D8F2822DC3D624,400,1,1405619947833,1405619947833,1412120576524
83277C567F5B07A16E64607B54C9FB75953B1AAD,8000,65,1405056719815,1405450832696,1412120576524
83279B0B8D8286EA8611948B7771CE0873C91ABE,760,20,1405039777197,1405040124262,1412120576524
8334F03890C51F680816E4368C771AD6907044A1,2000,27,1405045594211,1405137293408,1412120576524
8347B597226970E225D3EA9B2EF88F01FD5CE8FC,488,4,1405468835519,1405468900615,1412120576524
834B4979A278B0E9BB9EEE09513C1B0917940E4F,5000,23,1404515855909,1404517289654,1412120576524
834C5FC7399E9C09D81EF9D23AE964FA85E341BA,608,5,1406238994339,1406238994339,1412120576524
835199008900027BA3906CB79A7F920C0EF5BA01,760,18,1405316136494,1405334323015,1412120576524
835E2F0824B685A794DB11E25E2DA3CE6A79FBA3,760,10,1405915706765,1405923384898,1412120576524
8365D73239BFF27C8FE9477EFC8D745B3736E199,400,2,1405485178234,1405485185964,1412120576524
836BC7F0B57104C152E82185A4D6E30010FC0E9D,760,10,1405270239749,1405568806695,1412120576524
83729BB5F22FE3C0CE02E97DA32819482FE656A4,760,18,1405300266916,1405300896249,1412120576524
837DBA988DDCEDA09FBCC05718D2DD5A0966992C,680,5,1405472924529,1405473171993,1412120576524
837DE1E98ACFC441512C29674845BFF087D0BA6A,15000,46,1406264955822,1406431150812,1412120576524
8382AA5301ACD11C09760BF8068A1542CACD04F8,440,7,1405918466591,1406129130455,1412120576524
83836AF1658CBCB73653F50977B89600FEF0FFB0,440,7,1405157186708,1405157200092,1412120576524
838660892AD027699B0EC180734F59F6AF7CCC09,544,5,1405041908052,1405041908052,1412120576524
8395E545E940EAD6B5F2DCEEB4C159EBF3D0BD7F,2000,2,1406422429355,1407106791036,1412120576524
839A0983AF4A66B7AC0FEE567D05BE9A4420202A,2000,13,1405398668790,1405401279105,1412120576524
83A156D9E8B9A5B882E5424AA828DA27F0868EAB,608,5,1405962511638,1405962511638,1412120576524
83A9311559886686773564B2D00ECD98F8D553C9,5000,7,1405142062630,1405327697722,1412120576524
83AEAF616CF3F77246ACD4D382B450B7AA38EE0F,2000,34,1404952035114,1404961322665,1412120576524
83B4C72F69F6DA341ADF55EE3B3C861EDF7E2D26,608,9,1406045238419,1406045247817,1412120576524
83BBACEE7624594852DD56F67E26FE863EB2F4EA,5000,44,1405782725986,1406680920930,1412120576524
83BBCE692355B71860C805B2C10076B88A7BC574,400,1,1406595788989,1406595788989,1412120576524
83C3AD71A9851F05BE86FA1F72C07BB0A8FBDB4A,8000,21,1405196639900,1405198420600,1412120576524
83C8244B27D40F396F7CC243DE91003D297E1AF3,400,1,1405210049456,1405210049456,1412120576524
83E334E80B1FD63FAAF14FC79090C6B70DCAEAA2,488,3,1405119665373,1405119665373,1412120576524
83EB53835D2F361A16F1EDD9687C99F80B1F3110,5000,24,1405646785603,1412091258551,1412120576524
83EB73F49C49703A68AEDA262F19BB5E1113CFE4,440,3,1408063644910,1408063644910,1412120576524
83EE46058AAFB483B03F7BB16B21D0AE5AB43B87,488,11,1406157194047,1406675637652,1412120576524
83F183C05241D6A9127DCA67442BCC82D757AB00,680,8,1404875341730,1404875615695,1412120576524
840A909EB40DB15D5FEEE97F090DB320CE1C2AE5,400,1,1406069284099,1406069284099,1412120576524
8416A8F8933F645A2F4BFF3B4E54A9D69EEAC06D,36000,74,1405446022490,1408558343175,1412120576524
8419F873F395B038F71DE75C57794268E7674192,5000,31,1405586077708,1406233981374,1412120576524
841B89BC684FCCE8845D3E53187A42F6C2E87C78,2000,31,1406667659397,1407420295961,1412120576524
841C9EF0C3E3BD4D63A1BF731B516F7B9A72CE12,400,3,1405837877147,1405838193044,1412120576524
842924CA6E243130FB8D1157542826D4A48FE155,2000,20,1408405115757,1408408773669,1412120576524
842DD05A85B9B73D223DC0D4C28C5CEE38FA8658,760,12,1405509479751,1405510062896,1412120576524
843171DD3E9FE4C59ED47686035D90F6F43E0919,544,15,1405693019801,1405693208055,1412120576524
8431E375D83B2F904C3D5675B84C07D45CA8ED84,488,10,1406659855674,1406659962379,1412120576524
8434722763B8CC5D6F81FE5C7622464D228BBFE8,760,28,1405264791108,1405444747185,1412120576524
843ED505CC0F4CC5F8DD916B704DAEE533C14829,400,5,1405289754381,1405289754381,1412120576524
844A4A2140F30F223366C46F6E88BBBA3EB0DD62,5000,5,1405482876667,1405621762831,1412120576524
8451B87F0CE780DE3353C9E9164171CB51DE5EF2,5000,59,1405475092953,1405793671427,1412120576524
845405FCBB9242B25E48F52A6946CCBE9FB2D723,760,25,1405029905890,1410997656225,1412120576524
84587D29850204E6DCBEC82EB49BB1CBFA9777A5,2000,24,1406589790915,1406597846373,1412120576524
8461903082688FE1F1E580BC2272CD77082A5A9D,440,2,1406027632727,1406027776066,1412120576524
84654E458BA09668ED62960F95795ADFD15265D3,2000,29,1405391085073,1405453257584,1412120576524
84760A56CEA3A10ADE23D43F35031F7AA02F65A3,5000,4,1404966676732,1407039051899,1412120576524
84829373010B74C57A289790DDD8EAA4E9385849,544,11,1405125612031,1405125700391,1412120576524
84877700F7EAA18BEFBC2F78EA0713477FC32FF1,760,33,1404879992272,1406084922526,1412120576524
848B3E25881198C2DF043037351D27E2100752AF,2000,8,1404643554399,1406286351103,1412120576524
84906A1A7CA9A1D7EAE6FE85F1CDA78F9D390A98,680,6,1404867484516,1404867492701,1412120576524
84944BC2BDA3977C60B838BA22FE93B8692991C3,2000,33,1405399603552,1405442577134,1412120576524
84975C341812869BC364E633646420B0C1820C5B,400,1,1404860229450,1404860229450,1412120576524
84A73A911A4E2BFEC73AF35FB83F4E7BF716F002,400,1,1405357615467,1405357615467,1412120576524
84A9C99561CA0098DE673686BBC537C590D66CC3,400,1,1405552647124,1405552647124,1412120576524
84B2BF04D10BEBBCFCE7FFE395E08A79DF9A4496,40000,146,1405383737265,1408062348138,1412120576524
84B7BC5F416F790F7600F8E2DCCC56C72C172525,2000,16,1405900255156,1405949194756,1412120576524
84C9C5F785D4B2B1E2B1629790B056692944204F,8000,27,1405301246811,1405386169574,1412120576524
84D389300A91FEC5CF6D30F10D4C9A395E82D74A,760,14,1405337565277,1405337893722,1412120576524
84D97F5151FBEAA39702FBDF3DD55E50CF511194,400,2,1404956126369,1404956126369,1412120576524
84DB95909A890B81A36FE27D92C8DC720CA01661,5000,11,1405230079456,1409426618510,1412120576524
84DBC6A47741715ADF4C1EAEA9191CBD4F982D2F,760,22,1405907888552,1405961820925,1412120576524
84E01FA2BBC15D75EFC1D99333CD6BB18FE09FCB,488,10,1404969906583,1405014501114,1412120576524
84E2F5054078103C171831EBFD19C962A14215A5,440,10,1405052517131,1405052545695,1412120576524
84E9FA7AE2636A19627F3E1738990E997110E96A,2000,44,1405391423732,1405472764864,1412120576524
84F23F58982ED013959B260218A93B9898AD3D39,760,7,1405051504111,1405051514308,1412120576524
84F646475B2D8B32E7D388EB3D3113F18C7BD266,400,1,1405419124790,1405419124790,1412120576524
84FB9BCCCA5634499439B6D297E87421D7B35D86,488,10,1406298872138,1406299055402,1412120576524
84FDC4CB9A25A7107A143CEFF46D7541C99C4AAD,400,1,1405302608823,1405302608823,1412120576524
850094625F49B1C6616872116C1E076D8DFBF0F9,5000,18,1404916089610,1404916611576,1412120576524
8501AF5D19977A5AD8C94C8EB1265188ED9C8113,400,1,1405385232816,1405385232816,1412120576524
85049E95D1CCC9383CAEF25413782D4580B5DACD,2000,28,1405230508209,1405285322878,1412120576524
8505F6F6431A9E7D01C7C497F27AC74942A3D5BC,20000,145,1405053744424,1409626044053,1412120576524
850EAFF0D6D10C2EB6DF71D8E5AD6879A1583AC8,2000,20,1405077933385,1405256000283,1412120576524
850F15D089027FE114CEEA64805D205C3BD399FD,760,20,1405372299444,1405375978853,1412120576524
851117978A9137826C10F1DD80CF2C23E1909B10,544,11,1405264664639,1405268360171,1412120576524
851BB5C580794783A8002D00CA30631BB951D45D,400,1,1406169415635,1406169415635,1412120576524
85243BE311693113CD7D5C4496886C7F6B018CD7,400,1,1406139553400,1406139553400,1412120576524
852FC91AF91641AB4DED670FF30ECA03A084570D,400,6,1405646614295,1405646656389,1412120576524
8536F7AE407780D02322E2D8E9806792E6F4ADDD,20000,33,1405311483771,1406236446129,1412120576524
853B9114477E506483CC9AAABD71821E86F83C45,760,11,1406252776018,1406252905856,1412120576524
855822CA9BAD0D579D4F55EBF2F48F2B237CA9F6,750,15,1405388646631,1405395940876,1412120576524
855D00EC396B73A860307290447644678CF8CAA5,760,14,1405136491957,1405244747886,1412120576524
855FF8DA785067E81D2D4B369352521292713139,5000,71,1405491023164,1406393563555,1412120576524
856041F6A7978F7C368DF25E039E4D3A751C1152,5000,58,1405644310044,1406948588309,1412120576524
85663A563FF2C90887481491F45F50A8FC61137D,544,8,1406064515735,1406064526358,1412120576524
8568E4682A00B3C3235BEDD7B60DF8482DE3B22C,680,21,1405399410463,1405400075475,1412120576524
85733CC3D70FDC78D2A7A033A0DFD199678BBFDA,488,8,1405385248944,1405385488043,1412120576524
857393C93959F17A004399DBFED5AC5AD5012F17,400,3,1405682721311,1407469466616,1412120576524
857B4BBDCE35118025FD8CB0F49AAFE48C5A4FB8,5000,2,1405926033758,1405926526082,1412120576524
857F46C706342F31806D03BEB2410F24E792B170,5000,29,1405183758558,1405467687233,1412120576524
8581B1AE46AD68B7FBC91BD81A4917EEDF763C2A,680,18,1405200243262,1405200577630,1412120576524
8581EBD6B54F0E53478B5B115D4634FB3370ECA4,400,2,1406081112514,1406081216532,1412120576524
8589DEFF6BBA3B1A64749B0AAA63E16145D5E338,440,8,1406519734894,1406519767580,1412120576524
858ADAB567F61150AA9C447DFF96F63E42C3F414,5000,54,1405446937212,1405534486827,1412120576524
858E726B3E8B47C81F9A2633395D0930C0308004,440,7,1406331453959,1406331485506,1412120576524
85984309226404DAEBDEFC45625114CEE87446B3,400,2,1406251806042,1406252170664,1412120576524
85A14E12CA85C79267F13775C1974CF5D84102D1,544,5,1405301492847,1405301492847,1412120576524
85B3461C7BBE815A6806CE187456A632FCDD8EEB,608,21,1404957512759,1405332782846,1412120576524
85BA0688CAB1B384297F03653F2A96D5FD9B6989,544,16,1405366648454,1405367079453,1412120576524
85BB9FF682F09000B81D33ACC81996E5077F9F7A,440,2,1405293116646,1405293116646,1412120576524
85BF06151AF1D5158D693F8797B4AD10CF5546F2,2000,17,1405449744327,1405492500074,1412120576524
85CAA5CA9876B1E0EBA2BB9E426EBD68696568CF,5000,34,1406480738332,1409611010166,1412120576524
85CD8F82FAAE32E4D0B93F5863BB792B55877510,488,10,1405828040715,1405828053931,1412120576524
85CE549AE72E22B0796BEBB9D04A4D824EAB7BEA,20000,163,1405126124499,1405378325669,1412120576524
85E2B2D1B0F1738D3F6759B8D8876210753E7BE5,8000,14,1405131807623,1405299322112,1412120576524
85E3352EE5F6545907EDA5499A417232752A6931,5000,39,1405147409328,1405329617141,1412120576524
85E6EA4B5F37F2FCB260142FF18323A114B28226,760,15,1405164511797,1406024093713,1412120576524
85E96FD5C7F6DBBAF592F5050307CA0F3AE1687E,760,11,1406246873282,1406538032643,1412120576524
85F03AAFA84682B17AA8B4253E4C00B068ABACA2,5000,45,1404943842412,1408813134991,1412120576524
85F1E90A4E990370DF466571C9D8DA951CCB417F,2000,77,1404328585423,1404585391372,1412120576524
86094E7D075F8E99FE2F8ABFAC81562138D10B86,760,33,1405304949464,1405691053158,1412120576524
860D06A5792D7799BBB9E58CB63A083A509C1144,440,11,1405357779510,1405361803740,1412120576524
861B6689B3E33B9D5E90D55CF5374171F3A32430,2000,18,1405883608778,1405883625830,1412120576524
861DA6CF43988B248315BF4E43DAEDB193CD7C7F,36000,141,1405381110226,1410828133021,1412120576524
862100A60862FCD4801A7C1690F4828D4E9B0644,400,2,1405388412709,1405388596247,1412120576524
86368DFB04E711216736D7C610ECC886A4CA7FE4,400,5,1405034497935,1405034497935,1412120576524
865CE94CA0299D8104B2721594BCEBCF79FDC1A2,400,1,1405017467810,1405017467810,1412120576524
86601A870BDA3388A874BAC2060BF9A92419B4C3,2000,7,1405438700456,1405439765634,1412120576524
8667867B329D6A1098E386CD00DC1EFFF1AE1FC3,15000,46,1404951493717,1406591580253,1412120576524
866824949C2742266450C118602B596CC82BFE59,544,18,1406050421686,1406051780516,1412120576524
86683F95AE8F9A8E7E3E4A8432489E0152704655,5000,11,1405409258881,1405409529811,1412120576524
866E8D3D2FD2C7D94D41DA621470EB3CEAE13666,544,7,1405297864840,1405297879099,1412120576524
866FF2122409AF871B80F90CA7E4526FF9387641,608,5,1405541364222,1405541380042,1412120576524
867B30D480A6D019DB810F53F3D5BD6C6ABF17BE,400,2,1405697650418,1405697711567,1412120576524
8682B9C959D944440BBFEAB51956A0CF4E4AE7A2,5000,3,1406305520939,1406482587222,1412120576524
8685DDEB0FC56A6EF2EDA389EB7F0A9F233B6B2C,2000,27,1405658942530,1405700098069,1412120576524
869000926E7E467B45DA9013A3C6A4BCC88C0164,5000,42,1405044482836,1405632437306,1412120576524
86A30E111892F09B5F4F772FBFDC32AC774518E1,760,15,1405741170785,1405753013314,1412120576524
86A9BCC1149F81ACDA4EFBE29FC058EC9A08E747,760,8,1405473345295,1405473811540,1412120576524
86AA188A1CDB48CFF735348CD604D5ABFFD03783,2000,38,1404944198542,1405559022938,1412120576524
86AF78A704F861044D778351C53A1F282D1AE99A,440,5,1405110168148,1405110264642,1412120576524
86B42DCA369D4C14983BC514775164664DC9E70B,5000,44,1404876307903,1405618473184,1412120576524
86B6FB7CE2A8BFB8C7CD09A2FA73B6C6114098FE,544,4,1406045557936,1406045557936,1412120576524
86D203A41CFC71E898DC1F3BFD6A326CBD9CD1F7,400,1,1404756686050,1404756686050,1412120576524
86D4EB42E574F1155CEC427FEE7C4EF055ABB70D,544,14,1405987275790,1405987406795,1412120576524
86D874499252636AB30ACB18E196D2AB8B2D892B,440,2,1409236366979,1409236366979,1412120576524
86DAED57F98327EFC103F5A90F69BEA5E882692A,488,3,1405909462085,1405909462085,1412120576524
86DFC81DFA035297A737806590666E1F2F85FF92,400,1,1405186214795,1405186214795,1412120576524
86E1E8B1815C74FF9BA9A1726429C5A961DF7AA6,440,5,1405475382919,1405475400018,1412120576524
86E4CA9A9C2913D80759A51643A2959764E21EDD,544,19,1404883131453,1404883524139,1412120576524
86E5AF2B65E404B51381A94AF961162C6AEDA0CE,488,12,1405882885201,1405882924583,1412120576524
86E67B191459110A3A47DAC76989A531297CDA38,2000,47,1406664259473,1406669393177,1412120576524
86F1CB145358BE32020660A27C170A1A077FE365,440,6,1405344625901,1405456664861,1412120576524
86F46A02804ED858A8CC32AE9191EA50E0032919,544,7,1405395987829,1405396005489,1412120576524
86F47F2DC87EAE96CFE13FB224C677AA83014CFB,20000,266,1406381238223,1406394808239,1412120576524
86FDEA2EB98E1EE2F611C35A32359B2A5B969A4D,5000,33,1405399564003,1405643430641,1412120576524
8700A34E476C40E0EAAAFADB53E4F674333665D1,2000,26,1405652285416,1405653293620,1412120576524
87043993885807B0AFA5082985920AAC9C0E9EBB,2000,32,1405719895906,1405723581421,1412120576524
8709F9DA1CD1A6284BDF1DB31847BAD32076E5F2,2000,21,1406130090925,1406135814434,1412120576524
8714C3CB64D6D3AB540ADE91874A94849458C502,400,1,1405500560353,1405500560353,1412120576524
871CACAF348742ACF537092DF2AB0CCBD1ADE4F9,400,4,1406398211736,1406417811120,1412120576524
8726BEBEB6FF147EA4BF65979454AB8588C34155,400,2,1405390808204,1405391040286,1412120576524
8729AA19822E446A33121828641550A3DF2CB5CA,400,2,1405121970176,1405130060620,1412120576524
87390DC6438DB4C83D6FDE72CE1ED0C0DE9393DD,488,5,1405900707987,1407003226804,1412120576524
873A7128079846623DA9EC4763B1790B4F530AA4,40000,134,1405219044793,1410749348768,1412120576524
873EE3A47DE79BC90C721331FAD5C4E2940EE91D,760,8,1405481648779,1405530305441,1412120576524
87731C3FFF73C74F310A4CB3863FBB498B8677C3,400,2,1404360702904,1404360702904,1412120576524
8773E61DB6D69FE385075CE6B926B98A90F87634,400,2,1404377878760,1404377878760,1412120576524
8774F0842A08FF922134685F50DC3FFEF3DD86B5,5000,21,1405642519821,1407651237770,1412120576524
8784F9C3C3C682C62D6AC78A24A62A0266B1B09C,440,2,1404956884700,1404956884700,1412120576524
87921E1D25019AA773D82F9BF8798F178BACC891,488,15,1405963404773,1405963553865,1412120576524
8792BDAD1CB5F362CFD9DBF1FB0B65C23056A318,760,10,1406015238009,1406015718679,1412120576524
87997092A1B3A8F5C1832C4FD93FFD1E21D2FE1F,2000,55,1405398018269,1406015920656,1412120576524
879ABE61B79ADEFAEEB82C130436930D8244AC07,440,2,1411701260190,1411701260190,1412120576524
87AC6E49D4303D4B476D41B51AB31797569674DA,5000,3,1404334889985,1404335203746,1412120576524
87ADC08CC6D19A410783020D034FF5EF5FD78E13,680,6,1405398621284,1405398629976,1412120576524
87BE001865D8853ECAF3620DCB781F9D166FCC04,5000,30,1405512969508,1405667515783,1412120576524
87C799079F93328BB4AEFD23B4EC0AE62D90CD1E,760,9,1405460810489,1405789255023,1412120576524
87C836C649F1140C6B2D0513E08A85FF4D4A1753,488,3,1405942756384,1405942756384,1412120576524
87CC38D7341E36166A6BBE4796FD69B57B382670,544,15,1405149808445,1405746549927,1412120576524
87D260547C554DE20CEA50ED4681712A99159B75,400,1,1405527231273,1405527231273,1412120576524
87DEB12A2B47E196640B3A716E607D52A5E6AA9F,5000,46,1405321063725,1405874239021,1412120576524
87E773416A9257B690ED76D5C1A3E2FF6A34EA08,2000,17,1406323351761,1406400081272,1412120576524
87EEC8419CB8B2E596FF4F7B97C84E3CAEC2EC6E,400,2,1405491329209,1405491488788,1412120576524
87F06F8B4767AEF25ADD02AB2AF806F9B0B98934,5000,48,1405017737415,1406788750731,1412120576524
87F28303DD8B966BFAAA8D5830EC428CDAE05013,5000,18,1405674764665,1405675261022,1412120576524
87F9035604F12834CD203DC0574A9EFDF3371EBB,400,2,1404892159445,1404892401922,1412120576524
88025FDE1A35DA740AFE203203E2F86C555AE419,2000,36,1404850760742,1405830125276,1412120576524
8802A42E1F824C7AC591A9392E3903856AFC3E84,400,1,1405169670311,1405169670311,1412120576524
8807C9E1579F07C44F19E34D6FEA4152A86125E1,5000,19,1405963483494,1406130098721,1412120576524
880B49BA851C19546BE6FC41461DF620AAA70FC8,440,9,1405903883493,1406316528808,1412120576524
881A76DCACD7D5FB32FA56E006819632DB1E679D,760,22,1404927827479,1405531798425,1412120576524
881E1A478AE17B4ED8AA5A7C338F9C5D1ADAC057,544,8,1405075755007,1405075779034,1412120576524
882149F6FC71187922AC78BDC656E4B294338228,680,29,1405924730901,1405983044986,1412120576524
88261F4C596B074C206AF99C77B6DC94603E50E3,680,18,1406140721713,1406580794187,1412120576524
8830C6056FD1985491686B5D7EDA73B7E5D8186A,760,30,1405343177170,1405671300874,1412120576524
88322BC616C770E31E51AA7246E03185267D0977,5000,14,1405830510144,1407816939783,1412120576524
8846EE3717638EB117316DFB19C3D9359CA07EF4,400,1,1405156840550,1405156840550,1412120576524
885C17CC762F567EE9F90B1A63666BA37E7DF668,760,13,1405326403217,1406462973807,1412120576524
885D398F2844F74871034F3B99D37C8FB43990F1,15000,41,1410919450996,1411182419232,1412120576524
886316A79236290F3D8D5069830E4D7606CAB7F1,5000,15,1406399513168,1406503628861,1412120576524
887182EDB84C3F24F3186534501CF55134BACD4A,608,10,1405331964883,1405491070635,1412120576524
8879123CB6C0743BC453F1A0C9DC76F8AEF9553D,760,18,1405096688263,1405837068461,1412120576524
887EAB85A6281C0B7EEA6EE9EF7DEE67CA515047,400,1,1406003826618,1406003826618,1412120576524
888058991BBD3BDCEF506375079F4A61C8558EB0,440,6,1405972290647,1405972451517,1412120576524
888F4D213E0AC5FD5A12696C8E9D82C83DDFFAA6,488,8,1404265337963,1404265469148,1412120576524
888F7F67DEBFC5F6BE817FF6B86F5D209BFFD447,440,1,1405486645353,1405486645353,1412120576524
8896C5849A4D26337847A729AB5682805556CE6F,400,1,1406351245965,1406351245965,1412120576524
889838BB07333EB53B995D764898A22E660831D9,15000,104,1405210743701,1408225447881,1412120576524
889B0BDADA899ADCF9F67D6FF615B8E0E0DB91E9,488,15,1405191110204,1405191356696,1412120576524
88A1C5B5674AA71C65FEF57598522D6983C79A34,760,17,1407615884961,1407622388532,1412120576524
88A8A3F6097DFB25FD55535EEEC426138532661C,680,14,1405561062785,1406347833834,1412120576524
88A9F5F92C98192D2C81739721904368200E89E9,760,17,1406445794393,1406446044106,1412120576524
88C2019C75400F46AF2F3C344F5114ED0074DF93,440,3,1404988426545,1405049142913,1412120576524
88C738C49D68FFCBCFB1ABFC2517F38BCAA38070,15000,25,1405480627931,1405747652144,1412120576524
88C7ABC2DDB5C954BBC90AF13DE007A6C9102B48,400,1,1405042481432,1405042481432,1412120576524
88C85394DAA07CD86331FE8D95D1FDC209C34E65,15000,93,1406089798039,1406645770031,1412120576524
88DE958A6B5FDB068295DED3950A925DA6F1CD7C,5000,17,1404962245062,1405849874147,1412120576524
88E6D00AFFEB5607DCBFAE4A23E6B6245008D12B,5000,37,1404876659850,1405370175036,1412120576524
88E88FD460D2E5AD61C08B81B7E8128C15533CF0,440,8,1406079171049,1406079276924,1412120576524
88ED0C98CC0F99CA1076793F412EB208D815C47E,400,1,1407280841395,1407280841395,1412120576524
88EFDB03BA3C5B207E258B733E7A26E602141DCF,400,1,1405307171928,1405307171928,1412120576524
88F011A96C56D4C3632D0E6C12FBAE0AA9653B8F,760,24,1406750748553,1407357760171,1412120576524
88F0FCF07E23A55D79C66CEBC4DE9D34EB79E59A,8000,29,1404928393809,1405052028885,1412120576524
890001657A9E0442A10F378DC74A8CA3B69BCEE8,440,6,1404488038793,1404488150716,1412120576524
891213F6D66F65A1BF1D3E302FC522D86889BAFF,20000,89,1405044882114,1405140233901,1412120576524
89127F646AB86C2D95BC71B308C3B7438D515988,400,1,1406192337329,1406192337329,1412120576524
8916EF56A069B37754BC1183F240468F075F737D,20000,154,1405643165856,1407194311259,1412120576524
8919FF76B3C72DB545942312C22AA3FE3A14AC1F,2000,41,1405486090116,1406506869210,1412120576524
8926711A69A5A09A51DF0D7DFA76AD9D1BD21591,400,2,1404982246409,1404985181251,1412120576524
892A9A8FDDEDB512E92F275666AC10BC668442BF,400,1,1406781345245,1406781345245,1412120576524
8938AEE65ACE476369B259F1DB72714D43D7EAFA,2000,23,1406097588140,1406552275145,1412120576524
893C09C1ED41CB748E52BE7091CE1211A3C3FC65,5000,6,1405045606586,1405045992412,1412120576524
893DD02DE73500F1A84AEAA9B2AF323619946628,5000,26,1405061517235,1405455323944,1412120576524
894479F09887E69AD77E36C016103FEB5ED53855,400,2,1405529794217,1405529794217,1412120576524
894A648B13A892B76FF400C9EAD1D3EB996BCF7A,680,15,1405440872968,1405559503427,1412120576524
896249CBA45A10CAEBFF09DFDE0F6BBD4FF7D03A,760,18,1406165702766,1406166008466,1412120576524
896A6C3447E7AD1647E42F53C70BE9E95962EA02,2000,59,1406044506523,1406124258316,1412120576524
896C2CD26A689D348B134B4B53835BAABB07324A,760,22,1405050869790,1405470957173,1412120576524
8973B20EDBA803EB8762A4342D06BF15003D8B8F,2000,39,1405262954775,1405283388270,1412120576524
8984A7BCDEFA0DBEDAA68093ED18665863D490ED,5000,5,1404877638631,1404879100910,1412120576524
899699D035B3B523122F35CE073B285F10D75E28,2000,65,1405701053614,1406129628041,1412120576524
899BC5A62980D7AFCC37681FE81D9658E702B5F5,400,1,1404603635947,1404603635947,1412120576524
899F7D1B735669B097CE54548498BE7D8B7E4A43,400,1,1405485998296,1405485998296,1412120576524
89A4F02531460D7A9F770FA303C9D08CBB9CBB70,400,1,1405316890810,1405316890810,1412120576524
89B8B17DDA6691D0FD1B2D66D293BC4BAE637034,680,7,1406319850978,1406319862431,1412120576524
89C1C7D7AB8F54FEF2DFFCC2CDBAA26D3DCA7C08,400,1,1411696484347,1411696484347,1412120576524
89E459059927656E8BFE30D62432E79BE63A0660,2000,25,1405039901449,1405171463804,1412120576524
89F7842450F9546F8A038565300890B342A7C02F,400,1,1406001845700,1406001845700,1412120576524
8A07B3D39FA33685135AC4C82E904A23973E4ADC,400,6,1405922372410,1405922472074,1412120576524
8A0B7058CD0EB334C57B28D01A8EAD73FC230AA7,15000,51,1405486150903,1405624941310,1412120576524
8A1D844B2F9DF2612EEC6ED8215278C8A521DC50,680,19,1406658941489,1406759483468,1412120576524
8A2D0EDCD30FB7743A0CC64BB72D458C4577B5EE,440,4,1405195527484,1405195527484,1412120576524
8A30E44343D9F4D293BF07BF7AD3D3E29E21238A,2000,26,1406258637115,1406260095837,1412120576524
8A412D222C653A0476178246FBE6835001549981,70000,175,1405042837433,1406574342779,1412120576524
8A47DFC353C3C8C7F1D5EFBB545BB4D83C52B50C,680,6,1405302826915,1405302838843,1412120576524
8A482D730B998A7C6F0C9C00977A560D6C4C07F6,2000,27,1405051842629,1405056382537,1412120576524
8A4C1BC910B07D1DCF3BB4AAC14BB715746433ED,440,9,1405089614954,1405089636028,1412120576524
8A5AA5387F6E40E07C1B47A093608FC78FA6A038,680,12,1405572661108,1405572859472,1412120576524
8A61FE43B2BAC7192984387F07114C357851B264,5000,6,1406656661306,1406657081973,1412120576524
8A63D095E675E6E3E7838A26143028270563F637,544,17,1404412763634,1404412987064,1412120576524
8A69C9FE2B9B9DDB006814AC7D40D3F16F32E12A,5000,46,1404875736474,1407195490665,1412120576524
8A6A7C3EE93FFBFF492B806F467B10CBBCE7D64A,760,26,1405340138259,1405653982234,1412120576524
8A6F2DBCB80C080178995EDB586A7F02E37DCBA2,5000,9,1404483131311,1404515406671,1412120576524
8A7DB74B0936E2311AA1B7588E8B931F0F041B31,5000,4,1405475430783,1411504106306,1412120576524
8A7F1AE595A07A81E777236E5AE0BCB938560E74,488,6,1405380157576,1405380176131,1412120576524
8A9B05159E259E2A48CDC6B9C9659581B9301EF7,440,11,1406101334050,1406113343328,1412120576524
8A9EAB990F01B0AF7ADC4DAF445A8BB447D4BC41,400,1,1404744907480,1404744907480,1412120576524
8AA104DCE7E7D810FA037729B522E2265FB4E371,400,1,1405326612676,1405326612676,1412120576524
8AAB98630C5B14A077740375F3FD10FA3F5E8504,2000,55,1405817025220,1405993394488,1412120576524
8AAF31C1ADEDD54946F0C63837F5148E34F116EB,2000,46,1405380553479,1405580034072,1412120576524
8AB65B8779E6A9BC6C514D0B13F9B352AC2E236D,5000,37,1406443207960,1406690640314,1412120576524
8ABC028BAD4281084ADAF93C1E22F037C01493C1,680,9,1405486166042,1405489209984,1412120576524
8AD34500238D7486D1B05E0A3B3E3D2CC5E16153,760,31,1405420804223,1408474596181,1412120576524
8ADBA5FA0FD1E06B2277AC77959ABE5878942A22,680,7,1405019947927,1405019960358,1412120576524
8AEBB8F27AD1B232E85F8682704B5CD5411F9CA4,760,28,1405155369787,1405155610686,1412120576524
8AF2EE5D576F950BF5E0DA5B461C1298DFA97C74,5000,109,1404956682885,1406638416058,1412120576524
8AF875572B091CC2C6A60A0F6F8B4B5F53D33C1F,760,20,1405289439767,1405452330617,1412120576524
8AFF5E798F44D3886A7A95A987BB2E8C16FAB531,2000,65,1405588767599,1407351523534,1412120576524
8B0B711F4A77A1E5F525F008FFD60DC4E8D6FFF5,608,10,1405600396543,1405600431657,1412120576524
8B18389953A1D1730EC1A75EF4A5ED56C02F0718,5000,2,1406787094488,1406787345259,1412120576524
8B1C772FDC20670D906A18820B5678E34440841A,1350,14,1405428951310,1405904386948,1412120576524
8B2EA74A8ECA6B751E7F329CA457C6D04887F6F5,9500,128,1405812348462,1405943960966,1412120576524
8B3A668D6FD4AF0936D0C545F56FAD10CA5459D5,400,1,1406686405520,1406686405520,1412120576524
8B3B9B9B61CE8BAB5AD18A05D7C1F446BDFBD84F,440,8,1404872832415,1404873100257,1412120576524
8B3C5EF93ECFD434B4ACB316CAB75EFE80CD7DF8,2000,42,1406095940250,1406097652182,1412120576524
8B3CF35AD33B028E4EDA3785C78BC9EEFB6E4DEF,760,20,1405488419995,1405490557403,1412120576524
8B4F2F0DE6FF3E2EC3FE4A0C685F765ABF3E32E8,544,4,1405983476846,1405983476846,1412120576524
8B4FA75CB1605C33F7E9FCA51ED4D591C76B95DE,680,19,1405420371609,1405420903684,1412120576524
8B5C072D3C0E7F163B605B9FE9901A7E13AAC3A0,488,12,1405040712894,1405041058224,1412120576524
8B67488A32D8B8E1C19E2E868976F47C9A5087BE,5000,2,1406012510331,1406025997096,1412120576524
8B6F59FA52B2F33C4688AF1E4BD0A21229944681,760,22,1405289483931,1406192924038,1412120576524
8B700D3A41A760B27F7657B3A458B0C92BD66941,544,11,1405536136662,1405536373231,1412120576524
8B7A740A33E19CCF0490CF03207F148F4249E249,760,26,1405253847090,1405254767129,1412120576524
8B83931F477BF9F93840E8FD5181F8F0B87FEB93,680,7,1405393437531,1405562428349,1412120576524
8B84C51DD4145A684A6AB677D9930AD6CF0EAC72,2000,35,1406035388655,1406037094519,1412120576524
8B867C3CBE2A709F9F0D2F85358641AC0A05EB87,5000,25,1405264420328,1406606819180,1412120576524
8B97922BCDEB62B463F58FD31FA7645D7FC77830,488,7,1405636467164,1405636502963,1412120576524
8B99C60F54DCE791A36859EA00F56E186CF9CB6B,760,33,1404970758134,1405113281337,1412120576524
8BAA4C1A7D400AE20A4D7D0DDD8FC5380820E469,400,2,1404374599183,1404374830701,1412120576524
8BAC392E77122D03531E4649A4101B8F3DDE478E,15000,16,1405353645490,1405748441629,1412120576524
8BB390E45A9DE55A278B28A2EC1A227A9B10FDCB,20000,174,1404957359196,1408655365927,1412120576524
8BB3B56BFC3D0CBC3AED65DF1FAAD66115C408F4,2000,48,1405040390639,1405188734026,1412120576524
8BB7A92AEC2B27B2B2DC631F171F017797C74CE5,680,9,1405481602166,1405481786854,1412120576524
8BC45FC8B083AB1A1A1E3F23DC9B08FF9094F8A9,2000,36,1405291990927,1405294458018,1412120576524
8BCA94FD1163FFA7A0C555FACEBDD1A44B7677F4,544,12,1405176514725,1405177343477,1412120576524
8BEDA3A5286F8BD4C3C2833AF47CBA8ED00D6C52,2000,55,1405570038271,1405717612419,1412120576524
8BEF1CB896A1ACAF87D729C5DB49FF5F69D55AD5,5000,16,1404918242133,1406762186791,1412120576524
8BF2E9A2D4D41C291438250EE4D25AA8E1A04DFF,680,6,1405816300945,1405816343979,1412120576524
8BF888B7D2AE61542159510CA7FD743B4D5F946B,400,1,1404951545102,1404951545102,1412120576524
8C0196C76CBBD249EDDEE469784F514EEB6428CB,400,1,1404665469783,1404665469783,1412120576524
8C15515D8E040228E6590E5883068E2381FBC130,400,1,1405503701244,1405503701244,1412120576524
8C1EF868A55ABE50E4EDCA7C06866C2C4A6FA833,40000,121,1405333025715,1407887860851,1412120576524
8C217991CB0489D28EEB5E3616584C535C71D575,400,4,1404876918804,1404877079233,1412120576524
8C21AC01185C8E427860237DDAC7A1DDDCA37AD1,760,11,1404430621470,1404430723769,1412120576524
8C247B03D00E4BAB71804EEB2A431AF8042750FF,5000,14,1405003228481,1405055885431,1412120576524
8C26C438B87EB3363289DF6219659C1A1E1C973B,760,26,1405044396864,1405099233768,1412120576524
8C29FCBF7B9B2B50FAD2A56E731B3FDE9AA99870,20000,77,1405989289668,1407524251200,1412120576524
8C2DB2804C72EFF79E17CFC88ACCC9EAA1B70FD2,2000,24,1405486176994,1408335850034,1412120576524
8C2EC5D908A99E501FAF87BDB93BF5A4F096CA6A,544,7,1405467507647,1405467528603,1412120576524
8C30FA9D9B95188C29B51D22FF28CB9309961C06,2000,40,1405548357299,1405971283342,1412120576524
8C3EE9763B67888BBB7C0B3A9133AD90332B9E50,760,17,1405388253989,1408034830984,1412120576524
8C5B9767B8527C32A97E342AAD4831CAD8409BB2,8000,26,1404941011403,1404942955451,1412120576524
8C62BC977F08879AFB1154BD30DC81F1A4CBF387,5000,26,1405510897185,1405599605812,1412120576524
8C6981A28FF2DF16834F4BC7F08EA91D55EAF829,760,23,1404629759245,1404760668856,1412120576524
8C6A4AEDABB2B15BCE4C9A16441B4FF281839A3B,440,6,1406414942241,1406414958308,1412120576524
8C6DA4F4C13DDBA600D7E9528F4A22B3EBEFB4CF,5000,4,1405834717484,1405834989791,1412120576524
8C6EFA002CDD438CF3787CF7EAA629743E8864C2,440,4,1405498933247,1405498933247,1412120576524
8C70276579970223476DCBD075A7301407E03786,2000,46,1405127348590,1405525561490,1412120576524
8C75D6F5530625EEF941EB7FA2DCF45AB7055AF0,680,7,1405044677234,1405044829489,1412120576524
8C7D4C59320DD8DAE57B8A93F083808E6C645A09,5000,3,1405637013609,1405813827065,1412120576524
8C830D8F66A2CFFEF798E11C17964AED86F37061,5000,39,1405517103866,1405913580082,1412120576524
8C8D88B6D266FA4CB1B005FA9CA8BE58FA1D8505,680,14,1405049812929,1405110202024,1412120576524
8C902DA2DE91D694FA6D70E4A0F11B2F57F856CB,2000,36,1405421576675,1408280870468,1412120576524
8C9F5D2A6FFB66E093D4F977DC20454D96A8C43E,440,5,1405515320985,1405515339331,1412120576524
8CA1ACCB76CDC97331C3F89398A2B766FED77FD5,5000,76,1406098309886,1406642086401,1412120576524
8CA2225A9D30493F7FBEBAAD72C4FED4382602D9,5000,8,1405833305389,1405923221918,1412120576524
8CA3448043A2727385A38014351615349B1B111D,400,1,1404888610237,1404888610237,1412120576524
8CA5C2932D62CC51EFB7578620F0FF8B306DE997,400,1,1407710616004,1407710616004,1412120576524
8CAC1BC0C34107637CD5C0D2C687C3D059FECF54,5000,11,1405303333999,1405364496991,1412120576524
8CB35285A00A90B775E43BAB785247A070A56427,608,20,1404881875058,1405235390784,1412120576524
8CB434EDA14658E6E566D991140C9093E13B4911,608,8,1405487202427,1405487338471,1412120576524
8CB637B7CD9BD3F7C8F0C40949E7DD872AC9E743,400,1,1405120992968,1405120992968,1412120576524
8CBA638A8C85E7FB2B444D797CB6898BEC2A6049,400,3,1405314107639,1405441980225,1412120576524
8CC01FBDCD99A010AD75FA42933DE8E0D266D31B,5000,34,1405303031132,1405554727639,1412120576524
8CC941B590C44978A13D978DE69FB76CA590997A,400,1,1405294194227,1405294194227,1412120576524
8CD1F3EC8796AFCAD9EC3B54F371083A2479513B,400,1,1408798747394,1408798747394,1412120576524
8CD9D063101FB2D2790F4A5A2793000B58D5493D,400,1,1405776962040,1405776962040,1412120576524
8CDEEB838098173EBD79E474C37916A5E0227DC4,680,7,1405434869667,1405434887826,1412120576524
8CE4E6C011CEEB660A79309F77F7F6018734900B,1050,8,1405216613579,1405216684460,1412120576524
8CF28F8776667967958598E61193A91A99F0E6E0,760,14,1405005546267,1405006097190,1412120576524
8CFB042215921DEBC489BC5B3EC688E9A211999F,8000,32,1405606279153,1405916690767,1412120576524
8CFCE78629911A3D8D0B9BBBEB7BBD052178A981,488,12,1404875219241,1404875309017,1412120576524
8D030D01859D5A63B95512E42769306DB853CF9B,760,33,1405749712769,1407470143109,1412120576524
8D05F88E1ADFA3C9A738B16BA39852DEAFB2C581,440,7,1405223144402,1405371085085,1412120576524
8D06E4F1180F26878AC387DA235964BD85BC2FE4,15000,81,1404297182957,1411886053788,1412120576524
8D0D645CCEC53E6C744186DB210E8B8375A9B9B6,400,1,1405269394989,1405269394989,1412120576524
8D142698DA61F7F275C26371FF83DBD89B444D39,2000,3,1405193679651,1405203633416,1412120576524
8D1965D7A33E3E11198CF7C6D8AE48E98E8F4AFB,2000,18,1405559372581,1405636011784,1412120576524
8D2B772B14E84406CACCC8BBBCCFB5095E47A1B3,5000,29,1406512331766,1406596887200,1412120576524
8D32BF5D9E6791EFD3D82E83A1E03913294910AE,400,5,1406344089325,1406344089325,1412120576524
8D44486CB2AE53EB830C85EC4E03004FE43D349D,544,11,1405384835041,1405385321750,1412120576524
8D456FC38E6BFBC0725E7B179C6B689474059910,2000,26,1405184756651,1405185647945,1412120576524
8D4CC6A304F47D01D4E0B2972ED58C3F58C366B3,2000,32,1405170822346,1405320228470,1412120576524
8D4CF79368ED813E44BA5EFDD80E811A5DE9721A,400,2,1404940356604,1405036381053,1412120576524
8D4CFD9DC59DA6587907A01DBBEBD8A362888114,440,4,1404721128758,1404721166101,1412120576524
8D4FA16C776F0D56B0EA35C359857DB3F4DD16D5,15000,58,1405388681287,1405649681168,1412120576524
8D575D8A297066381F5D41FEAC19B7C478DBD056,488,13,1405289267101,1405291644619,1412120576524
8D5A52FD9BAF60D0878241648798346E68FB6611,400,1,1405213883849,1405213883849,1412120576524
8D6241F3C94E21903D769DA3581CF8942F9BC6AB,2000,7,1404318596657,1404587571779,1412120576524
8D646AFC4B57D3334C5AB704FB180E84AB4CB888,2000,50,1406398946566,1406406055314,1412120576524
8D676A132C9A9EE98D71EF5743DAAE64768D45DE,5000,6,1405998695509,1405998948775,1412120576524
8D6C3D11BFC55C8F336AB6248C3524185473082C,2000,15,1405531991954,1405565569215,1412120576524
8D72E578BD9D97EB3194E429D672E7B58D0C215E,2000,20,1405475728814,1407260084560,1412120576524
8D77FBE85CE375D946F377C2F6860D67BDEC3E9C,20000,44,1405552453801,1407007434572,1412120576524
8D7BD33926FB6F3D8F42E4EAB07E0A9ECE4174F4,760,37,1405986419258,1406424938132,1412120576524
8D87172276235817735E2C5F66A605F5ABF8EC52,5000,67,1405295245348,1407054188435,1412120576524
8D885E515A168E9CB5CE86F0A129A3A70BDC35A1,2000,23,1405207037720,1405208165610,1412120576524
8D93062986FE61EA0E074C447E37D9ADF93539D4,488,7,1406176646356,1407030446831,1412120576524
8D98FB672E64783F3971A270E6A34A892821150F,488,13,1405637360109,1405637652184,1412120576524
8D9CB5C5C7205351E93BF6317AEE6206FA9FFDD1,680,13,1404910495902,1405399111596,1412120576524
8D9D705480B8131E90C2A2758EB276C77D66C2FA,544,15,1406702401537,1406789607709,1412120576524
8DAECFF9106516CC08C799D67F3230D119FC1A83,400,1,1405640502512,1405640502512,1412120576524
8DC35FEB350CE188A992E93F6C325105D7288C6A,2000,35,1405348697642,1405658899947,1412120576524
8DD310EAB8B1591185DF1E51BADC9BA22D3E116C,2000,42,1405476879195,1405724853881,1412120576524
8DD44CF265CFD53BC3FFCB984D80FC4924E73720,608,6,1405471234132,1405471586092,1412120576524
8DE816EF2A9F1B0137CE3F4A9D1D3ABF042DC429,15000,70,1405399775786,1406173377740,1412120576524
8DEE1CF8501A726C6DD2C1A7DA6BE02897CD1B24,680,9,1405795820646,1406164297824,1412120576524
8DF2D4B6FFB6DA4162141873CA1BDE96A561CCB1,5000,44,1404947907575,1404978868141,1412120576524
8DF58FDBC6D5F30582445B1A0CC420F1094C0149,608,8,1405086310586,1405086327472,1412120576524
8DF7610B0D654DF70FD1B28FB0F52206A90D5006,400,1,1405589774499,1405589774499,1412120576524
8DF9297E475ADCA465445E735A8469C7F7EA75D1,5000,35,1404890300900,1405276607956,1412120576524
8E030971A18BE8ACC74566EDC2C21F4DB3742BC3,400,1,1408473639835,1408473639835,1412120576524
8E087240047AB13F2512022D4AE045840D0872C2,544,8,1405387878682,1405388567357,1412120576524
8E0C85A56CD9D01C1DDDF7C51CD32086E9A099A9,440,3,1405740603874,1405793901693,1412120576524
8E0E045313FAD892C46E8FEE870689C08AABF0D8,5000,9,1405478429495,1406774940557,1412120576524
8E10EF75D7285466527F894FCB734E4CD5BB4CF0,608,11,1405571863502,1405571930710,1412120576524
8E14D58FF62F5B1820BA15559E6FF8790A31E3AC,2000,29,1405240150051,1405452668038,1412120576524
8E16B2554F9D360AA4F6897E6F0538C259293FBE,544,8,1405223312923,1405223586568,1412120576524
8E171488E733E9B3E744D9355A0A059B4E1F2093,544,17,1405409190337,1405492262202,1412120576524
8E20153041AB60B462604F32AF43FF7ADD8F712F,2000,69,1405654542776,1405910369387,1412120576524
8E28533B06065BD54AD90B9783A1EDF01CE411E3,400,1,1405025545348,1405025545348,1412120576524
8E2A064C8824A328ECAD4BE0488E48B33BDA9452,5000,28,1405116666244,1405127381187,1412120576524
8E3805C736C751A2736567598A2601FD55EDC69C,400,4,1406247726503,1406247726503,1412120576524
8E3E188E389B30CA3CA391D182E5FC5F9E3742B8,400,1,1405840162093,1405840162093,1412120576524
8E488F778D962F39D20F70BEC757F4B1EE11D765,760,22,1405252756753,1405288712763,1412120576524
8E4E5C7D4BAECB71EC36FB5A348CD5BE93345EBA,488,11,1405698250275,1405698382197,1412120576524
8E5E559E593DDE85AA066606DFA4C32D0A8A7775,760,11,1405076033637,1405076427628,1412120576524
8E61670BC9B552B307BCAB952C626EE4DBA1DCB2,400,1,1406426954908,1406426954908,1412120576524
8E68199AD09D50514EBD231C78F55C4FB6BAD01F,608,12,1405127606213,1410228361635,1412120576524
8E69025F121BC3C012453F253DEF0C4574985A18,5000,51,1405635513271,1405980017225,1412120576524
8E69BD69013204D4F61228165BC4A8D232F04F04,544,15,1404953737913,1404954200361,1412120576524
8E6BD6E506E5666A2C7AB0CA11C643FDF3BB4AB4,70000,603,1406361200211,1406823088349,1412120576524
8E6F5DBF7D7A95F8328A4478226B2BB2C3C76EE7,760,25,1404625744760,1404820165203,1412120576524
8E74E10664DD03D8C12ABC1450734E32517DCA3B,15000,75,1406432749079,1407308606602,1412120576524
8E7A7125052C765880866934D9D8C79101D8CBA1,400,1,1405399713893,1405399713893,1412120576524
8E7E717609F51CE195E4BF3BBE6D24C3ED4ACB8A,5000,16,1405486209665,1405492567497,1412120576524
8E883F005709BBE1A51C38027A2E2D0964A9A19F,400,1,1405095024323,1405095024323,1412120576524
8E8F52069EE65549E8B0DE6337674F5ED656950B,400,1,1405863064000,1405863064000,1412120576524
8E995284A56ECC01B92EA9DA0CAF3907B79D4CA3,400,1,1406405421023,1406405421023,1412120576524
8E9F8132D849B741CD3C2DECA35C5B17ADC70502,15000,60,1405087226084,1406157858553,1412120576524
8E9FFFFA40DF65F08DD25373EFA2FE5B86283B4B,2000,31,1405396637588,1405409088564,1412120576524
8EA2166F1DCC7759BCC9D9A032255E857B8A97DE,15000,66,1404965926709,1405996635605,1412120576524
8EA4CECDD1190B51B73D96F634E05E41BE45B64A,760,36,1404967215783,1405013182358,1412120576524
8EA548E414BD17E40EF573047309A48F59C85B89,5000,32,1405272168410,1405737481548,1412120576524
8EA70174DA7C0765BDCEBB1F18BFCDEE8398F1C8,488,10,1405427191337,1405427208473,1412120576524
8EAB492F4D3F7AEDEB43AD3D26A225861F3DA0F7,5000,29,1405061052965,1405282482576,1412120576524
8EB517D45C5C84B4F57827934A16BEDC8E3C268C,440,9,1405367835715,1405367948551,1412120576524
8EB891A72E3CD223F123A85EEC6430CE5CEDF054,680,28,1405581152428,1405581570482,1412120576524
8EBADB281BCC2FD23D9CB4F1E32D4A2A653606D4,400,1,1405304224008,1405304224008,1412120576524
8EC4ED0A6A7069201B13E6CB12E7E36B9F181FF9,2000,58,1405454291335,1405570621155,1412120576524
8EC621B387ECDA037DE78B263C37CCF490A3D4AC,544,10,1405187513706,1405293667090,1412120576524
8ED40A1CDA866678FE7B1B8FD38F20A87C1E29BC,9500,43,1406082244525,1406084129967,1412120576524
8ED7AFA0B286313A543BAA2DF5E9753509E56C91,760,21,1405966159747,1405966799859,1412120576524
8EDEBF9C1BD508B630A1CC9F2519C6D99A5F7D13,440,9,1405810497840,1405956797526,1412120576524
8EE197B50068DD905CA2419827B42F3322F83A17,488,4,1405050583582,1405051109957,1412120576524
8EF3867AA73772A18F7271799D11627C3EFD0DC7,400,1,1404260462062,1404260462062,1412120576524
8F05F8C08B02A139810BBD15BA591DC50E8480E6,400,1,1405055279192,1405055279192,1412120576524
8F087501654DC74C09F98E4ED8C7DE68479FEA43,440,6,1405241589879,1405241601767,1412120576524
8F08D6B4B8D9B0A5AE0AEF74703FC77F871326E6,950,30,1404630596192,1405492930213,1412120576524
8F11D3288D142417EA4D5895F6F87B6A2E248CBD,2000,27,1405354690070,1405375339248,1412120576524
8F1C8452431D34373A37ACF7DC6CDC0DA68FAC97,488,3,1405580066420,1405580066420,1412120576524
8F20693D950B63903E870A44278F9BFC9B2E3757,760,19,1405486051320,1405486487543,1412120576524
8F25AF67BC42076CD6B9850E802F9365A36A4246,5000,4,1404627217338,1404627717082,1412120576524
8F3980664C449B89E2F069C9B5AAD8EBA79EF978,680,18,1404920095703,1404920604731,1412120576524
8F3D92CD64CD4FB509E8C19C31EF17B9897D0763,760,23,1405386699528,1405388129283,1412120576524
8F45E33F8750E8E0E461ABC9C897891176C79A6E,488,12,1404884553063,1404885950889,1412120576524
8F4BA327476A7322261AE252C585B5585D1AE89F,608,16,1406224136686,1406224766716,1412120576524
8F5125587CA85083A7AAECF65A9099A0BDFBE6E6,544,11,1405566971530,1405567268388,1412120576524
8F6126FE9521AD60AA67011936BC6009CCAB7000,2000,28,1404915280980,1405018047605,1412120576524
8F6685291B7627C0093812E7945F095B4A8B21D6,400,1,1406159140567,1406159140567,1412120576524
8F675C8E1AECDF25A3F1297A94070FA7F98C4F20,400,4,1405531295868,1405531378591,1412120576524
8F6B19C0BDEBDCFA0346FBCBFE3AAC6CD501E08F,488,8,1405317039715,1405317183096,1412120576524
8F6B36628150A161F833E29B39D79D72380BA1AB,440,6,1405397304593,1405397332646,1412120576524
8F7000E3740A4E2377F0AD765F899D3E1633BE76,400,3,1406509035053,1406509294508,1412120576524
8F761CBEC227B5CB5E748DC62A08C08BEF9F59BE,400,1,1405236684242,1405236684242,1412120576524
8F81BB549E5C10F7D56FADCF814291A0FD9AC755,5900,53,1405253260488,1406380787963,1412120576524
8F850C52BA8C8DD1D50E9587B08810F2AD9ED17B,488,4,1405660534183,1405660534183,1412120576524
8F8DA84176381E03E59CF3C04ADA449CA5C9E966,488,13,1405568835334,1405800584259,1412120576524
8F8DD5526EEBFBF6722E7640958374F2EC88E005,400,1,1405269243536,1405269243536,1412120576524
8F93A105275F6EECDEA3C87E3F6AD876043F0B90,5000,23,1404877374811,1405021132540,1412120576524
8F9740CE12BE82D40187516463CC97DB22343D79,608,10,1405147819994,1405148397451,1412120576524
8F9849A324BC74C3E3F5082A03C3FD7811A02693,400,1,1405606015269,1405606015269,1412120576524
8F9943064B9C275C2DE576DDE50075783B76AA47,760,14,1405389323681,1405418360568,1412120576524
8F9D333D467A4CDFB068EF4B40C345BF0F0F73A9,400,1,1405302988728,1405302988728,1412120576524
8FA53615FCFFEEE39D0208D65A66309867BA039B,5000,23,1405210290674,1405222327621,1412120576524
8FACA3328B21897048AF83673025A09800249461,2000,48,1405232666603,1405660091218,1412120576524
8FC8C0E637180910E564B8E8E63F9AF20C6704D0,400,1,1405180074488,1405180074488,1412120576524
8FCCC1903816A5F4B74700DEA7905D5E12C80173,400,1,1405232683961,1405232683961,1412120576524
8FCF4B3426B65FA44BFC8898FC5F52FC343DA8F6,5000,55,1405862752138,1406251325653,1412120576524
8FD0D5160856C06D7EFCA44DF85266FADA48A685,15000,67,1405044240121,1405625136524,1412120576524
8FD4FF3A43C533A39359ED0151FF6D103FB74F98,2000,28,1405544094100,1405797819600,1412120576524
8FD6246F2597CE07E58E4D351876B9F1B6E8503E,400,2,1406079662525,1406079662525,1412120576524
8FD8D8E45C341CB77DEC40639A9BC0180F5B5676,760,8,1405878456822,1405878479929,1412120576524
8FE4B83248BB3C901B63180D745FEE689F8C05F2,400,1,1406431100499,1406431100499,1412120576524
8FE87D443E84FA6DA940668E585BEA4E073AA679,2000,54,1405655408752,1405798238165,1412120576524
8FE8D869FED5F2C434275A17BABBDC0AD613DD98,5000,31,1406302572068,1406313591380,1412120576524
8FEB5B0DBDC8ADC4F56D57544E19B4436CDEF9ED,400,1,1405598014032,1405598014032,1412120576524
8FEE2D7978EEB657B07A96F9F0CD4C368796A097,5000,52,1405421214331,1405590438843,1412120576524
8FF1E74446211CD14839D333201DEB695BEDD9CD,488,13,1404873605040,1404874103061,1412120576524
8FF4B77A9DF7C8F0D0CC55AAA517F9CD14CAA3EA,2000,24,1405063081548,1405103728180,1412120576524
8FF76962565C9CC1B15B8084A671938BD69D3CF8,440,2,1405971034043,1406075667409,1412120576524
8FF876EDC27E3AD084BA360D54F6C0EF4EACED45,400,1,1405618683821,1405618683821,1412120576524
8FFA27C75D828D267D652F7F9BEBF5440476E846,5000,31,1405219860676,1405387480527,1412120576524
8FFD60CC8E3E0EFC22D2631EAFD05B6976856B9A,608,10,1404423593490,1404856024357,1412120576524
9000F50CF53DB67B60A8F90FD0CD403FF9D816F3,608,10,1405392253064,1405555983232,1412120576524
90081C6D779B2110ACFB4DA0082FB1DE40240F84,9500,28,1405551510870,1405551659743,1412120576524
900841A2A4129838091826FC857191036A92833C,750,7,1405102440982,1405427534593,1412120576524
9010DEA75D400538B3F4E8945527EA5AB00CF349,488,11,1405117734414,1405117816040,1412120576524
901FECD89352CB691827966EFE3E50B34E88FCE2,400,1,1408171844393,1408171844393,1412120576524
902233A2A9692F0F700329B0C704F1784983E7C6,488,9,1405123615063,1405123630939,1412120576524
902274474A40F2CD1D82E43B1CE1FB1342C11D9E,8000,45,1405179273963,1405553675649,1412120576524
9025474D52FFFEA830E998B51AE0E4D60821703C,400,1,1405343601197,1405343601197,1412120576524
9026CC2E6FFDCE884BF46CEEE802FEF3148DEBF9,760,23,1405558117068,1406055951965,1412120576524
902B2C1D4AA475E962F87111DBB479A90A278714,400,4,1405562931073,1405562931073,1412120576524
902CFC4B775287458F36A6BA3241126B1DDF1E1A,15000,35,1405148391901,1406512614423,1412120576524
90366D62CBCBAC66B9B069B489871EE5F62E7D52,5000,16,1405568195974,1405961499087,1412120576524
9047A275CB8521A26AF261B56C97DB2EC6884CA8,400,2,1405569353188,1411271451401,1412120576524
90579FDBDE71B2C141230814752F0E366AAFD36F,608,12,1404997479151,1405120727955,1412120576524
905A873D9C2E291E5F512E881F687C46BAD37190,400,1,1406577454184,1406577454184,1412120576524
906386A9FDB3771D889D58C27D8ACD4DF8B83420,760,18,1404936770005,1404941887415,1412120576524
906C8761001F433B452A4D46DC71ED5F87DD1BB5,5000,14,1406607670363,1409349540417,1412120576524
90751E6B03FE5C035A69C52EECC80E641CBD34E5,400,1,1405788919664,1405788919664,1412120576524
9078B0ED87BD890B020A283EB9A485FD1172B5A1,5000,37,1405392872108,1406493891181,1412120576524
908254BA592BA9F63119A5F7CA5CD3FCDB604FA0,2000,23,1405475241243,1406041457925,1412120576524
9085595483A0E24B68773C1C27D241348A16E92F,544,8,1404937266851,1404941376799,1412120576524
9087F1EFFFA70143F16F1D238308200F9B494C95,544,8,1406232303442,1406232348401,1412120576524
90892CA4A21A0A063B35BD8D9E48E1216A391B5D,400,1,1405705895529,1405705895529,1412120576524
908C4C84C09B997BC2653E0B1419A490047E23B9,760,33,1405050888096,1405473525579,1412120576524
90957AE5F687DCA2292B4C2A8456EE9B6F51B523,2000,17,1405394362647,1405651289771,1412120576524
90961B95B2183C55D41FE4742BA31B0EBE3805CD,400,1,1405719420253,1405719420253,1412120576524
9098B5BFBEF3881F375DEC3AB58C6671A6D6D3C3,400,1,1405384704339,1405384704339,1412120576524
90A6B4928E35148C306BF225CF8CA1655B3F3AB2,2000,23,1406700649081,1406701737957,1412120576524
90AA0125AFFF01997D22ABA5306CDD30AD0CAF8B,5000,56,1405812623886,1408237348132,1412120576524
90B8B617D81D6B09CA4CC2D73A68B63F75C05D04,400,2,1405919679758,1405919679758,1412120576524
90BF4A82A9A6F4EAECAA5234519CCD7408F704BC,5000,6,1404882414177,1404882707091,1412120576524
90C03CCE1A0462B210AEAECCDF3BAA7A7ECDF9DA,760,24,1405798955953,1405799580902,1412120576524
90CBA19EE05A42583CCFD7AEF2917BB0C7A92DA9,400,1,1405585381486,1405585381486,1412120576524
90CBE2491702A0B4A5845E0928B7B8B2C9208E58,760,25,1404966562024,1405047358421,1412120576524
90D2AC61C4CE30EA52BBCEC088B75A4CCB13D9B9,400,1,1405586394468,1405586394468,1412120576524
90E331AB82F8976B2FEB28C7E9AC29E3515930AC,5000,32,1405098680194,1405432464608,1412120576524
90E8A7913C04D862FAEB2F2FDE08612E7D5C79B9,2000,19,1405395778758,1405397670865,1412120576524
90EEE67C6A035BF6C62031AB0D7BD8DCF1A48BCA,5000,22,1405302843216,1405477603354,1412120576524
90EFE3815E7672073A93AA75F8052BA7B08054DC,5000,35,1404678950278,1405139486759,1412120576524
90F278E421D3C1A3CE372684BA502005A32E4E16,5000,11,1406202661510,1410313877065,1412120576524
90F8EFB714641AC1358EF922E88C20A32B52DF24,2000,29,1406149887690,1406317309235,1412120576524
9103B3CAD52C82DA0E0EC9CDABDCEE2663079246,400,2,1404884102961,1404884372890,1412120576524
9108FEDB9B946B66AE0674919456117C60742350,760,13,1405883392805,1405883531532,1412120576524
9112DEA7F5C3374377480DCF2EA16FCCDCC1E609,440,8,1405388366596,1405388667710,1412120576524
9115F4E18815D653DA37AEA7C3FB0E285D8CD90D,680,15,1405106731108,1405106819926,1412120576524
912682BD603CC544715927DB03195023A3BEAED6,2000,59,1405276866972,1405438756846,1412120576524
9137F57F52E912DE5720DFA7DCD48BEE0FFC7A5A,2000,34,1405457522610,1408845021543,1412120576524
913BF8BA194FC12B1587DAEBB8FBA26A34CC693C,400,1,1405623016001,1405623016001,1412120576524
914242C729373432F36E31E63CC54DB33B773505,440,8,1405657863757,1405658204328,1412120576524
9142EACE8B701DB8994C69683C18E156976EC3CE,488,7,1405129273437,1405129300775,1412120576524
914B84B927885011E3646F6CC2A017FE2114BD42,488,14,1406754015774,1406754585943,1412120576524
914FCA3A5E08A14A48DBD174B7F67F1862844823,608,6,1405654540150,1405654892350,1412120576524
9159F7D3701086331D0B89A9708D6EEDD756941F,440,3,1405869361760,1405869452060,1412120576524
915ABFFE92F08CEACCBC79D731F3EB6CF2F7A065,400,1,1405447934751,1405447934751,1412120576524
915C5753AFB51C028B4D7B1495DD4C4386AE9F73,2000,8,1405889664802,1405951036832,1412120576524
9163AFF1B5795305334D1F1A0AB6268643B06C37,680,6,1405018996894,1405019013379,1412120576524
9172F39C158AD784A7F4B1DAED45FD543F6F11F7,680,24,1405529498585,1405530757705,1412120576524
9173D3E1C649A6E9AFD9EFCD204600EEFA44B2D4,36000,117,1405302968578,1406495354284,1412120576524
9176EF6930774550447AB74CBCAF49FE7EBB9BD8,5000,22,1405489854878,1405567027166,1412120576524
917716214F3F43855448EDE6B89F9F127B1A1EB9,400,1,1404378520254,1404378520254,1412120576524
91784A43CDC02909EF81E012B9144E5A35798421,5000,33,1405514638190,1405787612536,1412120576524
917F94404F415A3630133F7125EF9D3FAEC5ED80,440,6,1406383206578,1406383338262,1412120576524
918D2078FC32D690075E77FBD8BE9F4AE2EE6B24,608,17,1406524642881,1406524915646,1412120576524
918F38A5A03A609015A63D285DCDE9294EA2E989,680,11,1405272158434,1405272443960,1412120576524
91906DD38DA664E2A77AB25A9C8275DF659D963C,608,15,1406101188961,1406101491877,1412120576524
919153965B3B20EBA4DBDBFFB43F2608C0FAA251,5000,2,1405725377300,1405725774528,1412120576524
9195FDEF7644919F17AAB27163812E69C0A12771,544,7,1406229058006,1406229100042,1412120576524
919AC4E7E4F1A5B7E20ED56467D00DE8CDB02810,5000,52,1404909184416,1404952015683,1412120576524
919B0D1A680E8C38EE4ED3419FF0E4159E34B229,488,8,1405304304112,1405304324967,1412120576524
91A2C63F593207A644C486BF5FF0576C5A8BE5E3,36000,90,1405706144814,1406270133186,1412120576524
91ABF4281789A67A99655C2FE02679E087222B9A,2100,34,1405485489972,1405880185522,1412120576524
91AF789AC789395EAEC880FAF72380D72132CF84,760,19,1405044529182,1405044835074,1412120576524
91B0ADA520E7EDFD7CCA880F80BDA7B779F96C39,40000,144,1404943324298,1407198781810,1412120576524
91B1403F5AAEB1616B19C68A7E8E31539F58D084,2000,25,1405593597189,1405664300930,1412120576524
91B2F2CED23C286EF414FD102F278769BCAAEBB9,608,9,1406472106887,1406472193541,1412120576524
91C5E5B354AFB40FD824FA0A71F39FD54BB2CCA4,2000,25,1404963128685,1406763162141,1412120576524
91C7300BEBB2B66E83199BECC5160FE0D5C09FA8,400,1,1407624250594,1407624250594,1412120576524
91CDB3CF307EC84B1F41C7F96B16E3A077B8D311,440,10,1405311214178,1405314480223,1412120576524
91CF1E6CE737D3A9A8D6999D3BDD8BF1C632288F,5000,28,1405137073605,1405221180803,1412120576524
91CF63841BE5FA9E9E01AA215C151B339E52D928,400,1,1407188785728,1407188785728,1412120576524
91D88BABFDB5F0B12A94CFA47061E4258D2AEA70,400,1,1405521805229,1405521805229,1412120576524
91D9F47DD5C2645B58BC02AE10CD990066FE49B8,680,9,1406076606725,1406076612249,1412120576524
91E11B387C4AF79573A01A3F7EFE65455BD85A4C,440,7,1406304712823,1406304738548,1412120576524
91E26EC28AC59550A99CDCD67F74202C079F09E4,760,16,1406499640505,1406500057389,1412120576524
91E8552BAEDE9A113058D72D449E2EBF38EADC65,400,1,1405560557911,1405560557911,1412120576524
91ED2F66F8E26F0768EDC5CFE7A6D77070FF0BF0,9500,136,1405824265380,1408549169723,1412120576524
9202818B9BBD35DA66DA369657A09EA78A995E06,760,23,1404654141308,1404654790906,1412120576524
9206BA815F96785E15B5B3CA8EBC5F7FEED4718C,2000,25,1405329567113,1405330281836,1412120576524
92081A1566C44B57EFE9CCAB4BFAA8A4AC6CAC07,15000,87,1405425618403,1410319624102,1412120576524
920826E0E9A3C289365D7BFC502FE7A5C7627306,680,9,1405601813555,1406035498356,1412120576524
9209F989BD62EAE81AE66C7F7501139008F27DA7,400,1,1405731675814,1405731675814,1412120576524
9217F06D2E11204559FECED442C1A5915B32C756,760,23,1405384551205,1405385553865,1412120576524
9218D7B82C4C4411AA7468EFFFF27AC71AC9E32B,488,12,1405397993259,1405398344370,1412120576524
9225277EC506775EF0DC1C3FF8FF487F666A8EF3,488,13,1405727087583,1405743497248,1412120576524
92252E7659E921B11CA9766590EB9E1084779F14,760,31,1405237682415,1405286259594,1412120576524
922F93E342BFD5F05DAF1F78B39E83480A701842,760,12,1405148071012,1405148440776,1412120576524
9234A62BBB9AFFF30706C671647898D98CDE4B8D,5000,11,1405218035277,1405218246433,1412120576524
9236895A987A4B6CBE987D5E05B4DBF0A1A6F5E5,400,1,1404751391381,1404751391381,1412120576524
92383B68333CBF0D6F63042080C3401625706B6F,608,5,1406255862422,1406255862422,1412120576524
923A0C4A31C976C1055440DA1626EAF41A8CB74C,608,10,1405048379797,1405048510864,1412120576524
923AB2386C626A9C37DD00B7B999C757A7CB092C,488,12,1406724854955,1406724946421,1412120576524
924F06922624BB9DFA17F8CDA028498FF4F28B37,400,1,1405389911306,1405389911306,1412120576524
9251386D7CBD633D5047695A224F72FCCF793750,760,59,1405682488123,1410562110953,1412120576524
9256ED62581E157EA3FB60510A08978045DB0340,760,27,1404877877934,1404879043559,1412120576524
925C6A2E0865503054F1705C9BAB7F3CB1959469,20000,84,1404956060949,1406651054366,1412120576524
92677EC3DCC65E2C83F223B0989E04B94F7B22AD,760,19,1404975796508,1405060459583,1412120576524
92750436BD8EF9B93E58637B5F1C7DC6997FD467,680,16,1405360271877,1405360622962,1412120576524
9281E2AF03163B7EB80CC5E68B4B2F0F6E10CCE7,608,17,1406236751129,1406237538059,1412120576524
928BEEB71DB787CD29D3DB58745C9E40F144BBA3,608,19,1405743231697,1406449716808,1412120576524
928F3210A6497AE5CAFBE9C2B4CFDE355D3E5BE0,5000,15,1404913040012,1404918805635,1412120576524
928F5FB0A4BD2144143E1B23B9D8C9288403B1F7,2000,25,1405359134416,1405820025345,1412120576524
929D895EE8FA5F0BAD53EFAF4905A732C593DC19,680,9,1404934324266,1404934412790,1412120576524
929DD6F9176ED9DD73A458D4EA7E86515C7AAC0D,680,7,1405344545712,1405598198358,1412120576524
92A0EBD64610580D12D88E48A4E3377D90142121,544,8,1405568583198,1405568600726,1412120576524
92A9D6246451A63B63E2653DECEF4AC88B6FCB4D,400,2,1406231664845,1407022139366,1412120576524
92AE8014E516EDCFDFB48568488CFD06EBA0C111,680,11,1405258992290,1405837388460,1412120576524
92B0BCB11A5C036035592D182890CF2E463643A0,5000,20,1406522367181,1406613273625,1412120576524
92BA5546A06A17FF25942A8047BF4A4D6CB7F56A,760,27,1405899131061,1405900569581,1412120576524
92BB30125DF976DC7F09803550733DD5CB8B3E93,5000,49,1405620918261,1408154706773,1412120576524
92C1F4F85428439BB6165AAA552DBBD1E48A3B80,400,1,1405787420985,1405787420985,1412120576524
92C67C751D85640B12845EF499C23BD35524421B,400,1,1404487077150,1404487077150,1412120576524
92C84249B02D61A449F248800F112BB19C47DAEA,400,1,1404946212410,1404946212410,1412120576524
92D2E5884D643CEE9242B18993801882ED73BACA,2000,21,1405482030176,1406068154274,1412120576524
92DA8643A83AA73EECC4FFFF4CFBAFE161C652AB,40000,212,1404956369254,1412045323901,1412120576524
92DAF8D2B903C0ED9ADD29471A986B6B65E60945,544,13,1405490459289,1405490785702,1412120576524
92E0EF38D4752B96E80541A36C2C1A44B6D0CD7C,488,14,1405388637776,1405454491189,1412120576524
92E3D75678E5C0899F992B124F4D9D3BDB35D700,40000,100,1405512367089,1407512087506,1412120576524
92E53D8659ABA8C471ABC09876AD12842C7F6527,2000,23,1405828114945,1405918958019,1412120576524
92E954F3ADB9A56CC163119BA7020DBE5AEB4528,488,10,1405877329123,1405877463928,1412120576524
92F82E582AEBCE41AC47CE5199E1B95A8E085F72,400,3,1405881107201,1405884859848,1412120576524
92FAEE7453596C4227241BBF1265F2A4F32AA91C,2000,41,1404956226436,1404963100607,1412120576524
92FCB6F5596F5C5FF3924C153513DAACBD3FD259,950,43,1405470051830,1406660761667,1412120576524
92FE9EE82731E2723DBDFAA2FB32142F927B794B,5000,11,1405059310463,1405059662842,1412120576524
9307F629968F3EAF36E2C5A81D76CB62EA1C2319,488,6,1405587670019,1405587885899,1412120576524
930E790239FCD8BDA1B9B3DFB5B9636E6B688508,760,16,1405222963954,1405464254026,1412120576524
93209148CD92F229E0D22E059C79B27F5EC23B1E,440,6,1405258145735,1405258252228,1412120576524
932AB77529D3417E05ED0F21461C49813833F60B,680,10,1406509423236,1406509523808,1412120576524
9339B5D3895C023A78C7EA97208827FABD94A5A1,760,9,1405298400617,1405298449798,1412120576524
9339E3CB0F19547086E6A5079766B65959D914FF,760,9,1406600406753,1406600573714,1412120576524
934134512D5048B25D934445430A84B09EA07659,760,13,1406038757563,1406039242947,1412120576524
93460AC7A51F8A2D3BEED64571FDB713ACB309FC,680,16,1405235119344,1405235424072,1412120576524
9347270CD9489E5C5E28387497766692AA6BF14F,20000,44,1405041963432,1406046709210,1412120576524
934B3E801F392B4C13B44FEB2715EBC8D170847B,760,6,1405551109441,1405551447388,1412120576524
93534F0A76ADC33C6104ED80F1D1C7FBAB9402F4,400,5,1406062107892,1406062162385,1412120576524
93631F2AC9907DC36DF97522726F717E0065BB5F,400,1,1406735751843,1406735751843,1412120576524
9364DA579549BC7701C9E472DA2E50D2F113D4A8,400,2,1405398093876,1405398383549,1412120576524
936564C04E3F47D776558319B5C805B2337585F5,400,1,1405739786051,1405739786051,1412120576524
936CB25E509039F4B1F8F780B40A2D2F8F48FB92,760,29,1405638248484,1405639156869,1412120576524
9370E3298B8FFCEAF4D7E9E2C329CD3724D48974,5000,24,1405910612935,1406342936807,1412120576524
937B441D580A054B3F605EE5DD84727B8F611AB2,400,1,1406480210720,1406480210720,1412120576524
938834C94F2159254794E84CCE3E477AFB4227C9,440,9,1405098560081,1405107952173,1412120576524
93A8305A41FD151CF97FE8E5AFD6099CA953D432,2000,49,1405688366353,1405902025596,1412120576524
93BAD8381F968AD418AAA8FB9EAD71182942820A,488,5,1405149434680,1405228991555,1412120576524
93BC73F9A652D89DD5547B23D1613C2871EF149E,2000,46,1406297609621,1406380132127,1412120576524
93BD989D513C000C8754C37F49898605DE395C43,400,1,1405556587515,1405556587515,1412120576524
93C11C59EB6BFA07B9DD07A3E01B044ED40DE3C6,608,16,1405707348363,1405707674259,1412120576524
93C30531F47FD02B6F384A860BF614FCE9B7E256,15000,94,1404790852128,1405220250850,1412120576524
93C5077CA36395B24BCAE7F1DF89B16A142D847E,5000,22,1404951373659,1405287070835,1412120576524
93D2B1E18A3BE524C0D33E2E84F5BE3FF05F7E5D,680,12,1405138717575,1405148355598,1412120576524
93EBCD6A36A79E312EAD4C893F496C27597616D5,15000,34,1405572779063,1405737386697,1412120576524
93F2217FC05E7E465294374F5CC1EACE63B851CB,5000,21,1405838686116,1406876967117,1412120576524
94006D5D80F8B57919BEFEFA7397E8A19018BC10,5000,15,1406047295900,1409441128990,1412120576524
9407B7536B0FBE31A4D3F444651B171F103D57CE,488,11,1405539132244,1405539266587,1412120576524
94094ECA78C772E30CC3977DC0FED71512CE5953,760,10,1405551589256,1405551759217,1412120576524
940A34F3DD00BF799B25039DF734BBBD19A7AC2C,760,15,1404823040495,1404823573628,1412120576524
9413D9FA832CF262D56A2D16F6057AA836F5CCA4,15000,91,1404299096162,1405408114599,1412120576524
941C64D1D886638DCA0545F509A5626ED0A0BDD0,2000,72,1405376802719,1405574498579,1412120576524
941D0736B5E0D1A1AEFE9B9A570C6A9540FA918E,5000,6,1404877459983,1404878738828,1412120576524
941D4FE237D6AD9ACA2F6B5B716D017E22A51C67,440,6,1406565752928,1406565849998,1412120576524
942D28271F2FE0CA394E1910F73E9AA63C1DA8AF,400,3,1405486169761,1405486169761,1412120576524
9433B68D8A65AA45213DB91F3CDB3EBFB906EB81,440,4,1405338391984,1405614593984,1412120576524
9434C2E73FCF5342180FEC7EA9926A0EAD8DB4C8,5000,43,1405067564106,1405263736110,1412120576524
94482CB605FC105003971E7B16B449755574C6A6,5000,33,1405651124322,1406591491536,1412120576524
9466975BDE34DC6DB3E6A48C5300CC1F5820437F,400,1,1408325356348,1408325356348,1412120576524
946F45F3DC4F882636932DF8B62F10C79FC59E13,400,1,1405617768713,1405617768713,1412120576524
94720C795B2FBBCFC8F9129612ADA7B52D17B16D,680,24,1405044799496,1408463904488,1412120576524
947691BE9324A2EB570147163BFD00E02C3999DB,5000,39,1405670825860,1405718120497,1412120576524
9476ADFBF2C26EC4BE5D09ADAD2273199E463CB2,5000,50,1404885206562,1405101213746,1412120576524
947E16D6BB215A5CEA18E7197BAD38FC1ECE6FE8,1,1,1404610921319,1404610921319,1412120576524
94834FD6BCBD5B6F04783D58C776D047A4B4EAF7,15000,38,1405793118318,1406247613527,1412120576524
948C06242D64B309053E746A29E6A79BBA9B98B4,5000,28,1406216001759,1406597749788,1412120576524
948C8C026A3727CD8E4A51E9E838253A62308245,5000,28,1404919337499,1405032159047,1412120576524
949078216C3779B81A6926CDCEF6F8964E23DCE7,15000,42,1406335015321,1411326603825,1412120576524
9494BFD7B3696EBE0BB4233FE71559AD3AF551B0,400,2,1406400989828,1406400989828,1412120576524
94A3C922C68A276A07070404F18AC91F8544A2FC,5000,57,1405044531023,1406476451995,1412120576524
94A6614C190510C2BB06445FF7D68544B75039D1,608,4,1405476712696,1405476725575,1412120576524
94AC5B9CCA9B796D4B2BC4F3B8041EFC6EEC18D5,9500,95,1406222684870,1406223724045,1412120576524
94AE9F8490DECD242392F501B9E4D6EBAA76A3B6,2000,52,1405567637658,1409982687307,1412120576524
94AF262917AA69311906CD329EABDF3D6F578EF6,2000,69,1404932268016,1406212714015,1412120576524
94B4A639B9A0850AF5A4B5127D4D08667C71F1F5,20000,36,1405101863656,1405573801286,1412120576524
94B5BD57ABC0369209C1C3D85DE2B48CCA95FB2C,544,16,1405426096519,1405426676019,1412120576524
94B635F7B4C0B59F0D757352E7E9BAB3C9E1CD7A,2000,17,1405954449143,1405974915791,1412120576524
94D8927FC94191BE56ADD974E9F76FDF79ED233F,400,2,1406318679303,1406318863059,1412120576524
94DD816028F5BA408E97FE386814C5695E314F44,2000,17,1405825454659,1407962691299,1412120576524
950266655F563479A77B979526C47163E9D71448,5000,7,1405619413365,1405619860270,1412120576524
950742F00995E82AF5C7662577F8583F807B1F10,5000,23,1405229816795,1406514586056,1412120576524
951B14CCF60347367417AC15C6710729F5E0BC6E,680,16,1405379244383,1405379843409,1412120576524
952085AA650F7B109075246DA46CB038808B41DF,760,35,1404625099393,1404626201346,1412120576524
9524DFBED98906263C7492DCA3FC4A42048E841A,680,6,1406313277476,1406313289074,1412120576524
95306F54F26293B886365B7E22ECDA0C0B4EA5EC,544,10,1404440592284,1404440747726,1412120576524
953A38CC7CD292F6A5C25B2FF1C33AF9355809E4,2000,17,1405471654324,1405543300895,1412120576524
953A77416EA7C382FE44D2A5EEAF5CED9439D85F,760,10,1404909654987,1404909664566,1412120576524
95429F9E55D6A539DF60B54483499A00F0B6C916,400,1,1404292017386,1404292017386,1412120576524
954598FC7BE202AE2DFEB9B0A72C161F3B9BA77B,608,17,1405989715676,1405993163519,1412120576524
954974FC9FEDEFB669A0983DBEB8614025864FEC,2000,76,1406210881418,1406719509936,1412120576524
955336A16D973145C875F09881F78FF6F3CFFC7E,2000,26,1405723608767,1405724839166,1412120576524
955BF4BB68CB037A7039A842C3462165D41954E4,400,1,1405356720994,1405356720994,1412120576524
9569E61B1034DE073301397B195D0DFF1ED5A797,760,30,1405091038923,1405791666718,1412120576524
956B7C964BC8A947AD270F7D0B4724AC977FC9CD,760,34,1405347792301,1405476540724,1412120576524
956D633430EFDF2B566DAD6BAEF43B260066CE7A,5000,13,1405612534171,1405812340524,1412120576524
9574FE21BC7EA871E67B887A19ED280C95402E21,900,24,1405655762114,1405918741836,1412120576524
957D45B99D82F8B6408C27AA31ECF72D0D81A774,680,7,1405784132609,1405784150839,1412120576524
957DC30D1A15C7E066D4E6B2BC9D4A6EF1FC9906,5000,18,1405264180908,1405311282169,1412120576524
957E4BA0F7D847078197C24CD85C4900DEC84506,400,1,1406229013226,1406229013226,1412120576524
959827F5408F904F2A08FA77EDC9671099DDFAA4,760,15,1406777477651,1406777647088,1412120576524
95986A90CF0826B2DE7FA4009C03BA9EDDC683AC,760,28,1406299883225,1406300348356,1412120576524
959A074941BA3508DCB9F9CE17579A4A8C52AD28,400,1,1405456499763,1405456499763,1412120576524
959EE787E7786701C2030195D41CF13676E60A67,760,17,1404957260524,1404957392954,1412120576524
95A60E606934F2CD79E63E30338F7E15B51AE77F,760,10,1404879903388,1404880162007,1412120576524
95ADF32C694B6270570183363024BA78BFB9B67D,2000,16,1405476154314,1410576423558,1412120576524
95B6954DEE2B2D06E5B304E88E9E2713AFCDBAFD,40000,95,1406740581965,1408244100369,1412120576524
95C3221BBB53120072264CF8C30BD7E6A65E1375,40000,364,1405482585416,1409196781936,1412120576524
95CE1C220A6434CADA24421A2594B18D3CF2CD6D,5000,23,1404335329232,1404336830763,1412120576524
95CE32E480055CAABD9A07CF30ED3A10D1E3C267,40000,123,1405039954063,1406248102175,1412120576524
95DF1A6FF36E4FB768B83EBF5EED2D6ABB812D78,680,7,1405311032605,1405311155283,1412120576524
95DF3AC9811280CB2D0A3926464580AA59AFA2E7,608,6,1405391605743,1406403739794,1412120576524
95EEA9351AB175F32E97E35A45A87F28B8F70660,400,1,1405795627333,1405795627333,1412120576524
95F4093E4B4F52980017A358D46BF73D3FAEBD73,400,2,1405714866893,1405714886488,1412120576524
95FA55A71AAD3E96BE4427CF739355D6BEC7BB97,400,1,1405303000270,1405303000270,1412120576524
95FA950F918E8DEF9BF2B0101D57AF498A29288E,2000,24,1405707171366,1405711046817,1412120576524
9615E86C9EA5E90572923CF261A90EB40D7E0F47,400,1,1404309079014,1404309079014,1412120576524
96162ED98A43C18FA0F9FA335F0EA1D0E301D7AA,5000,11,1404692475347,1406682627675,1412120576524
961E2E30485394C2FEFF5A2D70077FFE887548B7,760,36,1405946838818,1405977986689,1412120576524
96208D43CA5701513B765CEC7184A69420DDA524,5000,31,1404924962044,1408555630486,1412120576524
9623A5DBF595940D1DFAECA1CA307C5F433E4950,680,11,1405232877966,1405497419834,1412120576524
962AEA8D811ECED1C6E9C7DCAB70F776953366B9,544,3,1405502965291,1405502981446,1412120576524
963BE6679C699D4B6E90D50B5C21DFB07765A326,2000,44,1405236043619,1406179848804,1412120576524
963EAD0FA5E63D9D992BD422E8FB38D7EBE2DD49,2000,63,1405544299964,1406512888392,1412120576524
9641468DB8F208AEFDC7A852424D6578B2AE220A,760,14,1406173931786,1406232534274,1412120576524
9647A0C8F2FE51FDD364514E3B28F783B47E829B,400,4,1405050845757,1405050845757,1412120576524
964D2D90A3FF37A674D286D20D9C60F4B5C187CD,15000,84,1405974213852,1406779913712,1412120576524
965049D84624E69832B139520BFEB6992A532E5A,544,11,1405940272322,1405940527299,1412120576524
96506046D4A1579E49867EC4ABC54303A7954F0B,544,6,1405480929973,1405480940114,1412120576524
965867C88E0AEB23D20607B78C4E8249EBBFD7C1,680,7,1405556393587,1405556435528,1412120576524
965A481DF4DBF5CEB862D09F0872404D413FFEE6,760,12,1405137565888,1405137872504,1412120576524
965D50B7043D42981BE10F1FBD0568D4D27329E4,5000,28,1405364704380,1405375249387,1412120576524
965F123D641D15130F1CFED50E26A378FD53D3B3,440,4,1405559786259,1405559868647,1412120576524
966B649A73DC668A5C5B65462EE4BE56AB033867,5000,4,1406991730279,1407007008566,1412120576524
9673E8B38437B57BF880373E3CF8B977E50056F8,2000,13,1405096535352,1405124568414,1412120576524
967E0B8C90F9D12835CE3E8FE3E45EF1F66539F7,488,9,1405018911233,1405028183988,1412120576524
9682B4AB2780166A7076FF6D4F667B57CD789486,488,8,1405365197859,1405365220045,1412120576524
9683E98DEC327827F2A84FF0229A6A3F3C4D9B75,2000,48,1405567003467,1406256798495,1412120576524
968D5322D1B1B584D6E836CCD7A4BC8F223C3A60,544,12,1405004953061,1405005169929,1412120576524
968EC5374009623454EA12041F10D61BA62AB7D1,760,8,1405358992440,1405359204080,1412120576524
96908F45F45FF1D518837B9638B07A01E5F86B36,680,13,1405182068858,1405183173226,1412120576524
969296378C2B6515A59127AEA50AB392020BDB04,2000,47,1404885580624,1405721185117,1412120576524
96A08487BCF0A5DBC3FA20596EE71CC3E9A6F679,760,10,1404572404067,1404572414147,1412120576524
96A526A96E60627C820C57E78DFD45036100E617,8000,65,1405248239766,1405253483688,1412120576524
96A5897F876DCBB08751D35CA5563787C6BD6C24,850,16,1405476256563,1405526936456,1412120576524
96B1833E703DDAA64C0DAD0E4B8EDDAC168DEEF7,440,8,1406526244406,1406526262012,1412120576524
96BB0CE7C1D08E1F64F00141B0B7B50C66A31F25,544,15,1405445257363,1405504825538,1412120576524
96C6EA9B9855CF3D7FF32B45F5D8696BB2C10EDA,2000,32,1405044495909,1405350042522,1412120576524
96C9D74318DC60682FA685C2A6EDF8DCE841D747,440,9,1405396106968,1406730470506,1412120576524
96CE08021BF9BD2CCA9A761D61FB5C0CA3CB7115,680,6,1406602126379,1406602139200,1412120576524
96D11228BB9131FC14EC9B0FEA8D5F61D7170AEB,440,7,1404963228002,1404963240915,1412120576524
96D3B854537BF71557D549121D6E9486770E02A6,5000,15,1405602860287,1405765304271,1412120576524
96D62CEEAD74D3EDB1975C615ED842E352CB0612,400,1,1405432076481,1405432076481,1412120576524
96D8F1A81B94C66EC7EAFAD6EE32AC580D378BBE,2000,3,1405085723402,1405086998557,1412120576524
96D97F8B068C9F20E4EA75D917DF5AEDC591152C,2000,33,1404683038394,1404774971726,1412120576524
96E76E1467B8E38900DF43B1A0430F4479345097,400,5,1404948752484,1404948801705,1412120576524
96E827AE9816575C8745597DE30FA17A1088CD0C,400,6,1405239430261,1405239500331,1412120576524
96EA7B212A7EBA995DE294D28807B89010D4D826,15000,53,1405534725282,1406689198539,1412120576524
96F207A82CF59558454B3190A936C2DB4EAB4A28,400,1,1406503285516,1406503285516,1412120576524
96FDC92D3C9AD34285E19A1DACC4880ECFE56C69,20000,61,1405475172972,1405825246488,1412120576524
970C07C6162A86C0D95E37AB1DFF5BD6F040F683,440,7,1404739569146,1404739580023,1412120576524
9726A38104CE21F7D3234404C7B46FD9D6BE9276,760,21,1406072728811,1406073384260,1412120576524
97277C4FA4BA22D7B16476316651BB07A2180F6D,2000,26,1406045904223,1406395596937,1412120576524
972A1BC958FEA15B99F64DCBA0D30C598D42C82C,400,2,1405313217056,1405313217056,1412120576524
972E7EC06AA6A03CC0B36A54A70F5F1279C9DB3C,760,11,1405402540358,1406072089920,1412120576524
973874B220F8A3358E614BE18600D63FEB9A3752,400,1,1405798508530,1405798508530,1412120576524
9748A7030A6356E4B085F257E374FFD8E309F85B,5000,50,1405920246208,1406085267952,1412120576524
97560E2759B40B612138473C9AEB7AF8BE21C5C2,760,33,1405311025637,1405353073812,1412120576524
9759BB53971A390A56125CEC7418C53102837D97,5000,37,1405192878537,1405702296451,1412120576524
975E87CA4C952557085BE806969732CDE3C5D931,400,6,1405633724433,1405633822955,1412120576524
976422E7A4D188D9394FCD40ECF7E8B790AC4531,400,1,1405154185195,1405154185195,1412120576524
9766633D5A4157F73972D13FECE33EBE274F92A6,2000,42,1406645047666,1406696049898,1412120576524
9766AFBA53311F172DACCFBCB0D828772E0CBD8F,150000,495,1404877728535,1412091986963,1412120576524
9767A77665BAD0BFA8D78E4E0E229F870B67CBF8,5000,39,1404964777318,1405709362375,1412120576524
976AB13B47446755B67AE052D29E5ACFFD8F9DB8,488,11,1406181220533,1406181579881,1412120576524
976E9DFF68E5B992F04EF93CF640F5771303AC8E,2000,46,1406218191002,1406297587371,1412120576524
97717EC610EFEF1126FB6976882A472E73D6496A,2000,47,1405099879199,1405101683369,1412120576524
97739B70B6B1F4BE610F65EA1661B7DD219DC03B,544,10,1406385124518,1406385190072,1412120576524
977F10D7564E470618C8833DF9569B339C4EFE5C,5000,95,1406308628987,1406309646352,1412120576524
979451727BE8BCC503E67F461FB21A0294B7D974,440,4,1404920217873,1404984612773,1412120576524
97A24BCB6B971488DAD4E16ABA1561B87467EE00,20000,101,1405473731020,1407594753195,1412120576524
97B7AF1587A193E3803C73A4CD7DEBD9D5EC25D7,608,18,1405730995979,1405731396391,1412120576524
97C34137289B5014C85D5F0D4D3150C6587FD767,760,15,1405503593755,1405504080523,1412120576524
97C4F66AF034087DB79A4B6B794B7A22D4F0FEBE,15000,27,1405722223691,1405730732516,1412120576524
97CA62BB1D1BC7704E76B85DE99E4A864F56C141,760,6,1405472524244,1405472552868,1412120576524
97CCA4A7547DA5AA4C015DC2D2B87846E44149DF,2000,28,1405030200246,1411364399023,1412120576524
97D1D279E39C01EE0C7515F8D7EBCAEB66D59FA4,2000,75,1405387324864,1405529705078,1412120576524
97D2D6320C13BB0DCEC784CF01135DDE7EEA8681,400,1,1404893676504,1404893676504,1412120576524
97DA2818075F2223F4B4CD0B18FCAB1F900BC7FB,608,14,1405644503061,1405757999252,1412120576524
97DACA805464C254F646F765F8B6C8983865C0A7,5000,31,1404984842939,1405106060643,1412120576524
97E55472BF301E86921BEDDAA0CE9DFB66936EAF,488,7,1405475515500,1405475924841,1412120576524
97E7D9F384075245EFB32CD0BA4AACD49897E667,608,16,1406228869503,1406229131055,1412120576524
97FC6F201A45EF2DC9C4B2FB86955CDA32A47CFB,15000,97,1405438202163,1405894553620,1412120576524
97FF6566511E56781D6C776C19A273E0826FA167,760,14,1405462866561,1405472282181,1412120576524
9808E881BE459EFD67C57287BA2C76FA10B7F9AA,2000,9,1405975687800,1406316477409,1412120576524
980DFC694D8A2E0685CC1E2C756A900C0BE08DC7,760,38,1406353517492,1406521361275,1412120576524
981349C91F71627813AD683D65F34AD86DFF3164,5000,42,1404639820808,1404792109541,1412120576524
981BD299BBF992E719C48F10C854AACAD5E21FA1,400,1,1406081345429,1406081345429,1412120576524
981E090B2F605D88648723375D11668844562D4D,680,16,1406120906706,1406121134456,1412120576524
9821F60CEC0F01AE9FC1AACEC63B64C66E45097C,2000,31,1405586224646,1406714289596,1412120576524
98267890DECD1BBD2B830C9FA2572F6199208B82,2000,55,1405824447326,1408666543572,1412120576524
982E14726F9F0C66BD62DA68D1AA69A71ECB8B7F,8000,43,1405142155873,1406973258972,1412120576524
98303A0801CE992F802020C26F34D30E231D0024,2000,51,1405318023978,1405488514196,1412120576524
9847117EDD3F04BE8DED50ADB1FA2593EB69D35C,15000,80,1405039969507,1405130081029,1412120576524
984805166A6E3F60B92D93058CA474A932F9C26E,488,6,1405303292701,1405349156354,1412120576524
984AD63D69469ED2138B6BA63AE02E488B268CCF,5000,12,1405893137369,1405964840204,1412120576524
9865B03A03384A837730DBFCC0694F637D2A5E46,5000,7,1405292367157,1405700924829,1412120576524
98714853088615928FD4647C9CA681BF19B3B66F,440,7,1405910236009,1405910243201,1412120576524
987D9AE2CFA0CDC633A78CF1BC3560AFE678C82E,400,1,1405044331861,1405044331861,1412120576524
988098A0A0DADB9B3AA610D1949E03DBF862631F,400,5,1405605958080,1405606028311,1412120576524
9889C9E49209DFEE3FFF8314ADC2059480A6F521,760,15,1406515218268,1407475829046,1412120576524
988AF2CAB5748AD3199D7DD31F3B633E6D6DA5AD,544,10,1405697411272,1405736574514,1412120576524
98907597137713A73AACA7A04D764C1FBE4C8672,2000,30,1405634028927,1405651977560,1412120576524
9899E7892023FA60F1DD945849321EA9862EEBCE,680,16,1405561937006,1405562246313,1412120576524
98A6D366D1702F7C6A101904BB05E4E88107C45E,5000,39,1405190702364,1405198043708,1412120576524
98BD426DC2D9158141DA15388F76531A9BC099EB,400,5,1406071444869,1406071444869,1412120576524
98C55E1F65C409ACCF7741E987C0433992DF99A7,760,16,1405009594771,1405054340292,1412120576524
98C9974E4295270DF5C227B051C76C5739994A5B,5000,25,1405100863142,1405126083932,1412120576524
98CC640C66B4EE3D5AC6E10B2DF1188B86F8C0D8,8000,17,1405238530874,1406511070865,1412120576524
98D68A96C7DC554AED4514981C91674DBE7CD6C5,488,7,1404876823765,1405100740972,1412120576524
990E1BEEAB65519881BF13EEA478BF4BDCA7A591,400,3,1404877737535,1404877853919,1412120576524
991CFED3D65FCD72A63277B57218B37E798E6414,400,1,1406156268336,1406156268336,1412120576524
99252365E5C1C9FF16FF2772B2BC4AA5A324CF57,488,8,1405464702164,1405548940838,1412120576524
992B2E39E1B1B9AD5A75755A0AB91E6349E9000C,400,1,1405460230449,1405460230449,1412120576524
992D738BCB22636D7A1E5BEC025FB16866D83B6C,760,23,1406053696855,1406054294130,1412120576524
992D8A48FB1DAF983F1C8308ED262829B1FA6AA1,5000,14,1404870106562,1404870691779,1412120576524
992E8E281869D4FA9DE16FB2E4EFB2A0FD5EC058,680,7,1405995453477,1405995478780,1412120576524
99323E74EB0E03DACAA40A3A90FE2EB7DE776A8E,400,1,1405337878813,1405337878813,1412120576524
9932BCCBAAB848826F509F4DDBB8F6CCBF797782,5000,24,1405395456341,1405924006842,1412120576524
9936E28DE1586E3300EADC8ACE0F8849A88BBEB2,760,22,1405373550394,1405384663118,1412120576524
993718990DBF9813EF76BA14DD116D8E719DBBD5,36000,122,1404615116378,1407285841002,1412120576524
993720825B3DAF0A137ADC0C0D2273774B925128,680,13,1405624719981,1405625129420,1412120576524
993D477065D7CF1115FDE227C4BE0A793CB1438D,488,16,1405300786854,1405301126946,1412120576524
993E253031C4EB7BE94C734642CED37B3DE5748E,8000,19,1405302860140,1405303948245,1412120576524
993EBA0DD2AAB6F9E5788A1987B5B0604C2CC78E,15000,102,1404873135937,1405183537774,1412120576524
994093E23D845C6CBFE59A61C18713CC73C96DA7,15000,125,1405332168709,1406933100241,1412120576524
9950BE16E01BA94F507D89CCA71BF2FB953A6D7E,760,11,1405388357482,1405388486915,1412120576524
995C1D22707E0D8A67A89876840591938D9974AA,440,5,1405734532531,1405734532531,1412120576524
996103A4A26E90B5A1878EC68F176CAA116237BF,440,6,1405279459594,1405279599094,1412120576524
9962CDC264D9CB4C45D3E0BD852A559D83DD90EA,760,23,1405219543098,1407418595462,1412120576524
9975C5F264875C79584AF23CD80477F61217CF55,608,14,1406646794415,1406647087386,1412120576524
99798832A1D5342FF34E119895D3F10FF4A2FFCC,15000,87,1405501841504,1406318734802,1412120576524
997F68CDE7F76784A8DCA7FAEFD42183B7E41877,400,1,1405168365048,1405168365048,1412120576524
9981F6F4E6C49E771937B24EC52A8C77BCBBEFB1,15000,56,1404967289928,1405472073402,1412120576524
9990E6DD6620868396AF9C96CEBD36DEEB157EA9,5000,13,1406593789399,1406607952378,1412120576524
99956116FE1BC0D3910A6B1D6D819FB2A7054C3D,488,15,1404925286481,1404926116858,1412120576524
999B6B8774743EB9BAD1BE0975F0305CD2CFFAAB,440,8,1406506496884,1406507671945,1412120576524
999B913FDE9C1549F4009D3C33C0A5D5C1EF2571,400,2,1405824817159,1405824817159,1412120576524
99AB9FB11F1935BFB9D9F7BA400FC5826F430262,400,5,1405633002048,1405633059457,1412120576524
99ADA01AB1DB686281D1FD6CBC14FEB5381ECAC7,2000,45,1406298924076,1407787128490,1412120576524
99B3F1A64CF55AB42460D7854084C7F97B58ACE4,1260,16,1405318688594,1405319608226,1412120576524
99C0A2ADC5D63346764B36D7D09FDB0A7E1F1377,760,28,1406083752670,1406085174851,1412120576524
99C22EF08B15BB8D83202F92F9EB1F0664231299,440,4,1405724660355,1405724721068,1412120576524
99D98F2935FB2028C877BA0B884BD9762F253F4E,440,3,1404412080001,1404412080001,1412120576524
99E7BC8880EEA77A76AFE8C9C2C6C6AA040EE49C,5000,11,1408100664705,1408101108455,1412120576524
99EB72FAEA578538F08BADC95BDBEBD2DC206376,2000,31,1404922359612,1404923813418,1412120576524
99F59FDB939953C001BE946C9E8ACAC150DD732F,400,1,1405300909651,1405300909651,1412120576524
99FA11B80E5041BBB617189AAD32BB0FBB6BD899,15000,79,1404583369972,1408813506044,1412120576524
99FE0B0C3937F9D82A4B20A5DCA30FF4A6549E53,544,4,1408684933294,1408684933294,1412120576524
99FE241BD3BC56AB84F28744BE7FDD3793D31581,400,2,1406478423801,1406479065725,1412120576524
9A0156169252EC23AC5B8877B09EF4B5A7D78910,5000,17,1405223644876,1405469748130,1412120576524
9A159BBFF0A40492307A96E69232842BDFFD3707,2000,41,1405409789446,1406265682081,1412120576524
9A269204F5E01F3D233D507EA00C6D344B1A868F,400,1,1405865593326,1405865593326,1412120576524
9A297C294A28488D182126733631DF5BCCC67D59,608,7,1405024383442,1405027606985,1412120576524
9A2E92315E3F4774D6C8D346AFC6C83508852745,400,1,1405596472992,1405596472992,1412120576524
9A355218F3F8A8C49DB0B49F7786B2A74C4B55E6,20000,17,1405132439276,1406665790276,1412120576524
9A38526C31636864CA80C1E788798F040E32E0AE,400,1,1406434765608,1406434765608,1412120576524
9A398230959BAE1159453BE954E79D84B01128D9,5000,59,1406440768989,1408360815962,1412120576524
9A3D254A9C3B9DB35588039CB01A7D6038073149,400,3,1404871770062,1404872842691,1412120576524
9A40C6135352C787AF6EEF233568DAD840067046,40000,295,1405176931251,1405874799476,1412120576524
9A457A9E89E62AF2EE27D9858F309BCFF59BEABC,440,2,1405233935535,1405233935535,1412120576524
9A54E5AAE64C0AD5999B0F4DECB541DA4C28346D,488,15,1405051975899,1405052376561,1412120576524
9A5A772E15662DF88DEDE7E4B76E9C699A8F03AC,680,7,1404877489694,1404877517325,1412120576524
9A60647252A74EDF54BA69DEA4895497A7C86C50,760,27,1405044520949,1405228635480,1412120576524
9A60BB7B030ABB739C110596951705A6F3B41FE3,2000,16,1405973029316,1406149921614,1412120576524
9A64B039E1FA4355F20B8E394BB5EE1F4670F506,400,1,1405554823472,1405554823472,1412120576524
9A6609BAE26EC0CB10187704A0ECE47B1D7F8444,760,35,1404956229584,1405104597016,1412120576524
9A710B29E5DB7441FE0E72A9D04F6D48533799F9,760,21,1406094165402,1406094640379,1412120576524
9A7AEB0C89BEB8E2BB97CE31909DA5CDF80591BD,680,18,1405308324356,1405935896675,1412120576524
9A851DF7A699921FC831D150438DB06B9449C336,5000,24,1405400013291,1405439999193,1412120576524
9A92A348B4AB88B0C0AF4DFB7216B806DEBD4105,760,22,1406013724769,1406448150460,1412120576524
9A9AEEB62DED785D791079CAE5BA2D8A4E8B7F63,400,1,1405447793765,1405447793765,1412120576524
9AA0BE7D94C7289EE012BA3357832E799B74F516,15000,100,1404877221610,1405373263708,1412120576524
9AAADA2E7DB4D44F4CAA0698C34F3359A04D6BEF,40000,199,1405561020245,1407713828934,1412120576524
9AAB9096400190F2DEDE075A024CF120ED9D951F,760,31,1405331374267,1405333174438,1412120576524
9AB65E82B6F3D144D35C8FD9A6755B039388A7EE,680,14,1405116821075,1405117447069,1412120576524
9ABA99E747EEC30DBB31AE8E0F0116E5F5BDDDE0,760,19,1406180616581,1406256423782,1412120576524
9AC042C756BC33F6C8513EAAE838E3E8D8380081,760,29,1406127113543,1406127381282,1412120576524
9AC19B65C067A02609601E6C2CAA1DC60BD999C1,680,23,1405838827197,1405972521019,1412120576524
9AC42AFB9222694BA1392816CC2011C63FB7E6D2,5000,3,1406272402914,1406546036653,1412120576524
9ACA92BD1777CB1A2CF4BB27F0EDC19B0094D3CF,2000,30,1404951400713,1405380104385,1412120576524
9AD27F0AEAF3593102CA1ECA665F4674C90FD7EB,5000,7,1405276003031,1405291350903,1412120576524
9AD352D5B472E6B7FBADBB2E51604277BB366653,2000,9,1405455622315,1408055664117,1412120576524
9AE99247058E8337A71CCF1DF3ACD945E1204EE5,400,1,1408062927235,1408062927235,1412120576524
9AEE07EB50B7B6D3D9FFEF4B4ABC43EB40F95B20,2000,22,1406520602783,1406522070888,1412120576524
9AF05702FA1B6086AA5A6279B5915EDF73E5C5A1,5000,19,1405520920675,1405551649561,1412120576524
9B03ACDDA4EFCC672671B14828B0B9C00C9CC5D0,400,1,1404722560046,1404722560046,1412120576524
9B1BE4781A71C6479518F2079C206C0CFA69D65D,608,22,1406278278733,1406313644430,1412120576524
9B1F57882F673F8C2224B3D2F97806FD3936D666,400,1,1406602103462,1406602103462,1412120576524
9B2EE0C13C5A1FC71BAF2FFAF56CA40F5CA8308A,608,13,1405700096158,1405700368218,1412120576524
9B2F86D3DC9D96918E72AE29D09625D31105FA66,5000,42,1406247634390,1408580601252,1412120576524
9B3621B9DCD692FC782EA12FF4E6193DEB2DBB18,400,1,1405760014058,1405760014058,1412120576524
9B3B0E146F052C6B947963E8D59AF27AAC57E835,440,3,1406069962496,1406070147326,1412120576524
9B45A90CD45D17C8AD60D8F05EC28C2C03BA3223,400,1,1404996200150,1404996200150,1412120576524
9B4F4FA1CFEBBFB8E8BE3BAACD57DF69BC41CB7E,544,8,1405677868279,1405677914875,1412120576524
9B58508797AD7A0BFF3E2365954CAD625F6D28AD,680,7,1405568679288,1405568701301,1412120576524
9B5A7BE60DDA7D83E78D320FC2213730BCEBA3E8,5000,33,1405188577758,1405229313429,1412120576524
9B5B4A72F38DFA5672EFDB7DD1725BA3D0450908,400,4,1405123678264,1405123752116,1412120576524
9B5B7C1A8C4931C1CDFBBAA0896318F26C43B308,5000,10,1405547967108,1405549303692,1412120576524
9B69DE534183ED0DF14C677E4E187F867A8AD004,2000,42,1405300041532,1406076745780,1412120576524
9B7002D07B15AEC33AB023F03AF0DFF7DCAA74C9,680,8,1405812682890,1405812773848,1412120576524
9B7105CE0B088B7C1EC543C6077DCA8479D9DF20,608,14,1406083932758,1406342735623,1412120576524
9B760FD7304E97DA0469B0CBAD7C8A8C84C72033,440,9,1404401740793,1404402041222,1412120576524
9B7E00C69EACDDE828F7527674C7276A036371CA,5000,3,1405640535839,1405720088751,1412120576524
9B8B71BF03EA6CB87B9D26BE2F8D6938BBB0B5C1,608,12,1406138722651,1406138884389,1412120576524
9B9121A46ADAA0F52927952340DB472664BD7913,1050,26,1404956503608,1405018546537,1412120576524
9B92EC699AD517EE3F3B932E7A4874B4A202B05E,760,23,1404802181871,1405997095954,1412120576524
9B9E52C30DC30DB1A2276CE73D056460C163C2B3,400,1,1407017582862,1407017582862,1412120576524
9BAB2876F462E6823EE461DBF035D2864E5093C6,440,2,1405974213064,1405974213064,1412120576524
9BAFC262D334FB301BF15C5A052796A27F287218,2000,47,1405666792158,1405747852057,1412120576524
9BB093BF2026784FD9F9B51FAAD3210AF3F3963B,5000,8,1404956677238,1404957557139,1412120576524
9BBED4A3962389A7E0A66654D0244AAD8FF34E72,2000,49,1405330071592,1405671031941,1412120576524
9BDA89334D0F6A98C49798F9922EB512329B2210,2000,18,1404957479142,1405383262928,1412120576524
9BE41F89027294ED5EDD78AF074872A1980569E4,400,1,1405039867476,1405039867476,1412120576524
9BE5A119AD5716CB088679C82961A86719577D3B,608,16,1406168468084,1406168752917,1412120576524
9BE934C2705D2884250C7D1642856ACE597D766F,680,10,1406141972048,1406142261021,1412120576524
9BE9553063B4EB0368F2879C2E3858AFBCC2EA3F,750,9,1405301768546,1405301832475,1412120576524
9BEE8835F38F04B6AC057E924B1B75AFAC3B5C1C,5000,40,1404840854883,1405051684067,1412120576524
9BF526A413929B0E3653D45D7DA80D878B4B9BB1,544,14,1405392010730,1405392072506,1412120576524
9BF9CC85A92C4653BC1BE962D34C9B3594123FD7,2000,50,1405430210204,1406217949245,1412120576524
9BFDC45D36855CFB1E7BE258B6EDB13EFD206874,400,1,1404302388074,1404302388074,1412120576524
9C06B565A48377D1E80E6F3ED4D71F00C903CC7F,680,13,1405475354435,1405475594687,1412120576524
9C0F87C23B7B01374867BEB429F712AF37C1C98B,488,6,1406073825621,1406073841484,1412120576524
9C1497DECAA9D7BA95084BC18D078AB529591B33,608,5,1405317242662,1405317242662,1412120576524
9C1CAFB77297BE860296DF3A74CFA14BB8D06DD6,5000,46,1404956495489,1404957033578,1412120576524
9C35272C055A600E9A40CF9902F87F32A4A92575,440,8,1405044491126,1405044679417,1412120576524
9C3EE3C10A618A4E0FA71115C4059DD0E4C4142C,488,4,1405957956447,1405962390236,1412120576524
9C42C38968E089CCB3EC30825DEADA7833F94E5B,544,12,1405732303383,1406726334611,1412120576524
9C43BD932410CF764554E5012C54D802EF532685,608,8,1405025067929,1405025240383,1412120576524
9C57CA674C6A93A1B280001FB1CFCF61BED9A477,760,19,1405060743990,1405061206269,1412120576524
9C57CC6825B948B110459B7DDD61EBF418522251,400,2,1406336460096,1406336619288,1412120576524
9C693C20F8DB9079A60CD4EA691BBEDFBE907160,544,5,1405869691364,1405869713470,1412120576524
9C6A3A22E311B1AEC9285CE1EF90310B76FBAE5C,760,13,1405290545922,1405317593934,1412120576524
9C6B59FBAFB1F1796EB4D622F3BD0D9A9181E7ED,2000,32,1405000057197,1405215675289,1412120576524
9C6EDF4F607349B3147A2A95610E21A3CEF47C2C,544,8,1405166781795,1406312032093,1412120576524
9C6F8B3A0D65DEADC6531E5F26E3B97E781164D6,400,5,1405994829554,1405994858883,1412120576524
9C7BA6AC981548F6C9630D84C0084743E31F61B6,760,14,1405498408536,1405498921083,1412120576524
9C8BA4D03911E395AE1BF86C70E35914BD055792,400,1,1405556543460,1405556543460,1412120576524
9C90BABD01FC84670EEEE512067DC77F8CEE1381,440,10,1405415892540,1405457380246,1412120576524
9C9441094BBCA6F40FAA1190D765D842A6CD398E,2000,61,1406683401300,1407057343772,1412120576524
9C9D1C964EC5A40A52CB815C8B4386171CF7ADD2,544,4,1404991569324,1404991569324,1412120576524
9CBC88A230F870E9F8208764C56F73354330A436,440,10,1405557982404,1405558228161,1412120576524
9CC0A7B05B0C53361C3D671F7FE1D02CA30A1800,544,17,1406222433019,1406226638293,1412120576524
9CC5E9500A8B32A5623D2E945F82C988DE97A75B,5000,79,1404932137052,1408936772652,1412120576524
9CC938D71D7FB4DC6334EAB0FEC8EC069AD292D1,544,17,1406393865309,1406394375755,1412120576524
9CCF67C93E005CD0C29F0F8E1569F45684AA84F8,400,1,1407040279950,1407040279950,1412120576524
9CD28C202DB31C92C378BE9F7521D99D3FB52039,608,9,1405313507628,1405313692707,1412120576524
9CD2C8552D60654909560D09631745C134AA4DB2,8000,24,1404884041564,1406353957741,1412120576524
9CD4AC49B17893BBCA6B020F9C289BF4C41FEE05,5000,15,1405297910112,1405385658659,1412120576524
9CDED8ACCC6692E2FD9EF4EA111899ED99D00C4C,5000,6,1405115837257,1405189514124,1412120576524
9CE739CEA5F934FF47593ABF24EB78D97792E229,760,12,1405055946550,1407524076812,1412120576524
9CE8067F7412562BABCE1F3CF2EAEB58CA849629,550,25,1405007675585,1405473593692,1412120576524
9CEC4D2D56A552C60EBF4E5C0EEEA171433F8076,760,19,1406046594008,1406068407887,1412120576524
9D1485942B40FD73B6ABEDF6F62A01676F5D7AD9,400,2,1405203083528,1405203223815,1412120576524
9D1CD7B9D58CABD6CF53306066EA963DC8F3F77C,440,3,1405525695252,1405821006834,1412120576524
9D2008C036EA839BF5190119327959F6A193EB57,400,1,1406316236372,1406316236372,1412120576524
9D27E346540882A05EF9D4BFE90D7F27C3EC876E,5000,46,1405329528850,1406678585937,1412120576524
9D2A79D6D11849FBB0240CFACBF5A91FA0190826,400,3,1406253721534,1406253721534,1412120576524
9D2C75B26078D97CCBED7BEA303E2DC5D4F37407,9500,78,1405563369409,1405576069667,1412120576524
9D325885B8098B4DAB5DE21F418EDCDBE5394C3A,5000,30,1405189683709,1405730296056,1412120576524
9D3A6D8BDC769F27B0C50C215AAAA03B8F3B3008,440,11,1404440276691,1404440371063,1412120576524
9D40F4AB1C1EAD61C1F4438451288B14863C27BF,440,5,1406472612016,1407455600466,1412120576524
9D42815D885CA4B4369A735A2B91973BCF61ABBF,2000,34,1406155966536,1406411317159,1412120576524
9D45180FA45E8DA468D1A6BABDB28BBBF2CF73E7,2000,72,1405307356502,1405481946608,1412120576524
9D45DC166BA89A828E2AAD6CCD58EA65F07AE547,760,27,1405036940771,1405731546825,1412120576524
9D46A606AF96A7D288984FF87FE0FB22B2B742A6,400,1,1406240604411,1406240604411,1412120576524
9D4CFA2735884596D00C2EE02440022C52BC5E67,400,2,1407234581043,1407560780402,1412120576524
9D6373F3E528B4B424D6195A62B34D4CDE49D0CA,20000,83,1405303757282,1405735979757,1412120576524
9D6B5EAFD3E37B9BFAA84FBA3AC487012C3ABB56,608,13,1406639039462,1406639294894,1412120576524
9D6C9AE618FDB1CE6202A1F18172275B7638B876,608,9,1406329201284,1406355167136,1412120576524
9D77992DD61E6A0F2F8737890A6AFB8E7EE8ECDC,5000,16,1406579237490,1406580055792,1412120576524
9D89124F35B3BB16B1A4CF14D2311E5F3F00BF91,680,8,1405556658828,1405556827855,1412120576524
9D8B879BE6FB1195F222CA75C63D617C5254C511,544,9,1406165680459,1406165833801,1412120576524
9D8CCE76E7D9DCBC2D7096B3E386A6B506DD7335,400,1,1406633889299,1406633889299,1412120576524
9D946F16D29863E3B524F4AB4AC1CDDD4AAAE68F,608,9,1404954480353,1404954684593,1412120576524
9D948055C96557E0D3B97BC45708213BEEA4F0FF,5000,17,1404868047333,1405654790096,1412120576524
9D94DD5A97BC6C1802605D348071B0F3FA38E59B,400,1,1407194311662,1407194311662,1412120576524
9D94F0F6D327FA77A5B51601107DF1498B296A9D,400,1,1405632866869,1405632866869,1412120576524
9DA413658D921CDE04003F7D18F0DA95EEF8BF37,2000,10,1405384813239,1405388251364,1412120576524
9DA7A8ADFFB631EFE3473CABBA2A990912A85DE6,488,8,1405752336248,1405752432966,1412120576524
9DAAEEBBC570315377E2C2699BB39EAC699F886D,2000,40,1405540160000,1405708503100,1412120576524
9DB37812F44BC5CFB0D6EF664B00C8BBE1390BE5,400,1,1405537250607,1405537250607,1412120576524
9DD43151C46C142DC433A4A2B8616DE3215EB6CE,544,6,1405647188570,1405647272792,1412120576524
9DF029146CBABE5A3DE03EE9A8DF97DA8678595A,544,7,1405539758057,1405540082792,1412120576524
9E035B7555AEFC58CA6AED661CC03FD88B51B20E,40000,449,1405662540451,1406431595598,1412120576524
9E06C10293F21DF54D77ED5EB719BDD0114C6277,400,1,1406133479373,1406133479373,1412120576524
9E1301042C78C3F3FFCB1B51C65BC31A35A26DEE,5000,17,1406162925782,1406594212237,1412120576524
9E1600C2CA3AB5BE87D65FF4389CD4E0EAF13395,5000,37,1406234473325,1406452359321,1412120576524
9E18D5811EEFFA96C3CF5C39FFA983F9A1113BC4,5000,20,1405778871809,1405780361086,1412120576524
9E1A51DD00DE7F2FAA2C267F20DECF4E41DB74E1,400,2,1404867502813,1404871218831,1412120576524
9E1B86344FC1046B2584A2137BA5E5F70B19B24C,760,18,1406576878019,1406576991727,1412120576524
9E1C62364297E020CB8CA5F1EAE606F7616A0F37,2000,41,1405757795296,1407009471903,1412120576524
9E20DA961EC1A8CE13DFB84C2C775071FE726B72,400,1,1404751720641,1404751720641,1412120576524
9E2103BF51DB67A9C5DF35DA04F1F8B79F4B2165,5000,2,1404910871788,1404911147699,1412120576524
9E273722B2A9F263B4EE54321F330E06B1667BF5,760,36,1406126164464,1406290507199,1412120576524
9E2D6B7ACF6FF181EFFDFBF54E5CB69ED8A6DB26,5000,18,1405155989097,1406867264400,1412120576524
9E3A095FA7112FB0598E9EF5C49A630EFD71E9A9,488,9,1405011971114,1405028733715,1412120576524
9E41F6088E3C32D7C5B00EF7498ABEA840A5A92C,608,9,1405402190074,1405463820429,1412120576524
9E4C46D6B6E9CBAD19C4B34821DED75A39F85BA5,5000,46,1405569738727,1407654240291,1412120576524
9E517C5C8107E8F15FFEB9F241361756678DD392,488,6,1405523456480,1405523918844,1412120576524
9E6CD9543013875E3C4DE12B836E42B7709BF58B,20000,51,1405757831558,1407568538288,1412120576524
9E748013DA50E33922CA42A523B79E88641873A6,544,17,1405597387564,1405597548008,1412120576524
9E77F4E0775C2EEA001CD3491CB25CB1C2F8153F,1260,30,1405916625403,1406693823254,1412120576524
9E7D45FCD9E782A06256B25869C2DD06B82B2859,900,12,1405044374600,1405044754845,1412120576524
9E7EC1CC47E862993C574CAE3DB0BDCD38B36839,40000,75,1405995571557,1411784223009,1412120576524
9E7FD7A6C759CDD584CE5D1A9FC0522F51AF83B8,440,10,1404999237594,1404999321446,1412120576524
9E8208CBD33FA80F904918B53715421AFF3A0A08,400,1,1409504330378,1409504330378,1412120576524
9E91CD308B759B79A0935EFFF5E980EE19F2A960,2000,9,1405004694128,1409253496196,1412120576524
9E97429B86140BEB86611CE3171CAACAAD786BDC,20000,21,1404923992426,1405234764159,1412120576524
9EA1DBBC99F3249CD30255A9C74FD7367A817802,760,25,1405611949067,1405612826962,1412120576524
9EA8D42587592BE90DC2017A9040619E80F59356,608,13,1405588549256,1405588739626,1412120576524
9EAD5B3F949F4FDF8AF020091E3905D9A49EE051,400,1,1405291133573,1405291133573,1412120576524
9EB672C12E0443FBF5B675A3305039A310B0FA78,680,18,1405305766373,1405310260949,1412120576524
9EBAFDD8178127B5AE1E97C0B46F125782FCD330,488,12,1404888838395,1404889444987,1412120576524
9EC439A4C8EA59901F378C8D12F899586F4D8E68,680,10,1405387435474,1405387542655,1412120576524
9ECDFE0B7E7D4608FDC2460A3206D96F156238B7,488,12,1405177957716,1405178129363,1412120576524
9ED0E783AF4B4DF98B4E5C7CAA2475A60D04D76E,2000,33,1405041278770,1405692693148,1412120576524
9ED40EF308C16607DF2DB0F06514D7320D4F3B87,760,39,1405791287193,1405791437957,1412120576524
9ED5781C5482E36257268278D7B9959CE033F00F,488,10,1405046020480,1405046030247,1412120576524
9ED63E908504022D9312120FC9E37FD2A7B93347,400,1,1405655470414,1405655470414,1412120576524
9ED915A980B961817577C7FE3A62370483F17258,5000,27,1405533381982,1406000441818,1412120576524
9EDE9067770CC13295847C839888904FBD511BD0,400,1,1405606278717,1405606278717,1412120576524
9EE9368702DC40177A0F4F49FFFF2B5B27881DFD,2000,104,1404872074186,1405879051005,1412120576524
9EF8AA4B1D2C7489603C31428D621EB7D0FEAC1F,2000,15,1405681591942,1405739591671,1412120576524
9EFB9E7C4435CFC0D3023C58838BE45AC5AE4359,40000,78,1405351371725,1406340881779,1412120576524
9F00A87C2FD9C9D6B2D8AEA68506D219B9A76E15,608,13,1405219710802,1405220095825,1412120576524
9F03DA5DA64AE93D74090555C40F4178AEB69B58,5000,19,1405875647975,1406566148762,1412120576524
9F086A5F6CC91AEA216CD3566A369D49E5A331C0,440,5,1405584637484,1405584747644,1412120576524
9F1357760009390B9FBF019427D81F182C442643,680,7,1406427615715,1406427619487,1412120576524
9F168CE65EA93907421E0C677B5AEF23557B13CC,488,8,1404961481316,1405038575498,1412120576524
9F16AE3D7C4FA95D75A94A1B72717589807BC4CB,5000,7,1406082147966,1406083345585,1412120576524
9F2638DF07213FC8F04E000833C6EBEA00E5901D,440,2,1405079314916,1405079314916,1412120576524
9F2957D040A260329AFFC141B25CBF66B137FCDF,440,2,1405140209496,1405140209496,1412120576524
9F2F2F0793D401243863C7165153BA54EDFB00AA,2000,28,1405448956571,1405453875418,1412120576524
9F2F4EF4961E2211C5A71E9E9DFC129674CF7719,2000,39,1405623363479,1405691458595,1412120576524
9F4110AF8F64ABC0260D9D529770C010E416D4CC,760,11,1405469290033,1405469880653,1412120576524
9F52C867DA12CFAD1663E767BF277FBB49D864C2,760,9,1406649912179,1406649922984,1412120576524
9F52D5452D0F9DCEC1A424AB27F997A9247A09DC,760,28,1405164691645,1405257338032,1412120576524
9F5B7C331D12CE1E0C39BADC3BA9AE8E6E09EF21,680,8,1405544687712,1405545905482,1412120576524
9F66E687C832C0979FE1DA2328CDEC043F8F9C4D,544,15,1406236903496,1406237082441,1412120576524
9F67E316AD336F0115F40415024A4004CEA86806,400,1,1404888174144,1404888174144,1412120576524
9F681AF36AD4BC54E870D53EDDA0325827A8FB44,15000,161,1404963554456,1408320440988,1412120576524
9F6E6FF3DBCD8ECA1139A8E81D77A076E69C6303,15000,42,1405528066386,1406235533002,1412120576524
9F6FD225CC53393405DC7A528F22B5C879185043,9500,63,1405938058595,1405938178309,1412120576524
9F8B5925FA34AB98358EBF48BCDCF4B8656A8B39,5000,48,1405210238620,1405876825088,1412120576524
9F965037A133E8EDBDF16939B2F050C3F85FBDBF,440,7,1405717928848,1405717941965,1412120576524
9FA95D7CDDF08FCC6BCD26E72420A1755FAFEEB2,400,1,1405044588333,1405044588333,1412120576524
9FB9C7756546855D5D801D940377F49A55BCF6AF,2000,19,1405612846046,1405613831764,1412120576524
9FBA650533ACC531FAED3D55D612D8DDDAC452A1,400,1,1405319461060,1405319461060,1412120576524
9FC1F4716CC0AB4585447EC18B8A580B0C6FAE1A,5000,81,1405437988265,1410360116687,1412120576524
9FC857F0EBE661997DE3C67D39A0CB3766A87F76,440,7,1405482878095,1405482889599,1412120576524
9FD399DE42E8E8A8C16F3DD8BCF6B466A828D2C1,680,10,1405828372386,1405828592046,1412120576524
9FDA49FB16EADA21E591A9B99CA997EE3D478507,680,9,1404809706874,1404963610276,1412120576524
9FDDD9A58D74462C741E3D60C70913FFE68A977A,5000,17,1406533607597,1406534422513,1412120576524
9FE3ECC1F240157D24C37389035FFFF65B49036E,400,1,1405058338240,1405058338240,1412120576524
9FF9B50BDAF46F7B90448C421D49C611E81D5CB7,760,29,1404548160305,1405687381285,1412120576524
9FFCCFBAF6B7C4F8E7A77122C24DFB31549B4D19,760,14,1406164847201,1406216508131,1412120576524
9FFCFD404BA65FA909FDFFD6F4B685279830E8D7,2000,29,1406592011016,1406596345387,1412120576524
A022FDF08595E5361A1F9585420156D968013B10,2000,39,1405902328595,1406517198553,1412120576524
A024948AC34FBC06331BCDAED29ABE1C44DA7893,70000,110,1405491055435,1406583509367,1412120576524
A031945E18FB33BF318559B040F5FF8800C46533,544,13,1405625590663,1405625778303,1412120576524
A03B6822156CF47E3585CA86CD829EBA1B9F40B1,5000,35,1405662954667,1405702981116,1412120576524
A04A7A98DA1CD00C61E292A9286B19B149D87495,544,10,1404861730595,1404861745486,1412120576524
A04FFDAB4CBC3E976BE62CAA9588B35678AA95DB,1050,15,1405608660414,1405609067789,1412120576524
A0558940BB1DE2EC05C370D820C64C735510C179,5000,3,1404867832252,1404868224636,1412120576524
A05597690A8C96A613D7A49F3FD9504FFEA7C26A,400,3,1405022332599,1405480411256,1412120576524
A0596AF5D8E440B6B8A00189C3A645350A4E246B,400,5,1405180463672,1405180494207,1412120576524
A05A60CFDD49D7B555906C97EBB448DACA832825,488,16,1406536149545,1406536541781,1412120576524
A05CBAE77B79E6F8132EDB62495B2462FB34DA44,5000,2,1405050438056,1405050714900,1412120576524
A064A14A50317FB756FAD7EF1C9D4B83ED369BBA,8000,16,1405143637883,1405743293292,1412120576524
A0685D62F40EE37819915FB11C68D2A7B77EBDF2,760,9,1405741258353,1405741282094,1412120576524
A06B126122DA1DDFA543C00E2DFD9601E0642C09,400,6,1405231713851,1405232099873,1412120576524
A06EA864D6A5DAC781823D30A43F0F9E2125AA3E,2000,43,1405639869424,1406049942356,1412120576524
A070D092543779DD201E675AEBE4F56F4287FA0C,40000,129,1405431289111,1409258739948,1412120576524
A07FD369B7EDF402EC6AB04C04E4C161ACABD4E3,440,6,1404956824302,1404956842959,1412120576524
A094FAC2447FBD30591BF271FF5434518D79B7D7,15000,77,1405519321666,1407970172814,1412120576524
A0993169E287C4E700C1D83FC625D946262AF191,488,3,1405478000501,1405663608834,1412120576524
A09BBAEF652D399775BC02EC1171F3D23CFE5FA7,5000,17,1405262118113,1408943806119,1412120576524
A0B3147595D6CA65278312D7544902D4BCDA98D8,400,1,1406265558731,1406265558731,1412120576524
A0B3847AC37E619528A27B0316CC7B454BEDE76E,2000,51,1404906275332,1411925433112,1412120576524
A0B64F2B3B6DCE6C31BA0C0CCF9BE8716C4A2B22,400,4,1405216837763,1405216915162,1412120576524
A0B9DA628B0D8008D1E395937DB6E4127C35048F,5000,7,1406308421208,1406309110145,1412120576524
A0BB45648C0277023B53E7BBCCB76F7B1D851D08,760,12,1405232630937,1405232798337,1412120576524
A0BD766A2813485E5F58C7816101601DF9D8BA2B,400,1,1405339779133,1405339779133,1412120576524
A0C1A9F8DD637F19F0C0FA912F74F974D5E8AC14,400,6,1405796437315,1405816926158,1412120576524
A0C30E00614361363F49AD41A391A87DE4DA0A77,760,15,1405303587228,1405339445046,1412120576524
A0CD43BC4A71686D25E454F0159EC32897484EEA,760,31,1406329586310,1406330024213,1412120576524
A0DA9C4B6402286F146CE0315AF92511A5E167EF,760,28,1405443519015,1405444221230,1412120576524
A0E26A749C29EE046B6AE03955268EA80C19B89F,680,10,1405223171169,1405223266435,1412120576524
A0E2DD3B35B11C6F6C3B3075232DE53193283B8B,680,13,1405486075819,1405487900251,1412120576524
A0E3E53138C8DB83AAF6ABEC941380144905DA6A,400,1,1404438948739,1404438948739,1412120576524
A0E685DACF3AA70AF030AAFBD79ED17E0A2206D5,5000,28,1405749448573,1405883781740,1412120576524
A0F242FD65992FC11669C5ED46E5EAE7781749F8,488,5,1404709867878,1404709902928,1412120576524
A10404719D8D96BE9B5BDC353A3D26DE87F78C77,400,4,1404730158044,1404730158044,1412120576524
A10F215F211C136C7A2774601BDBB9EF38EBAAB4,400,1,1405827856451,1405827856451,1412120576524
A10FE89BFAE25DC056BE60D74BDBE090738E22BC,400,3,1404918384668,1404918604319,1412120576524
A11A3215EE7D9565C09303DF4E44428D271A90E6,760,8,1406162752727,1406229133264,1412120576524
A1220FE6C9BD5645AA68C03EE91FCED11B86EC1A,5000,8,1405481244733,1405482013965,1412120576524
A13BEBEC6557E14A7EA78F29749D51B774417B7C,680,6,1405452750754,1405452765272,1412120576524
A1526AEEB4C0117A1B86A3658AE542006B2A04AA,760,28,1406130382947,1406131888190,1412120576524
A15D67FB9E42762A80FABDF755563295E07A9E08,400,1,1405313592378,1405313592378,1412120576524
A15DBC726897E7F6D9A7294F597BD8A9D02FF8D5,400,1,1406151293440,1406151293440,1412120576524
A16896E810B5932E3B0D33123931A23C94E06AA5,400,4,1406389250213,1406389333203,1412120576524
A170663406F1DACF6C704D52C2F609DE217C9130,400,2,1406165727368,1406165855694,1412120576524
A173167B7F983F01E37BC2A9747E6841C2AA2E1F,20000,82,1405335919701,1408800878366,1412120576524
A179167895A909AC4D362ECF4B08014E97BFECA8,488,7,1405475287055,1405475714843,1412120576524
A17E080BFAD575EDD9824A0DDE9C8464E80CD0FE,400,1,1405906589239,1405906589239,1412120576524
A187E3EA1F9B44A0D75E8CAD11409DB2ABEC05EB,1050,5,1405275094964,1405298522482,1412120576524
A1942FFC149F3058C9F8C3C88F5AF8F522173129,20000,99,1405399727089,1405539249923,1412120576524
A19B60E1A6CA7AF992FBBA28AE8E510E6DB4A591,440,3,1405572360131,1405572360131,1412120576524
A1A3576677FF47157BE385CEE349F7D76E571FA8,5000,49,1405219439545,1406247233344,1412120576524
A1AAA875929421B0CC349E80BEA4438481BF8174,488,11,1404961476172,1405724900756,1412120576524
A1ABD68D7740715CFA3BC8D6F6C1A8CC2F673334,544,13,1405500925957,1407721034555,1412120576524
A1B8B66D79B9A869D20FBECAD7FD51FCAE6CD1E4,2000,34,1406178172917,1406644556395,1412120576524
A1BF62B2EDF3BCE81753C1DCF82F01B203FCD50F,760,17,1405661270127,1405694254218,1412120576524
A1C97FB61A9D7B9153E62B8C7ACC4287CF9C1C44,15000,70,1404958216973,1405633757657,1412120576524
A1CEE8506D309EB46A473C0C42A776CF5BCF1A2A,488,11,1405392892153,1405393330223,1412120576524
A1E8186A92B5655576AAA8F0056A5D1F5B392BE5,608,19,1404865436133,1404865912162,1412120576524
A1E8307EFAD1F496A0AAA0DBB2BEFAFE87239AAF,2000,40,1405580165523,1411106406231,1412120576524
A1EC41BC36BF9C30612F5EAA197CE9E0B189C94A,15000,82,1404954463025,1405181380976,1412120576524
A1F0758BA35F9B6B540BDDED6BCE2E4406CA1672,760,14,1404273105341,1404273289031,1412120576524
A21BDEFE0DB0A982374E3804E775BE85FC5F9DD6,400,4,1406165626939,1406165626939,1412120576524
A226D1D8030CAE30B3039A26B5387FD69E938311,8000,14,1405137014603,1405138405201,1412120576524
A2278A83C74F3B6A24123F4B04A38834F657BA23,544,6,1405605814729,1405605862744,1412120576524
A22D2CE412E353167C0FD3A24C7675A270244642,760,17,1404958840555,1404959352102,1412120576524
A23ACA915F66A96AA3A882333004BFB7ADB5322F,680,12,1405061077424,1405061524448,1412120576524
A241F1FA4D4809493398704D3CE58DCF853BEDA0,760,20,1405529463490,1405802508409,1412120576524
A25B2E88D4FA8462154A51F2F8E0FE6CA6D71E05,760,12,1405806070204,1405806467086,1412120576524
A264E518C8C7FF7E0D2E9ECBAC5E40465A10EF6B,5000,5,1405369493924,1405369646729,1412120576524
A2705F94DF5F1CCB4EF96A27D8D63047C8B2639B,440,1,1405477389092,1405477389092,1412120576524
A281852D1B68AD300C6C3027DE4E8893E3CCC714,2000,26,1405180687250,1405572065284,1412120576524
A2860A513E342BECDAD711A83D32134111B9C89A,5000,22,1405997704080,1406081070092,1412120576524
A288FD30F1D92100C75790A67B970A3F472B61B1,15000,91,1405389297213,1406420380602,1412120576524
A2942DE5E6885DA5F75E93D8DA8D8A5759BDC3F2,488,10,1406421748311,1406597719200,1412120576524
A2A39D68A16C0A6E52FB12677862581D3E916A6E,760,14,1406334912805,1406335018420,1412120576524
A2A4AB2BB1E222758EECE877EC6E91831B1FCCE1,400,5,1405211185719,1405211273582,1412120576524
A2AC966C04D17D81ABEBBD6E52682B2E8BBA401F,488,12,1406003299744,1406135499828,1412120576524
A2AD722E9B4438B281287EDF7E61925C3D9C0CCE,440,6,1405476894744,1405477790882,1412120576524
A2C538174DEE992398821CEB1599E8F13F12623A,400,1,1406006319253,1406006319253,1412120576524
A2C7121197779EE3433D2AA35A1D86A943937D05,5000,20,1405290939293,1406407298651,1412120576524
A2CB218D97797D126EEEBBD46D9C978A687DFB9F,400,1,1405242292532,1405242292532,1412120576524
A2CED5A80A94EF97FB17DEFA5F9E365AE0D7B627,5000,27,1406347720374,1406353425364,1412120576524
A2CFEF43A96423C2D2B648CE495A12FA39E98152,760,28,1405420680679,1405695629077,1412120576524
A2D26E2DB0FEE60CFC47DFB18B884F19A0BD48C7,5000,13,1405414719418,1405416144669,1412120576524
A2D522C8115489D54B177D87E6057A4B99769DD3,760,27,1405981120851,1405982656038,1412120576524
A2D8373171C3AA4F23B624677C9218F36EEE72D5,680,18,1405055750540,1405105882479,1412120576524
A2F45DF9FD364A6AC3D41C15F7A12C99F2A699D0,40000,98,1405987312733,1406784437426,1412120576524
A2FB4CDD3385390EF9C2DEA822024C89E78C8417,488,8,1405265236857,1405265318381,1412120576524
A2FE62C299E6B22AC725DFE8A765F25E4FE77C32,544,13,1405625423454,1407595992143,1412120576524
A3004505B5630116D59AC488F652E32D2C76CC8B,400,1,1406004024820,1406004024820,1412120576524
A309AEA94EA1EC669FE5C8E7A01BE9A29B6EE9BF,2000,27,1406484014109,1406847842550,1412120576524
A319D61E424111234C04A6A096D7FD6A2786C8BE,760,46,1405458845020,1411701833645,1412120576524
A31ABDCF9D417001ED85DF97FFF96DAE77FED945,2000,36,1404876602483,1405036791650,1412120576524
A3265C20BA8AC494276D2C9857EEC3B312FA77B1,608,20,1405168134701,1410999425585,1412120576524
A32B3D5147B9C2433577A2C8DB7385972A9C34CD,680,8,1405182001131,1405182233632,1412120576524
A33E2C9918879CE408A250E8078E2C54792104D7,440,6,1405247255184,1405247270040,1412120576524
A35A05E7CE5D8546346773B8503DFEED382C09A6,760,25,1406341423704,1406589128844,1412120576524
A35A62D90B3628A52854457B40EA3D1A3218289D,608,12,1405435935965,1405435999052,1412120576524
A367AB1A93CCFEC55AE8663774B74FE231697C10,440,5,1405412756565,1405412776254,1412120576524
A36C16FCE973995497D50AE56E7E2BBB97B21074,680,7,1405395996971,1405396063184,1412120576524
A36FB94F066D4A870FB675EE5FB83FA9D1E6F43A,400,2,1405523195301,1405622347646,1412120576524
A371176BD074E348FB30E63C2DCE8F305D16481F,544,5,1405518805690,1405518937530,1412120576524
A377CC99DA3F55B960DC10E86269EBE1B0A23C8D,5000,22,1404656829202,1404742190130,1412120576524
A37ADE47B3500D6474CB009556281EE776904D20,5000,84,1404966661162,1405781197060,1412120576524
A3881612B30D4C13FD2829EACE1E50C3FE89AB88,400,1,1405223947731,1405223947731,1412120576524
A39F573EC6E89E5EC505ECE941DBB4074F6FC196,8000,34,1405133530968,1405219380109,1412120576524
A3A4BDCBB122C2F43F826B49EA93967F8F70B0E5,544,5,1405535714476,1405536205154,1412120576524
A3A7E97E0C407F52818DA68BD874A0B10F57BB6E,5000,25,1404877602021,1405559221715,1412120576524
A3A86D16CAE64F82E8F7176DC2569ED9A07316F5,400,1,1405563624111,1405563624111,1412120576524
A3AE8AFD53F3B0C756D250E3210A37DEDEC65188,400,2,1405478198886,1405565822849,1412120576524
A3B93358E5ADC854825E50C2C31EFDBCA0E8A5BA,2000,20,1405375840852,1405397839439,1412120576524
A3B98D3DA17948A797C712554BE3B979A96DF27B,400,1,1405661743183,1405661743183,1412120576524
A3BD15D38E694DD7FA96CDB88F63073F9726DDD3,5000,29,1405559971413,1405570286578,1412120576524
A3BD4BB7BD94C9FFB057ECB6DBA8131EDF03531F,2000,9,1405528255236,1405545010523,1412120576524
A3D3BD884B7576FDE4B514C1509B5DED75247401,9500,80,1405945904983,1405946933621,1412120576524
A3D859C54F55D447E28C218C2A61536CFB5C0434,5000,9,1404749315518,1404797622405,1412120576524
A3E28F11AE6B1D69D3F18C2D8A36CCA99F517AE3,2000,27,1406177736697,1406452126430,1412120576524
A3EBF422713077DB29D5E0CB719121235C7F59A9,20000,40,1404960538407,1405781738554,1412120576524
A3ECD4EBDF629E6FCFBA36715D5FD2E91E94D367,15000,48,1405707628195,1407039022003,1412120576524
A3EE39CFFDCFCD1668D5B4594ACDF88334325608,760,19,1406392300002,1406393836101,1412120576524
A3F660D2285176542442BE057688439FF7F5CAD0,400,5,1405827344303,1405827401406,1412120576524
A3FBB4A25309E1B2E7C1963D4051FD561B9710EE,440,5,1405159457338,1405159666163,1412120576524
A40612E86F1CDA9A2EDCA49540596CA677198A6E,760,19,1405016536810,1405016862733,1412120576524
A417471B902D6397FE90F1121EAE62A9597C98BC,400,1,1405292834166,1405292834166,1412120576524
A41E7B0D1CBDBD4A6B1ED703AB796A78AEA3E0E5,5000,56,1404965441745,1405056177506,1412120576524
A420709BC11DA595C6B6B7E58A48FCDA39DC845D,400,1,1406053944915,1406053944915,1412120576524
A424949DA9F76E7400060E4BCF57B412BA34172B,400,1,1405865469439,1405865469439,1412120576524
A42BAD5F020B0768C73F1801D9A51CDBA9F7770B,544,7,1405317599775,1405317619901,1412120576524
A42D3431DF8CE71C2756B49FC3665FFC8A9FC543,544,8,1405361971278,1405361988883,1412120576524
A431536787E5D3E2BA1716DD4EFF281485E9CF0D,760,23,1406146367433,1406147426651,1412120576524
A43C4B62E81F6767791C79473BC59D65C309191D,15000,65,1404435407103,1404842766629,1412120576524
A44784407146C0AF246D6C447124C67700989900,400,5,1404926822252,1404926822252,1412120576524
A4485FF7ADD3C8DB247FECE298C897F2B804231E,760,9,1405477967493,1405478386447,1412120576524
A4518012863A25B70AFBB06576B047B5068727AE,2000,47,1406168600523,1406418089536,1412120576524
A454813F2D3B436C35850D0F66EA5CF0670F4AA4,760,12,1405562814992,1405613413706,1412120576524
A45F4A35306AB9D92F1F91263CFFC2C5BA58672A,680,6,1405354368508,1405354373506,1412120576524
A465AD5682FF72CBF6FB7C67B1471AFF5E312864,400,1,1404959075238,1404959075238,1412120576524
A466589BCCE12CADE52AC26F08255DF86B6F8824,400,2,1405489087110,1405489087110,1412120576524
A47BE441B5DA9FCCDD28A50E2E6A321A3FA37633,5000,18,1405660810219,1405802999217,1412120576524
A4845034DBA7032D6E0FC364278CF832CD0128E4,608,16,1405901454545,1405902140366,1412120576524
A48C28672DF087D1DB27F8C9FCA4766520255085,5000,41,1404898918332,1409277650305,1412120576524
A4965AFB58893FF5D3BAD61CE9A0A8529688DFB3,760,14,1404776421577,1404776799036,1412120576524
A497DA678113EA032D9AA2C149962DB5D3399714,2000,19,1405214828833,1407900950175,1412120576524
A49EC26E3CC115CA20FB9645C7D83018FA97BE71,608,23,1404876999656,1406426636625,1412120576524
A4AA72474D936A9B79410620F200DD8B57E4CBC2,5000,25,1405193838314,1405197645092,1412120576524
A4AD2E69FF5A8A95E2C004D45FBFAA2B149032B0,2000,40,1405351698478,1405364605123,1412120576524
A4C6E5664FE3FCFB2D66361506C50934626461C3,760,7,1404865180146,1404865195087,1412120576524
A4C8E887C15EEC96E339CAB07CCBC087A9B17D70,2000,32,1405273298734,1405279109148,1412120576524
A4CC29DFD88404BDC56328BDF7B9150674C368D1,400,1,1405476998560,1405476998560,1412120576524
A4D7FC11CD0AC142067F79CE1F875050DC6B1CDB,400,1,1405353975490,1405353975490,1412120576524
A4E56031495CAC82B17F03AAC551581BF556443E,400,1,1405694551394,1405694551394,1412120576524
A4F33EE8E8969907D00BD2146BE2CF09E1817AA9,400,1,1404876675901,1404876675901,1412120576524
A5100E80E0DCE8B4C47BBCEEE44E3057CAA0A789,400,5,1406096232210,1406096499276,1412120576524
A51BC2EAC00A8B1EF0BA39B4298C2C7FC255FE60,2000,23,1405569660727,1405770429060,1412120576524
A522994F4424CD78B3AEAAA64D67E084C256FB65,2000,49,1404874926330,1406555874921,1412120576524
A52AB1D5392BA8600DC3D865548CACE055159FDB,544,20,1404270135215,1404270429747,1412120576524
A5337B5D06D355A11DD2F14FC81299BCD25D170D,488,2,1405474299236,1405474299236,1412120576524
A5361A935141EF0713A536FA86109E1BBE4F6E7B,488,6,1406001532729,1406001786322,1412120576524
A541DF03307DAB9ED373E7E80D1F5F2B41591A18,440,2,1404549760965,1404549760965,1412120576524
A5488349B721ADE0219F52E7EA345B6CD21DA627,440,3,1405490059211,1405549169764,1412120576524
A54CC6EFF746F5E9B99356AEBB32DDCAC8846FB0,15000,117,1404882417087,1405743348553,1412120576524
A55CF30E4391F3139F5BCF72D6CEFC0E06ED1847,20000,59,1405460382246,1409393997706,1412120576524
A55EC97E5F202B9493C32D15169DE21DF862BDFC,760,19,1405008805712,1405009806703,1412120576524
A5611948BB9F2CAFE48CCD201916E88A559487AF,608,31,1405419827300,1406514182208,1412120576524
A56B3FECA1A2DE756817FB53AC65EB52B778003F,5000,21,1405276685364,1405277892751,1412120576524
A56BC248A36A7849F7A2696F34E04ED0B8B981A6,760,20,1405491826305,1405492786005,1412120576524
A57D6D955938F557B9214B0689A837A0A0E69DF0,5000,39,1405356153290,1405446854934,1412120576524
A587C65F3CE86C502B09EA20017090C6F0545BF6,2000,27,1404994718902,1405079609439,1412120576524
A59118E1D992E25BEBB7FAB5F2DF67626FE55ACD,400,1,1404671016556,1404671016556,1412120576524
A5AE2AB98A6320EF17CE118F6D49C057A5E0DEE9,488,10,1405261207026,1405301007300,1412120576524
A5B0B47E102ABFFD9992CC7CBB4CD3EE884315B9,680,6,1406671332733,1406671348786,1412120576524
A5B4241439B112C644BC211A53297A2597BF8A7E,400,1,1404334664329,1404334664329,1412120576524
A5BB7D5506B8F8E71DC819EB5E4CD9E50EAD40C4,15000,132,1405332991957,1407785332454,1412120576524
A5BE2CC2EEDF01D557CB064E5620884680D5BD2B,2000,46,1405163550324,1405554414408,1412120576524
A5BF4E8D528BB447325AE62DF99D0C644B5AF5D4,400,4,1405699872382,1405700004689,1412120576524
A5BFB12F08C5E6B629B71FB79C4D0C4EC27B2900,680,21,1405093358042,1410659838367,1412120576524
A5D8CDDC315F2170BE34E521D6ACEFEFD9AA06EA,400,1,1405775327702,1405775327702,1412120576524
A5D922321745D3E1EA1F22AA70BDAD80DAF99F09,440,10,1406419764997,1411522663090,1412120576524
A5DB5732D774C6B9BEB3BC5DAA2EDD39E32C1B27,400,1,1405257715494,1405257715494,1412120576524
A5DBC4123497D03374485359AA8903043353A95D,608,5,1406578090527,1406578090527,1412120576524
A5DF23399EBEB23B555E182091A217ABBD63245C,5000,9,1405092419736,1405092637963,1412120576524
A5E11D9C7F9129990EEFB0DFDE999487A89A5BC2,8000,33,1404881756715,1404927684809,1412120576524
A5E8E260BD068151A9B25778AEAD17B3B40D68C6,750,15,1404270531849,1404340775451,1412120576524
A5F20505083447489A7268B9DFA39C40F0C82626,488,21,1405314453637,1405314663271,1412120576524
A605E379DDDC4F5D41C7A70F1A239C0859D9F431,2000,42,1404865369539,1405004297237,1412120576524
A60CBC8C1C4995C2BB50C6CCE0C1F6EFC97E20F5,400,1,1405308140075,1405308140075,1412120576524
A633E052FF9AC6C2803CEBBF81B8034A8992ADF1,680,6,1405619548436,1405620580114,1412120576524
A6348ACA65BBAA6B0EFEEA66634BF42A8417B05D,2000,32,1405408895008,1405410303959,1412120576524
A63DF1AB8614CFAC59013D00D503EEC088C43E9F,15000,40,1405011911427,1411182481708,1412120576524
A646881265496D0583A6C89CC8E94A819799F4C1,440,9,1405649893379,1405874160886,1412120576524
A6488674F4724A47FB724A6020247942CEDA0C60,5000,36,1406155481257,1408153078086,1412120576524
A6506329709EE3BFEC41D3CF0546458AE643843E,8000,47,1404934180835,1405136720195,1412120576524
A658F697E6982E77AACD0F1FAAE95BFC2BE592A4,760,34,1406728101241,1408459434297,1412120576524
A65A10E70F81168EA3B02EF891323C52D4921D29,36000,100,1404968311057,1406433363222,1412120576524
A6615B2CEE650CC6FC5AE536F271A9910F1DF41D,400,1,1404484481950,1404484481950,1412120576524
A665D5C71E518B9467F87FDCFA15863BB07D5853,2000,28,1405742430966,1405809169244,1412120576524
A6693BF42506E8C1A8A4D0F01856D3CA92E65185,760,15,1405569756014,1405570008574,1412120576524
A669AD0DD0A80C0EEA4D0CF93CFDE9CF73825104,760,19,1406390106628,1408737037779,1412120576524
A66CE8DBB2C8488E4835383EDE2367BB6B6AEA72,9500,75,1406407007907,1406407294390,1412120576524
A679CFDE4AB5643A66E1403E293605AC92C66FEF,5000,30,1405329750674,1411186199987,1412120576524
A6847A01EE28CBABE420D1EE7EEC445FDDC72194,544,4,1406581812345,1406581812345,1412120576524
A68BB518E17D16B5082B99AF96131841217A02D6,2000,43,1404877930427,1405019520874,1412120576524
A695AB29FB3C0EDA479302F9D950A122B4C08164,400,1,1405571914618,1405571914618,1412120576524
A69E544F4D9E7041CC27F41E0EF93DFF4C77D217,2000,10,1405521138842,1405527192921,1412120576524
A6A72FFD0B6F45C6C275CDBA2C84290A8E77DCF4,5000,41,1405491924884,1405492397002,1412120576524
A6A82798C74B4EB2525011B8CC78ABA804D15F25,2000,34,1405078215439,1405088452390,1412120576524
A6A84A9277840F16F0C2C483349F62CA7C4F3633,5000,25,1405557947622,1405650066638,1412120576524
A6B6DFCF21C11E5CB0C1573AE70E549921662FFC,15000,109,1406248194573,1408479174024,1412120576524
A6BCE0ACD75675E8AEBB1098C78A6EDEE97ADCA4,400,1,1405404039325,1405404039325,1412120576524
A6C40D55EF4479CD8649DD58459A0D81EAF28C79,488,7,1405058737842,1405059020648,1412120576524
A6D62A1D8A0D08B20E9CB026AF12BA6899C57C25,680,7,1405946275752,1405946351641,1412120576524
A6DFFA743CE9943D342098E736CAADA069B3495A,488,13,1405475650581,1405475736355,1412120576524
A6E18B6D660CF82FE55E6CE220F6E626B9523C59,400,1,1405646573144,1405646573144,1412120576524
A6E27774BFB586F1DAA2E864730AFD7FB0158D3D,608,12,1405414803380,1405414928097,1412120576524
A6E6B4CAA3B7CE82A73C382C9D16BCDD9A5B1368,2000,6,1405750761431,1406320768811,1412120576524
A6EB87718310AD2D5D89A1F35BF3B9020ECBD3B4,2000,25,1405081999828,1406060168988,1412120576524
A6FA88E35ABA43CADA2BAFF3F3A60DF135A63F54,400,1,1405532699876,1405532699876,1412120576524
A6FC79CFA02CDB92E904DCEA83FC3474C1B6680D,400,1,1404439331377,1404439331377,1412120576524
A700B3CDDC52A970E4C0C295443D9D10B59A8C3E,5000,24,1406226994628,1406227837778,1412120576524
A70EFE662F5FE54B5ABF95957989E3F97DD0A842,2000,33,1404924562300,1404934093452,1412120576524
A70FFEB576E89AB52A1236C2D9D4D30E85E6F40E,5000,49,1405655812223,1406109303652,1412120576524
A710879C290707705F135C4967DC6E42FC1EA7E6,5000,32,1405633249095,1406094987538,1412120576524
A7177C3143EEBFC7C94F6C4A268D70C35D8219B8,680,14,1405435711392,1405436135731,1412120576524
A719D2D6FCBDFA7E417F2A631542B0843384B641,760,16,1404871763195,1404871972270,1412120576524
A72562C72255AD37C1EFB1E34818A3F5A15C606E,488,3,1404521629420,1404521629420,1412120576524
A72B73DF86614300D2957279DE6C4F1EBA23F592,400,1,1405660384993,1405660384993,1412120576524
A732741FB7CF5509AC8762EFB4E6B366FA97438E,5000,104,1405689769643,1406201490155,1412120576524
A7540D940781A83F03A213484E9ECD2C762401D2,2000,48,1405388919097,1405988142444,1412120576524
A7548E43B7D779FB2697BF5D9101BE1A3393954E,400,1,1405904677866,1405904677866,1412120576524
A75A7BBC39433E041391217F2FDB6AD992891CF6,400,4,1405306138507,1405306138507,1412120576524
A75F2B090ED9F70B5FB281F5FB3F2CC1A7F1697F,400,3,1405719293071,1405719468242,1412120576524
A76059D86491EC7A0F1FEE988C6A4B3D18B2C5F7,440,12,1405398170109,1405463337647,1412120576524
A76A9C9246E0C1CB722626DD5415FFB90852CCF5,400,2,1405342538281,1405881098941,1412120576524
A7710F547E1343722BFDD27D5F824B936D634A2F,2000,26,1405182955195,1405183692537,1412120576524
A77A5C82F1F83914866CFD4DE2CBCE9D265F62B0,5000,14,1405833736295,1406008672672,1412120576524
A77B928C5A6C9F02391C92728C4F9EA5CAABEF4E,440,5,1404899563141,1405139517284,1412120576524
A77BF7CB2F6D985A5279BFA6CD86A66FD1C9FB6D,400,2,1405422254413,1405423116622,1412120576524
A784023E8DB176584819049B1F8BD81CFA2F44B1,608,17,1404667810088,1404668237645,1412120576524
A788C35E1D8B39E86D518DEF5BBBA690FD88E9C4,15000,83,1405345171837,1406365154914,1412120576524
A789A468C81B3F7A43DC1F9DA812B5EFE7B6FAC8,760,29,1406094174459,1406094248160,1412120576524
A78CC364DDDB6FA947130EC3752D35C5EC451DB4,440,7,1404954800666,1404954852685,1412120576524
A791AB7B32F0BE7B9F6D29A2D37D688E6C3EAE16,2000,20,1407931081342,1408228476789,1412120576524
A79AF802FFF1CE1EB7ACDBB114241F3640417771,488,11,1405410092048,1405452359369,1412120576524
A7A1048FB333A8CBDC10D576E67684ABA9ED52DE,760,22,1405470003154,1405473206898,1412120576524
A7A37298920BCBA1B7989C00FF82971E9A6AB47C,760,23,1405044803317,1405045535889,1412120576524
A7A5022E6F0C6FB75E70A6DEDBA4D0BB686F043A,15000,68,1406310281167,1406355010707,1412120576524
A7A53286DB262921C92910CDC2E554C07A9066C2,5000,9,1405571862993,1407603165772,1412120576524
A7A5774C29BF37AA4943BC539AC73EFD9DA5D382,2000,36,1404904201308,1405608579662,1412120576524
A7AC64CF74F9E741E6A573C0876A1861075409B8,440,8,1405324371540,1408020143519,1412120576524
A7B3838ADC83B98DC44CC0D305D8BBF8A9957C44,5000,23,1405301471851,1405644642202,1412120576524
A7B57E90B04072E92B9A590D91DBCE04E41A4F3F,5000,38,1405424379799,1405447032080,1412120576524
A7B63F07B31510A481117595783D189F330804CB,760,17,1405148399837,1405148639227,1412120576524
A7B6CA7EA21560422EABBF3B9CF72BB9FC4E5BB2,400,1,1405694893211,1405694893211,1412120576524
A7BC7630C35DD6ED67D2CD9F6821C76886A11E28,440,10,1405397474938,1405400277756,1412120576524
A7BF1F6979BFFC6930AAD003EEE7C705B888A45D,400,4,1404926006939,1404926006939,1412120576524
A7C33E6E0DACE7C7E6C118D1B203751EC5168379,5000,13,1405298895576,1407176706938,1412120576524
A7C42A9DB497FC89428D65C5FFF12C8712746F73,2000,29,1405303243863,1411162657715,1412120576524
A7C4CED06EA373CF203F656D01FF97406C3A3713,5000,21,1405405679066,1405476682156,1412120576524
A7C4EDA13B7F7FE8BDC98F0A7B7F376D5BA7BFFE,400,1,1405465497767,1405465497767,1412120576524
A7C9F65E530939416767A43A066D2B9F605C2CD8,5000,21,1404755154439,1405190221972,1412120576524
A7CE2DCE9D6EC2A07F4640E9C54772EE63A4C1D0,440,10,1404927743015,1404955927579,1412120576524
A7D69B032BEC21C2BF212B4C897C7B1BB0F03A86,2000,17,1405225971135,1405227733890,1412120576524
A7DF7F8BCF83186EFE22CE74F4A46965FA098E99,2000,36,1404832004075,1407559253989,1412120576524
A7E0855A49F0F218E955748035008D656DE33CF7,2000,38,1405126792467,1405208989371,1412120576524
A7F77E0517CF5207055BAE4679CC19B4E992524F,488,5,1405186416884,1405187144598,1412120576524
A804EC68A98D4FEB7AD35E0A14335940B20E5914,2000,64,1405391425105,1405892322118,1412120576524
A8075C6FC2DC75C5FF9932D86A69846B6C24C9B1,608,16,1405347550732,1405348340428,1412120576524
A80806783D608813EF5A812BA2D2D4E123B604C5,440,4,1405471293890,1405471293890,1412120576524
A80B1E74D6711B75453FA2C399DB1D725BD13B6F,400,1,1409663304266,1409663304266,1412120576524
A80E7D9EB733114683DF72298892EC8D02FAC2F3,440,8,1405120216341,1405120271591,1412120576524
A80E87C00CFAB07D705BA2F8D09CC1676BFDBCA6,2000,16,1405836155760,1405836997518,1412120576524
A8122E143DB34BB03685BC1776E684767B18BEAE,440,11,1405185232408,1405185574821,1412120576524
A8156DC5627E229A0BAC86BD133AB42884287B1B,400,5,1405561603518,1405561666728,1412120576524
A821DC6E167D70E1D2857A6B0A3D10847D3539B3,440,8,1406583162652,1406583188269,1412120576524
A828CDC26C675788560F36E5373ECB01BFCBFA5A,760,12,1405637191291,1405911990842,1412120576524
A833A6FD95875D1B07CAA97321A1B9D92D82E131,760,8,1405909254767,1405909370686,1412120576524
A83924048B067A4A0A715922F2222A358609C12F,2000,56,1405106394714,1406579450085,1412120576524
A84930FCB47E82C331F3514742A0DA176859B88A,400,5,1406742204246,1406742204246,1412120576524
A85C950A9268DC3FD3838A27FCB1D5F39FC882A3,400,1,1405114343305,1405114343305,1412120576524
A861FE6F65058D4D119E733098B59C28590F7FB8,488,4,1405161420479,1405162182192,1412120576524
A86ED32E0E2375645537C0A8B9D2060F42EAD251,680,7,1406209172692,1406209184357,1412120576524
A873412947E32B7E8B9CAB773B416CDA44AC6A89,2000,17,1406223887963,1406225763635,1412120576524
A87BB74CDF9D20CDBD27F3126AC5F44F7E7AD139,5000,4,1405470413206,1405470656580,1412120576524
A88205778D92A8EB8516EAC5E627A929D607F415,5000,23,1406413628298,1406440320335,1412120576524
A8836851EA377AFD6B3ABC33A93B4E235152B716,760,8,1406889330393,1406889651252,1412120576524
A8869C7EF60236440751AA5597A9161E6D05123B,760,9,1404966877185,1404966909739,1412120576524
A8A1608DA42A02AC8C5735FA0E04C73C77AEDC13,488,15,1405306182254,1405306624243,1412120576524
A8A5E95BDD96C93968583354D57FAE98D99B5956,680,6,1405179711515,1405179721514,1412120576524
A8A734793092ECFA588E9913BD82940582B7336A,5000,7,1405785561303,1405810196181,1412120576524
A8B84F7CCC98CD36BC1B732A3F7DE93991F8D103,3500,49,1405438934156,1410650173320,1412120576524
A8CB8648DDCB0C55DCF3D5A4D93C4D27CD5ED62B,400,1,1405478468032,1405478468032,1412120576524
A8D13E6A747A80C51E72052BF35ABCA10E1EF99D,544,18,1405898059636,1405962219768,1412120576524
A8D18710ED4EB9AB8261CF6CEF741906DC5506C2,760,20,1404986362572,1407583170805,1412120576524
A8D1ABD178235F54FC4CBD26F5694BDE738102AB,680,12,1405387015213,1405513753133,1412120576524
A8D42F73A00B398C6B5F7B202E7A0E0B0E7A8D9B,5000,30,1405089931145,1405186936471,1412120576524
A8D53B2084AFBDEBB00DB6C50DE3C6704172E2C2,544,10,1405489323777,1405493271814,1412120576524
A8D89096B2C754D34A87CA6D18FF6ED3B725DB47,400,5,1405498535710,1405498582029,1412120576524
A8E14927F511A46041BF2523F0B4A89426256794,400,4,1405295362168,1405300736622,1412120576524
A8E5170C5547E5519002719B76B70BA0A976E73A,2000,48,1405914643319,1407615118316,1412120576524
A8F00314FDC7FA17FCB675ABB4814805E5728916,5000,8,1406579733370,1406579945096,1412120576524
A8F51391713CCBB204CBA876BC32C511F655C4B4,8000,34,1405092936073,1405260985596,1412120576524
A8FAD1D000F5E299BD08C71CF9ED0B80106F54CA,2000,20,1405558747736,1405621817695,1412120576524
A8FDF916D5F176A9E2E5E8B830E5B100D4FDCFC7,15000,79,1405398967118,1407290117415,1412120576524
A8FEEA29DE09F61EA745FB71F292124E409B87A9,2000,28,1406140224519,1406141617126,1412120576524
A9068668A49A1C94FAFAA26C958BE8EBEE39C914,400,1,1405410532451,1405410532451,1412120576524
A908269BF810032AD6F2BA1782446F4AEE94CCDF,760,27,1405392562887,1405393191792,1412120576524
A908ACF3A541B774E8843A31BF1F7FE46FDD42DA,5000,70,1406537702228,1407863720625,1412120576524
A917C0D895FF8513FDB10CAE5254B474DD3DB997,760,21,1405409763774,1408393395339,1412120576524
A920F68A38591016BC9192F03E63206A42510937,400,2,1406392828613,1406393140090,1412120576524
A9270B3C9DC4E07651CFD793C12CAB1C1A138989,440,2,1405987342209,1405987342209,1412120576524
A932B13346A062CFA966EDE7CA16D85AF5EC8FBD,760,23,1405137092778,1405217525008,1412120576524
A935AA79972224F226CE1742664C4447A7D9D57F,2000,2,1405511739126,1406193022900,1412120576524
A93B2504912D31FBFFD24225F836C00DB2C99DB1,400,1,1405425151074,1405425151074,1412120576524
A9420BE2EE94BB2091AE95020D12F7475C465DCB,2000,22,1404952225055,1404954095819,1412120576524
A945028127D7A8861BE9870BCC8CF921F06A5D3B,440,7,1405635028106,1405635186249,1412120576524
A945DA1788825E07CB4D553DC5A6A321819CD498,2000,58,1404981873030,1405055335420,1412120576524
A948917E563054B1C272C7528BB81DFC13D97A05,5000,33,1407277780004,1407761578860,1412120576524
A9502501007B05D644C0667A3AB824DDE0ECB4D2,5000,9,1405523392720,1405573630668,1412120576524
A950FF6BC77858717912037CF2E987636E1D9B5B,680,19,1405399164266,1405399840477,1412120576524
A951134591DF5259B3DC6768E06D7C8E43461E94,5000,5,1405894242427,1405894410508,1412120576524
A9533F132D90AB3FA9DE7E471A71556816DDE812,680,8,1405445661688,1406643420259,1412120576524
A958458508EBF452F4840AA56A4ED7446F2737C2,488,7,1404883136609,1404883154330,1412120576524
A9605BE6A2330DE0AE4DFF82C072608AF6E678E9,488,8,1405231544557,1405231773355,1412120576524
A9668399B5E7564AC3B406C9580EE73F63ED0307,760,14,1404827949846,1404828163740,1412120576524
A976EB2E1A38FE1091194AA75489607673332164,760,10,1405416282452,1405416642764,1412120576524
A97806C80FBE41216D8AD34D2C3C4F26F2CDED41,440,4,1405331774732,1405331812781,1412120576524
A979FF63F89BEB3AFEA9F06C8D492EE50233A84C,760,36,1406561711843,1406562088629,1412120576524
A97F5ABCFC81B275B27B849E36389835D537498A,5000,12,1404986748725,1405075386340,1412120576524
A983F0A7565754837DAD9E507B69D905DBF00910,5000,12,1405026268441,1405026785041,1412120576524
A99F02EDC15F14DCC2976977E24AE167CA656CED,544,10,1405092559011,1405092560729,1412120576524
A99F4C30EFE4DEBA880C93E22796C8A5E7B8A19B,2000,34,1405353999491,1408899127460,1412120576524
A9A6F1D848571942DCBBC1C283E10B12DA81E48D,2000,60,1404876374743,1404927944916,1412120576524
A9A7B115698E189936CD5267E3D02C22AB316988,5000,22,1405474042137,1408389204323,1412120576524
A9B110D95377A2BB97EF593714BF650441517DF4,400,1,1405008598607,1405008598607,1412120576524
A9B5CEB8BDF7B8AE290C50689D40FF631A3A0042,15000,75,1404951337229,1405476751415,1412120576524
A9B97256710D69A0BA2CACB98818B1DBDEDAF7BB,5000,44,1404358612240,1404617862341,1412120576524
A9BE708786C8C5966E571C37D9AFA6FE26E2B7A8,488,12,1405552109319,1405624223145,1412120576524
A9C2C59A4632EA7E5980F464D6ECC4ABC7D09464,544,7,1405399292902,1405399461306,1412120576524
A9C306021263AB7F1F9809ABA76FB98E017FF351,544,11,1405810844985,1405811051212,1412120576524
A9C79419EBAC21F0CF69FCAF826C1A05CB14D27C,2000,53,1405158485631,1406075885968,1412120576524
A9D7A3822DEE941C36190C12847E0165BAB58BF2,400,1,1405732315414,1405732315414,1412120576524
A9D8177C54AC12586414A6C1CD582AA5D04A7DF1,608,9,1406238174221,1406238315756,1412120576524
A9E0ECCB591255F7EF67691F7D0A5B2B32FAED58,544,4,1405407138408,1405407138408,1412120576524
A9E8F0378564C886DC0905EA45CEDB1C7E53380C,608,16,1405475179774,1405475888385,1412120576524
A9ECD29320326D46A9AD371471C9C5B4B0D3A464,400,1,1405990800653,1405990800653,1412120576524
A9FB3E22C04A49C8C1D35A9E96BBB855685C27A1,5000,7,1404355957929,1404403099146,1412120576524
AA068DBB994E060A0B2D196EB91DBFE291608115,2000,16,1405530197698,1406754254014,1412120576524
AA18940CD801BBD705AECC88466EF460ED58AECE,440,6,1405386954100,1405386963280,1412120576524
AA26FB4F5D92997AD91E1BBAB953615B61B38BBA,2000,32,1405048761521,1406101911265,1412120576524
AA36B244BB2BB36B0B03C66148B076A965A9B9C0,2000,61,1405047457725,1405127714535,1412120576524
AA3AC0FA4B5066E934E5715B70A2553B38B22D1E,5000,76,1405055917006,1405947735530,1412120576524
AA58A5A899211B7AD2AE4F9D518C03043A99237B,400,4,1406027930855,1407337485694,1412120576524
AA5A9FDECE540CC16E0488EE51FEAE8C5393E289,5000,30,1405205766564,1405666212061,1412120576524
AA5CE22406392E788844A42A028124A2C7A9C9B2,440,10,1405723362594,1405723691068,1412120576524
AA5D87510511FECD3D1F5ACAEE8DAF1774BDDDB4,2000,37,1405795372909,1406310633346,1412120576524
AA629677B8FFDC5A41CC4B3FAA567E2CAF18E998,680,22,1405424717741,1405496966685,1412120576524
AA69ECC6CFF50517C56B7B9C2F46A8D93E379A72,20000,57,1405053623435,1407977882245,1412120576524
AA6E8BEF6A2FCE157E0189722A1A84CFB23FA33E,40000,166,1405062849291,1408510276785,1412120576524
AA722E47C6C8A2C24DE747212AA6EB12366A3C1C,400,6,1406696915412,1406697048352,1412120576524
AA7883974B902B07918D750DAC270D26D5D72F62,5000,15,1405470868054,1405562462431,1412120576524
AA8065F4B1A2CC4D9F4A005A7D565010D4411F13,8000,25,1405183189944,1406235784472,1412120576524
AA89074D771248A975AA8746924EA5CDE8EC35F7,544,10,1405230524393,1405230530930,1412120576524
AA8F08DA83272DE7295CC770685EF336EC11B73D,544,15,1405556483462,1405556571832,1412120576524
AA950D2F5EC35F921A968E76F2FA43D2E724FF22,5000,41,1404939828561,1405012322418,1412120576524
AA9ADFBB7E2A62E34F0986987008F7FD0B237C98,5000,2,1405422154612,1405422479236,1412120576524
AA9FE4B3F9378524D3A7D8198683B3A6CEAC57C1,680,11,1405490627776,1406623165657,1412120576524
AAAC71F87395D4C6267E4CE15298FDE5394E1FF1,760,18,1404346172352,1404346631919,1412120576524
AAB2908326A7800945450017B52A6B0F087269DD,400,1,1405389320377,1405389320377,1412120576524
AAB799B85EE0A4BE97DE0A15BCECF9EE5BBC479E,488,7,1405657963592,1405657974103,1412120576524
AAC6D56D1EC72D918819A7F610DD12CA7DA57DDE,544,8,1405220806037,1405220820555,1412120576524
AACA16D76FDA4AE1EB2F6E93FBBFB00988B9A7AF,20000,35,1405223173394,1406509221859,1412120576524
AAD038CCA7808BDBBD97D2272F6C70F54BD08970,5000,21,1406746488211,1406758058754,1412120576524
AAD088A471DE9734A14732C5313121AF1B891AAA,544,19,1405305857050,1405351630043,1412120576524
AAD0E317C0AD1C559A279E7EFA38DE0F05A4FECC,680,10,1405641925223,1405651675544,1412120576524
AAF87F54BC78E1CD1A5FA78FB8D7004C661B0024,680,8,1405517065774,1405523175208,1412120576524
AAFC668DA837C5C94F69C57FAE7C92B715A1AA69,2000,57,1404957596050,1406507382536,1412120576524
AB064C14BC7FDA800BD823CC6F34C6EEF6408093,2000,23,1406701649603,1407539471894,1412120576524
AB079910F05704D222E5A1832AB4E5656BB00C93,2000,63,1404975714569,1405516622807,1412120576524
AB103B939C3674FCB1B1883D49888BF001A7993C,680,6,1405773527785,1405773550485,1412120576524
AB1513A12B8BA35B088671D3CB167B77AB7FE50A,5000,12,1405491368090,1405661440589,1412120576524
AB16FB4ED6E5638C0138C8963B6D09455884007C,488,8,1404310179320,1404311012308,1412120576524
AB1837CC54A30D9363556043FFC03D5242C34562,5000,25,1404927290592,1404933483294,1412120576524
AB1BC04C770900896B27F725C60DC4C929C498B7,440,6,1405546638630,1405546884757,1412120576524
AB29AC1DAE94138180EA601B16BABC5ECE4F48A5,544,16,1405196861332,1405197262545,1412120576524
AB41454D90BB8FD9BB37BCE3A6E4B732AE1C3525,544,10,1406616190738,1406616239437,1412120576524
AB46DCFF6CEE5D8B8DC0F99B872661BCB8466199,400,2,1405477398090,1405477419970,1412120576524
AB50A13B6456C22C7E10942087285BD831463114,15000,85,1405027246292,1405617349033,1412120576524
AB53B01E233896DA143502A3F113A2998A8FBD97,440,4,1406328416200,1406328625333,1412120576524
AB587A789EB60837762FC8096B814666A3D459E3,5000,14,1404679298343,1404688876633,1412120576524
AB5F07C864FD4FB1E6AEC45CC2B3E1968440F830,440,10,1405625582603,1405625937455,1412120576524
AB6AA30EB322DE195BF5993ABD4F7721DB2A7AC1,760,20,1404942508238,1404942573273,1412120576524
AB71FA6634EB2AA600EEBDDC8DC9101C84790DBC,400,6,1406703680035,1406712810976,1412120576524
AB7268FC982953749EFB542A1F15D062C6028B0E,680,13,1405486915591,1406999949404,1412120576524
AB870890DA4DFB812181228910D51FFDF6A2C598,488,8,1405568031259,1405568044616,1412120576524
AB8859CCE3D8531BE6C0DB4B38739CE24D1E3699,5000,32,1405235828252,1405237350031,1412120576524
AB8A8DD78A4CB83FF2BC568D134F4A0BBA995BD8,760,8,1405264146233,1405264525952,1412120576524
AB969C227BB335D866C87E9676BE6D740425BF6C,680,26,1404864672838,1404865232525,1412120576524
AB982336C5B71BC2D346FA2F73262F016B196DE2,2000,26,1405281254298,1405412468171,1412120576524
AB9A3E5170F81A1BE580C6B982527F0A4F459504,5000,30,1406703675898,1407141160584,1412120576524
ABA4063C186FE47F074A00FBE16B327270D47C81,400,2,1405187620125,1405325427393,1412120576524
ABAFB44F262A1322D0BC94C4ED32354516AC2E1E,760,11,1405222783306,1408642049138,1412120576524
ABB31040965DB87222884F80E529C71B518CEC93,400,1,1405389216926,1405389216926,1412120576524
ABB600A9625D1E08D6942D5FF261A8A1BA808666,760,23,1405736114207,1405834906122,1412120576524
ABC151B13BCA9A6C4216F9D0D40521065EA2C0B3,400,1,1406437249018,1406437249018,1412120576524
ABC322DBFE21BC59663ADEDDC051CE3649FB10AA,760,36,1404415866622,1404435512223,1412120576524
ABC612DA8E89FF3999B8FD0E9E425442418000BF,680,7,1405883811965,1405884018731,1412120576524
ABC63FF296958C2A57A7E6C20B856CDA5E92D3DD,488,14,1404878299857,1404878470875,1412120576524
ABC6409F234EEA9F02795C5384AC8D91F728B385,400,1,1405128254246,1405128254246,1412120576524
ABC7AB0C48CB1B3E7DE48BE32C5051A196EF72F9,2000,47,1405300400354,1411762649533,1412120576524
ABD613988D8BB9BCF452348CE4FF55D66598C32A,2000,30,1405269657229,1405472298957,1412120576524
ABD74E948373338A648034C40F0BA3A6AA7688DE,544,9,1405322636555,1405322760986,1412120576524
ABE49FFD6A9DB9AD33824788E8253FA270771D1B,5000,19,1405481245780,1405549108199,1412120576524
ABE6FA13267A9E5C7D5221DCCE9DC09B366C5A45,400,1,1406166168571,1406166168571,1412120576524
ABE7813600C934199333B201B9525330A745E49B,760,16,1405397250864,1405508259389,1412120576524
ABF7B708FDAD5BC965D293C02B6D7762A62B73D9,544,13,1405055776644,1405136841202,1412120576524
ABFEEFC16BB5932FEE42ECA7385ED93FD7D24326,400,4,1406617480567,1406617653163,1412120576524
AC022564B70614B5496DB470E76B08C094921FC2,608,17,1405289578647,1405640305874,1412120576524
AC02E36C2894C07AEAA14539029A8503498D0A1B,680,6,1405943598315,1405943605272,1412120576524
AC0ED97CC268C215AC9C20525B6DADA612B363BD,5000,9,1405479866493,1405644857550,1412120576524
AC1E6427B130640594141B1AE718CCFA21DF6210,544,10,1405475745179,1405475874320,1412120576524
AC1FDD9AA5B985A37BD0C36D7805D7EE3E81A1FC,760,35,1404890059847,1405193787954,1412120576524
AC245A9FDB1F1941C1C37598B4347B74EA75E0A0,130000,176,1405521227610,1410866464733,1412120576524
AC24742E60EF3BA1E37DB571AC5FF6E73E10C707,400,1,1405035899684,1405035899684,1412120576524
AC2CD0E5095E454682C3E73B56605118DD64925A,680,17,1405987775822,1405987996065,1412120576524
AC2F4B9694A3A1E826A4A86451EA38B7D4DB6228,5000,52,1405321877510,1406917539633,1412120576524
AC37253A69B9BA9BA847DAAE85A7A7F2A0FE58A6,400,1,1405624925211,1405624925211,1412120576524
AC40EE67D9E148D688F69CA42FE2E99D2E2D0A5C,400,1,1405874602819,1405874602819,1412120576524
AC4E15177D3DF5086696ACF2C4647E6BC53019B4,5000,7,1405244919208,1405634730730,1412120576524
AC63DDC0993680539BBFBEF9FDC44D4121709D22,400,1,1405023761826,1405023761826,1412120576524
AC6F017136D767C2824B11BBF93D6151CAB4845B,2000,43,1405988606138,1406000236908,1412120576524
AC72CCCFB872AC98FBFAC964C01E474A88E2236A,544,14,1405308631132,1405309045527,1412120576524
AC746FA61CBAC1E98779582FD1EBA958684CB5C2,15000,88,1404963525444,1405399589377,1412120576524
AC77F0F0BD4AEA492791B4438168DC91933954A3,70000,319,1404853296812,1411689751103,1412120576524
AC7BB64D1493B57354795DD5281B8F836C8011AE,440,5,1405552621709,1405552673700,1412120576524
AC7F5CC6FA0ECBFC40D6FF75C47FC8F69C42A74F,760,21,1405063285418,1405134082830,1412120576524
AC85D2ED367BE816ABC34A1E1DE5B5364E11E347,400,1,1405212902977,1405212902977,1412120576524
AC8A6722827C5F8F185291E092A109D5C5CB17A6,488,12,1407471587833,1409999697220,1412120576524
AC93E951C06F2814938FB19314D7DCAFF87995DF,400,1,1405565282966,1405565282966,1412120576524
AC9495D0A9A77B163F2D1B3A96AC35C52C857AEB,5000,28,1404965193982,1404966338133,1412120576524
ACA01D3FCC8F1AF56247E9DC8616E3B94EFC640E,70000,134,1405388619705,1411942960859,1412120576524
ACA8309FE7962E4C1896F0FE14A9D639F731563F,8000,21,1404958469629,1405189821859,1412120576524
ACAAA5061EB646C2784C95DC68A15B896EE02D61,400,2,1406331934565,1406332039542,1412120576524
ACB488C2202E6D3653B76FC7746B3FF4EBBBEC3A,40000,87,1405487986618,1406475055542,1412120576524
ACBE0795CA1F2B66BE653518A723028054E85649,760,13,1405477752262,1406384026582,1412120576524
ACBF501634F3A0340729F9754A0E55606E93D418,5000,10,1405385216472,1405414194923,1412120576524
ACC1F875F5AC3D7655961BB2C369F55BD457544D,36000,74,1405268335370,1405456379182,1412120576524
ACC3CE5AD0B99958B674991EE3F97B9CB0CF9347,5000,76,1405157804900,1405476130746,1412120576524
ACC711675FB0F8AB28675B94F8B1BB7DBF20AD48,544,8,1405554970686,1405634094523,1412120576524
ACC7A9C54A2990CB5CB2275355E1CCC54B758662,400,1,1405604849641,1405604849641,1412120576524
ACC9F736C26D604D86CA2475433F2EFAF3D6F2E2,2000,8,1405125338157,1405975481641,1412120576524
ACCA4E5FAEB1C90F4D898FD0128571966B32E811,5000,25,1405721610758,1406833209810,1412120576524
ACD81E448960684525254D39FE610CC433AA138C,760,11,1405129395436,1410065805939,1412120576524
ACE180B5D43F53543EC1F4B01B081535D4699559,400,1,1405225476846,1405225476846,1412120576524
ACF6EF248F9A474F6D52F9E258C27F3DB9E04AB5,440,7,1405600425278,1405600508031,1412120576524
ACF810E1357579EFB7CE69A8531DACC7591FE5E1,5000,8,1405456221925,1405480478630,1412120576524
AD105848158EF4E27D0C8B43581A893DF30D29BF,760,20,1405721616668,1405723028272,1412120576524
AD11795BFC5A8F7482A0706163191102AA67A7FD,608,12,1405644048394,1405644242009,1412120576524
AD12A2C63C4C308FE20AB5E51B2602C7138B5A89,608,6,1405558791554,1405558816284,1412120576524
AD18CDE0A32698CAF37A8E60F013B5C321784580,680,7,1405472912140,1405743064995,1412120576524
AD1D5F83B10F156E9A5D3DE0E80ADE06FF3BE62A,5000,25,1405467507074,1411494077990,1412120576524
AD26D3E0B6B09066388079C140B61A59E1B0E1C1,2000,24,1405371689573,1405426757861,1412120576524
AD275C2F1809F4CBD4540E63FE644D4D855D58A4,440,4,1406260538663,1406345851586,1412120576524
AD33487ECF3BD5D14597308B538A9DA7A3025E44,400,1,1405038643350,1405038643350,1412120576524
AD35A91919531D098D2FE8577FED83CC1F5C9A21,400,1,1405320210294,1405320210294,1412120576524
AD417644C3C79D645743206AB97DC693652D42D5,440,7,1404954505480,1404954545412,1412120576524
AD49E53780202F7D8F643E82CB4FA2A671736BE0,2000,28,1406199800714,1406200772938,1412120576524
AD4CFC7067E0049D083C33252659D2F1D7D61C09,608,14,1405635212326,1405635508515,1412120576524
AD5853B3AB546AFE59B207A1D6F08B91ADBB1676,544,10,1404877852943,1405386638786,1412120576524
AD5BD50B3AAA914BFA74BA10D0D5D1616EB2993A,400,2,1406341390752,1410091809955,1412120576524
AD6E20C5258ACE91E0FE5C11109F562B64F54E48,2000,45,1405566103458,1405568211151,1412120576524
AD7135EE6D389C5909D9E0F272FF6D0209775410,488,13,1404996299771,1404996508754,1412120576524
AD746B1D93EE964FD4ED6261D7EF92D543CA2D2F,5000,2,1406734288357,1406734516360,1412120576524
AD748A2FCA6FF06BA7F4D082ED682073573F4190,400,1,1404930186808,1404930186808,1412120576524
AD82DACBEE15CC5571C8E14E4B2659BB40F5838B,5000,16,1406733289998,1406904740245,1412120576524
AD83E3BDBF67EA1AB15E18E6A2712C9A18FF58F9,5000,17,1405899546846,1406345029894,1412120576524
AD83E8CFBF7E63DB670638F4D671EDD360643D1B,5000,38,1404892635863,1404981982025,1412120576524
AD84C55014DF09488C270353A151ED4D077C20B6,680,8,1406174903220,1406334257122,1412120576524
AD85399FE024356B8718BBCB9E8590B72555E009,5000,21,1405095091229,1405341560469,1412120576524
AD870E9344572382B92231ED0E928CB6FD8C1709,760,25,1405421343189,1405677602544,1412120576524
AD88690B390E84C911D88F720858160FD2B8D6C4,680,7,1404286048530,1404455060900,1412120576524
AD8CEE1A32C6417851490B0A96664F5BE56717F0,2000,3,1404962429992,1404999408409,1412120576524
AD8E19BE0899F7ADDF5169DDD6C8BA3615007DD1,400,5,1405281663388,1405281663388,1412120576524
AD8E5A4B11FCBF58A69EB675A0B57D6EAEBB2E78,400,1,1405842767374,1405842767374,1412120576524
AD90F01C3F1450DD4576DD26AEEF327C7230E1FF,400,1,1405388310582,1405388310582,1412120576524
AD9E4A17A94D18EEA3C97C56B4E479A1852AF107,2000,21,1405796810594,1405869462860,1412120576524
ADA2D6A90DD8F6272CCC61FC604F3472C4A2DB94,760,15,1405460739194,1405481692822,1412120576524
ADA8ADBA85275683AF30C4C1652AD5A2BDEF6B96,488,10,1406762561535,1406762576959,1412120576524
ADC2309A5D880AA8AE71DDE891FEB61C0C1DE684,400,1,1406061697812,1406061697812,1412120576524
ADC3FA78CF3E3B6193F4A03047416433E9E78D16,2000,10,1405420582803,1406089025890,1412120576524
ADC93D28528A9468549F6FC07A363F08F11BC5FC,680,7,1406422080283,1406422100495,1412120576524
ADC9D9A2CD0FFC8D05D868A63A35A2AB6DB1BDB9,2000,27,1405017403426,1405054837296,1412120576524
ADCEA06018FDDE41A7DE299F662DCA7D81B732EF,400,1,1404986230068,1404986230068,1412120576524
ADD136907CDE2DBCC883F2AA463DA38D5A8F16E6,680,21,1404625631072,1405121365279,1412120576524
ADD50AD717401F9D54F48F1D9973F109F8E37677,440,11,1406185440389,1406185471896,1412120576524
ADD7288F60161A890C6181D866C2CCF6DDEE6683,5000,12,1405473528218,1405813087149,1412120576524
ADE2EDB8607F31F82AF3F1159E49D3BE01AB11EF,400,1,1405606550166,1405606550166,1412120576524
ADF4254CB068CEFBD7CF062733BF5999425A5EAD,2000,20,1405517350663,1405746845033,1412120576524
ADFB15350703784ABC41CE2469C0688504D2F896,400,1,1406652186765,1406652186765,1412120576524
AE00AA10AE0414684A8472F4B83CDE89320B81E0,400,3,1405799385308,1405992063979,1412120576524
AE04800864D892CB076BFAB67B1C4B557B08BDF9,440,8,1405318082128,1405318101872,1412120576524
AE2221C73C43040F67B15664C0337EA03F0ACA7C,5000,30,1405477726636,1405556396491,1412120576524
AE36E51198733CD8911A359009011396604653D9,608,13,1404975901579,1405020500908,1412120576524
AE37082623AB99235BBFD9348A683FDC178DCD1B,400,1,1405332567367,1405332567367,1412120576524
AE3E502FF31389F6D682F3CEA3D6876C9245E406,2000,34,1405888675209,1405983990085,1412120576524
AE3F521DD19E0E64E8574BCF680D618A1B07D58C,400,1,1405901236309,1405901236309,1412120576524
AE4E56DAAD7ACB15369D2BEA3B49A3FA845708C6,760,10,1405470032034,1405470343198,1412120576524
AE4EB54818973C9F29C737C8547D41EA82769E0C,5000,37,1405683562715,1405818755017,1412120576524
AE4F9A7100112F17D964941D9BDD6EE501F9DE5D,5000,22,1405013865480,1405017395145,1412120576524
AE5C6D47924A54FB72277CBF8AF81276AE7551CE,2000,37,1405292175283,1405806602033,1412120576524
AE681F79217B1BAA1CA9F93A15ECC7A04E177670,760,15,1405277728165,1405534266329,1412120576524
AE769F519B53A621552648B4DB9E2A94F0157F27,440,3,1405546561067,1405546580850,1412120576524
AE77327D1191F721CC935BBB65D626CA7A549DAB,440,5,1406506037204,1406506099656,1412120576524
AE7BA1614327954201B29079C73FFEDC56F067FB,5000,24,1405627063163,1405639750284,1412120576524
AE8D990934FF11D5E1BFABD565DEE4175DD2CB2C,760,31,1404879909537,1405022762984,1412120576524
AE8E8E755A047ADF93D581AF9E4C1B89DD02488C,2000,14,1405476256436,1405896790274,1412120576524
AE97108D5EEF788D6A06DA9BC1830032ECCB358F,2000,26,1406205377313,1406366553103,1412120576524
AE976A46F11CA8EAEA3CB367617B0DF8C876AE7E,5000,54,1405341913295,1406246065391,1412120576524
AE9E3970F93688401FCB44F1A34D0CBE76AA7DE0,488,15,1405107732749,1405369481355,1412120576524
AEA203A15A518446BE359D2C680740AA48256802,400,1,1404547546042,1404547546042,1412120576524
AEA3CC72AC7BBF7ACF743943BD3BAE04FBD8F7B6,760,12,1405533686245,1405533837730,1412120576524
AEA5512ADFC388925E30A14073145654341D042C,608,10,1404967766347,1404967789352,1412120576524
AEA91B0CE321D3973CC42D6E3FE3E6945FA50746,400,1,1406255671240,1406255671240,1412120576524
AEACB6FFC03933D1E0693CD7C462549E006DA3F2,5000,38,1405125742108,1405191351364,1412120576524
AEAE17E00BE9EC30EF475B819CC946373CDA6985,440,2,1405172704659,1405172704659,1412120576524
AEAF9E3DE0398E05CE99B8FA5DE0FB9A81F05A17,680,17,1405097953528,1405120051811,1412120576524
AEB48056DAA6A4EEB5E0C21735A24E3216ACE72F,760,10,1404918124021,1404918936563,1412120576524
AEB99B1BC9A48B665FBAE5832ECB45703E8C8391,440,4,1404880769838,1404881301319,1412120576524
AEC55E0870496DF4465B3998130C9282605AEA5F,40000,162,1404957467303,1406338830375,1412120576524
AEDCFC68828D7E10F1320C26AEE07CD804673275,488,12,1405158389320,1406357659397,1412120576524
AEDE0E5BCC28645EE4D23B020058425031832B92,760,18,1404807427826,1404807924506,1412120576524
AEEAF12830320EB7F2C4600EE016AA255F71A755,20000,133,1405139942520,1408160273253,1412120576524
AEF86F70869FCB0B539B9B731F7C833C7AA571D0,2000,5,1406439330518,1407276250329,1412120576524
AEF9D6B030874C7EBAF5C3DD34D80E334F7C1F40,760,21,1405995257108,1406001897942,1412120576524
AEFD8EDDB11428D5321ABE7C54A82B773944F960,2000,11,1405484239117,1405959977339,1412120576524
AEFE7B9635EE56F1D0CF1F4C9EB38F475BDEFFB9,760,35,1405371822617,1405531285957,1412120576524
AF0CB9CD8590851F0EDE841E4432E99DCA15C350,400,1,1404376344966,1404376344966,1412120576524
AF0E594D7CBFF5A3B006F0F02FF8A48F5CF5430E,608,11,1405051296721,1405051544101,1412120576524
AF17F2C211BAC4881A48E921E51305DF1CA09463,2000,36,1405242786249,1405248438479,1412120576524
AF18DF1512BC645C4265730F098A5FFFDE7998F1,544,4,1405373535829,1405373535829,1412120576524
AF2002BD8BDDA87504861E784A378E42F299AC9A,400,1,1405708806179,1405708806179,1412120576524
AF24EC57BE1DCC6F0D1480C222671E0B5FD15A14,608,7,1404922267894,1404922291484,1412120576524
AF2BCBE796538BF91125245253BECCCAEB7EA729,400,1,1405540499259,1405540499259,1412120576524
AF343BE127988300493C5A97AE5C9561F784BE87,400,1,1405841141071,1405841141071,1412120576524
AF35345DE609657DB6A054604B0AC3EDFDCF3291,400,1,1406088271330,1406088271330,1412120576524
AF389C0694DFEA5EE45ED8D4141A692AFAF9259D,400,3,1406725636898,1406725636898,1412120576524
AF3DEBC754FA0095E827317AAB4FC5C5A1BAE977,2000,27,1405147847878,1405207641668,1412120576524
AF3F03BF561F928D488847B19513E75787CE8419,400,4,1404966306529,1404966306529,1412120576524
AF48423BB7B1275B2C1DBB3FD9BD24BA24841807,544,7,1405398917294,1405399298082,1412120576524
AF4A7B4CFD62B9B268128AB1198E9714EA9F7AFD,2000,43,1405226662838,1405656053109,1412120576524
AF4C2359823D0CE14DCF086828FF5F0A884AB60F,20000,52,1405068170196,1405773293229,1412120576524
AF4C2CE662AA0489D238315D3FB88CB4199D87F6,2000,73,1405845346918,1406440985263,1412120576524
AF4EDD703EB32BF722040047C34A4410D5F07B36,400,2,1405964206090,1405964206090,1412120576524
AF529584F7318D13F4082A1E5D990F3BAEB0F06E,680,7,1406085456229,1406085643778,1412120576524
AF5344D9F89B88DA9FC3D81A2D9278A7E282C50C,5000,37,1404955311787,1405020244064,1412120576524
AF558872B9A59CFA4E1EF6DD2C928DFF82122A7A,5000,29,1406200481853,1406273281857,1412120576524
AF5D9750479C067226A12C14E5C36CA19FE64FE4,544,8,1405469996390,1405475623297,1412120576524
AF655755AEC9DE5919C66A29C407E295E050F78E,5000,24,1405090978640,1405124824838,1412120576524
AF696FD6F5ED2418CF22AFC2AB8663141D5B31D6,5000,15,1405472743825,1405993404382,1412120576524
AF69CAFED4D1F4199761D024D5DECDC5990A4E92,9500,129,1405436569428,1405437607459,1412120576524
AF6AA86E981E02D813A6CE43FB538E0924436EA1,400,6,1406199035813,1406199471036,1412120576524
AF6CBF6629DBFF59562830DFFEC7CA1CC34D5554,760,28,1405169793576,1405178660461,1412120576524
AF6FBE1E6849A7708DF118A8FFDC51E98115DBCA,400,2,1404902461627,1405109224724,1412120576524
AF80BAA5A552BD0F19E41747FA4985D2FE08771E,2000,29,1405964136640,1405966360317,1412120576524
AF8393F1EBE3939F6C9E88D0EA9425D2AC791BEC,760,33,1405220166085,1405221292501,1412120576524
AF85BE48A438B94F6D17A905B52567119D2F2ECF,440,8,1406028788952,1406028823379,1412120576524
AF8FF29C1E17B15D19E998591D527A4B9EFC98C2,2000,35,1405471486271,1406072540385,1412120576524
AF9AABFB2025A9D3B92C1C125140CA702D2BC0AE,488,3,1405484350177,1405484350177,1412120576524
AFA01F3FD4A30CFD0AC34C18CD61E6132FC78AB3,2000,28,1404924658492,1404998645546,1412120576524
AFA4945CD9A3CC34D5F0396D72DC76B76ECDB39A,9500,61,1405533566818,1405541756078,1412120576524
AFAA5949E953A3D5EF343D4D4D331631452B0052,5000,9,1404781019677,1406490006648,1412120576524
AFB22AD74595BDB50F91912688C222513A40106F,760,16,1405473086867,1405473951031,1412120576524
AFB2599443C0FD4037D0C8D03AD0BAB0E016E8F8,680,5,1405475568387,1405475573241,1412120576524
AFB3A4862731F2187911C133236E035C1FE92C5D,400,4,1405417172298,1405417172298,1412120576524
AFC7341F27163ED3238CC9DA34C93CF0A1A657EC,20000,115,1406183479249,1406186853816,1412120576524
AFC9D8FC593D423FC97C41E6EF70FAB382366A76,2000,23,1405532188023,1405654806215,1412120576524
AFD3C663241892A9C1AA5A449E9414C1583B2E82,400,1,1406295728904,1406295728904,1412120576524
AFD6BD8B8215E227BE11FF0DEA81EF3A59AC1DB2,400,1,1405099031600,1405099031600,1412120576524
AFEA62AC4F2A9D551682BAEFAFB039FBD32C1D4A,2000,46,1405060931896,1405369270879,1412120576524
AFEB296B3E7490E63F582E5699A845E55847BB2E,760,20,1404955563412,1405032898889,1412120576524
AFEDE835B831C95B4E6E90808EA59E6DEDA88D36,400,1,1406236736179,1406236736179,1412120576524
AFEFD90FC4C552728D846E11849CF5B34D1AD0C5,440,2,1405901469408,1405901469408,1412120576524
AFF15BD92203C73037C0889FA9C10C076D7CF3C7,2000,13,1405542444776,1405543052206,1412120576524
B001A349576A736F9CCFF0DD1D2FA917C7629DAB,8000,31,1405108935123,1405284980480,1412120576524
B008A9D9BF4C03B7F3E0214ADB5ED7891B6ACA0A,2000,13,1405537868136,1405544940463,1412120576524
B008B62780441F82ECA6E659DBA73F4808414074,400,1,1405669574759,1405669574759,1412120576524
B00997F517B97D02C89DC18065B1D8278804D714,5000,51,1405378838517,1405769246462,1412120576524
B00D133B75D69FC0F23C7A469B98049DBABE12B2,5000,69,1405043918066,1405118448668,1412120576524
B025C83D98E5A09D2832BC612B4CD70436A614A6,760,8,1404879287068,1404879426621,1412120576524
B02839C2944F3E2CF9500DAD6EEACB3A3A7D9733,2000,24,1405633156596,1406141580353,1412120576524
B037B54E42E933D3FCF3FC4543B113536EE305FF,760,19,1405220097562,1405404099977,1412120576524
B03C3416D3E8AC0A939A0466007F9E9A6DB48A7C,5000,86,1405908914807,1406400317386,1412120576524
B0444E301C55D3EB3E799355575B77F4273C54A7,440,6,1406559886279,1406560185174,1412120576524
B04D07F51AC54C137BDDE42795DAD51AD72EA4FD,760,34,1405514652553,1405643028258,1412120576524
B056829C402E0C8A2CC787C08E03DB1851BC73B4,488,3,1405164179737,1405164179737,1412120576524
B05AEEBFC805BDBAC6B35BA3AB86B85B57720983,544,14,1405558479054,1405558820133,1412120576524
B05FB69D89709FC00C2DE51BBCDD86152EFD6C0F,400,5,1406093914736,1406093914736,1412120576524
B061A43BDFA17C86BD08ECF2ACBFD99290FF37D9,760,21,1406414058730,1406416145956,1412120576524
B0627200F40C81B0C4FA529CDFC68B77753AD1A0,608,5,1406346716911,1406346716911,1412120576524
B0629862805ACF6D59BB944C6567610FA2DD2C1E,5000,12,1405565574371,1405566167606,1412120576524
B0631522E120AD2F6CD6BA9EB4CD38B0D03D8B1A,680,18,1405433627782,1405433831753,1412120576524
B064ED8F9F155DAC99D1EAC9F23CF8605371BE02,760,23,1404671737993,1404715643871,1412120576524
B068F4774C99DF31CCA27F8EC2A31F6A0AA53B33,20000,112,1405978074636,1405979163283,1412120576524
B06BE97B790AB64C6559354EB3A81C4E72725336,544,10,1405484125715,1405484282567,1412120576524
B06F33A571BE359221AE130C109D2FCD19A64CB4,2000,56,1404904506430,1406781690579,1412120576524
B0762EB2A69223FEBA81E64FD29DBC771C8BF03A,400,1,1406044796988,1406044796988,1412120576524
B08BCE603E7D2861F5DB1728D1B694852DA78320,15000,110,1404882258197,1407695543776,1412120576524
B09718B4AAA4F56D1FFCE64EF599AC1995399309,5000,43,1405984488140,1405996636345,1412120576524
B097B90EA40E872DAF5A26D101C62E9711224388,760,19,1405883290419,1405883867818,1412120576524
B098993A62EC5F24360C8461D84830D3C01BBE5B,5000,36,1404988078766,1412000207164,1412120576524
B0A7B529D10FAC62F5A202A1B45810CCD8552943,400,1,1405859688359,1405859688359,1412120576524
B0AA51E16BAE60E6C8D1B437DF7162BAB5A738F7,440,4,1405503669520,1405503678677,1412120576524
B0ADE239D5CEA659FEAF8D770010B23C092C9513,5000,25,1405299576710,1405301087229,1412120576524
B0B23760829E2ACFF21DB5A010BB2BF0A9CCFC8D,760,17,1405039835806,1405102295823,1412120576524
B0B7513178B99A1D767A17DE0607E74BC58C3C27,400,1,1405483202095,1405483202095,1412120576524
B0C3E3D2D3AE0A43560C08D8675D022A6E98164B,5000,2,1405060717843,1405060948914,1412120576524
B0CAE47937D2C34A58D0CE9EBE47C362900D346F,400,1,1405580873364,1405580873364,1412120576524
B0D07079C7562D920BF6711E8B7C90FDC3F94AED,440,10,1409881187655,1409881503008,1412120576524
B0D425265C85CD6426A2C24180F96B0637BCEE5B,2000,53,1405895312922,1409003493196,1412120576524
B0DFB962E424D8FC392F122840B73CF9CE7B21B3,5000,42,1405003115014,1405381342834,1412120576524
B0E550DA39F99CDD5D7C5C43DE0FE5A5D24042F1,15000,89,1405450187423,1406262783316,1412120576524
B0E6FD5F03D9AB57D84928ECBC99637D38F4C3FA,680,6,1406053782586,1406053792522,1412120576524
B0EBD62EAD0E1805634D83B33033745B2BB39553,680,14,1405453341602,1405453762972,1412120576524
B0F8D9482317F1E360D37BABEDBBF14A5D1E99B9,1500,12,1405058585744,1405059085777,1412120576524
B0FA11FF819EFEC93F1797FEA72790457C283E54,488,12,1405094281033,1405094325508,1412120576524
B0FC4EA513B7673D7C96CA108BD1FC4805BF8153,488,6,1405303834518,1405304029201,1412120576524
B1051087530177101F2F056436E6E15631660C89,2000,3,1405585495254,1406506496336,1412120576524
B10D7BE8B26FE20A1DC5AD0CE8E383B31455959B,760,8,1405607915452,1405609370844,1412120576524
B111D260CFD3C2E01C7F29D4354DDE898E3B6662,760,23,1404918648865,1404919118199,1412120576524
B11A8624CAC3DF8836FCB4068BBEFEB43B9324A8,760,17,1405773745370,1405773992852,1412120576524
B12A0E4B6BE7FF26379AF3C400E1DFA1C55E42B6,8000,7,1404871795700,1405123585848,1412120576524
B12B154D789B31632AF38229C331AC8DFC389EEE,2000,23,1405556189671,1408065164113,1412120576524
B12DC82AE664A6A2941F7838B0B92F0104D5D0E1,608,10,1405473769593,1405474142047,1412120576524
B12F85DB5C1A21A7E97617F324346E5F57601B22,400,1,1405072543723,1405072543723,1412120576524
B13E5AAB4D9FC25573C9B06418F819BA69A5EAD8,5000,34,1405814861644,1405880680480,1412120576524
B141955FBDED40023D10EF23AF0BCA9FBA9325C2,5000,26,1404979884856,1406203909915,1412120576524
B142606C9CF8631088DE527DAFC8F59BB89E6F2F,400,1,1405311829467,1405311829467,1412120576524
B1499308CFE76C969691917CB62B056513071C3A,760,6,1405486418876,1405556173019,1412120576524
B15AC248F0F7900DD4EF5AC7295A681D9B8F1202,5000,40,1404963610827,1406033933999,1412120576524
B15EB6F9C4633699E4982115967A67A16FCD6532,400,1,1405565919809,1405565919809,1412120576524
B160E6D04FCD2D5E7BE134188BE425605529AA5E,400,1,1405821835881,1405821835881,1412120576524
B17E3A5CC420C89BEB6A21ECBEC2F6DFDAADD70E,5000,3,1404408815137,1404409109309,1412120576524
B185A4B399D463AF8FFE064599D187EDE9251899,760,17,1405056021423,1405628086007,1412120576524
B1930A0CEB34B0F4AB164BF85E3A323B853CACCB,5000,34,1406184036160,1406268267801,1412120576524
B1A08C4A2EDD47ECE434548A1F992CEFAA4B48C7,760,20,1406222674268,1406333517268,1412120576524
B1A47F2C396FF2EE43336A79B39E10D1F567CEAE,544,9,1405079461595,1405079766601,1412120576524
B1A73F3F47DEF99404DEE528DCE6A2A96DAD7EE4,400,1,1405044563539,1405044563539,1412120576524
B1BCB730EBA123C513D2EBF696CB3AF4A0601E61,5000,16,1405494206738,1405495823617,1412120576524
B1BEAE1A4AA40A90869DC3BEDCF4C85185C5D370,2000,47,1404882535962,1404935388288,1412120576524
B1C08768650B40F28ED257820BF2B533CCBD33FE,400,1,1405892118941,1405892118941,1412120576524
B1CCC672A1CF3966B991759737B8C0B65F69F566,20000,122,1404957105446,1409703293217,1412120576524
B1CF96F53187E9AA22569AB60C8EFA791A298C95,2000,22,1405895059630,1405895981254,1412120576524
B1D30C3D3FF226CD91B3B1E8009CA920EB4C24F6,400,2,1405162316287,1405162390597,1412120576524
B1D72B3ABEC38F33951E2A0B82DA47F2DB7AAF2D,2000,23,1405410054397,1406524627093,1412120576524
B1DCA1A75F742057F0700AFA8F0AFD5D58E0122E,2000,60,1405864307062,1405889475155,1412120576524
B1DD30B2AFF7BCF9CFF35BB14E6122E2922839DC,760,21,1405911369351,1405978844406,1412120576524
B1E01579C74BF4813751CBE10CF1BAE67F25DD58,760,8,1405387202511,1405387334765,1412120576524
B1E1C3456188B15537503F718A4524EEAA579AE4,5000,33,1405322517366,1405377189352,1412120576524
B1E86EF6805A8D5BCC6E58D3A6A2E0D5BF0E557D,400,1,1405482986216,1405482986216,1412120576524
B1EAD45F0AEE4288F640CEFA22BEFCF4C56283F2,488,11,1406505467134,1406505736658,1412120576524
B1F5CAE48CAB758F1E62491D51E8C3A2318D554F,2000,71,1405404418325,1405856283404,1412120576524
B1F8A01E6CE7E13F945920CF5764D13F284FCB53,488,7,1405298342877,1405298366224,1412120576524
B1F97EB7416692C367536B5BD717597BB9630569,488,14,1405822601338,1406041124503,1412120576524
B202F5CA9A62517B1EE156B3FB9E5910C62C5FE0,760,18,1405186899561,1405187874068,1412120576524
B2046175FEF4A7827D6595EB290DBE1F08CC0948,760,17,1405382176888,1405382531598,1412120576524
B20E802E28FE82EB1DAFCC935A645B7B672C13CF,680,26,1406499368244,1406506686147,1412120576524
B2147EC5A4787D531B919342EAE2F6BFE203F89F,760,27,1405762190415,1405762952574,1412120576524
B21E574F61CDEECC7FBE645F8209F3F48B01739F,5000,15,1404879023489,1404959448425,1412120576524
B2240302C4F178FB664670B030F3A2B107713460,440,2,1406314840872,1406314840872,1412120576524
B22B4617AC2455D023321C89963D3C7C5A785B33,760,12,1405559260143,1405559484780,1412120576524
B22D89294B2ECE6BA61C537D1150C460C7E2BDF1,5000,17,1404777832753,1404803425095,1412120576524
B2324D27BE50FE945E242048E89A6C780BDFA8E0,400,1,1405817696510,1405817696510,1412120576524
B24B0DF4C707B070970125714726F171EF9B893E,400,1,1405480357222,1405480357222,1412120576524
B250F7A4A8C3E523EE0574956B88E8F68FF63866,2000,19,1405723709807,1405769087976,1412120576524
B25126EC4C8E1F86BA9AF63DDF1A653A568D15C5,440,4,1406479725556,1406479725556,1412120576524
B253CF8141696105301567EBBD95DEE4A0A98306,544,18,1404458614535,1404459024867,1412120576524
B259A38E59F066B1B2B96CFA01FDFFC92A38C48F,5000,33,1405918473478,1406496556058,1412120576524
B25A1369EFED521B9B6C7CD4E88EC60C3B53E932,440,8,1405378575160,1405378680212,1412120576524
B260821286D487FCDFF0EF2F05DFDA660BCBBFF4,544,20,1405397833262,1405411919991,1412120576524
B260C75C5939409CEB2D7373FEE7AC86C552240B,608,23,1405727752338,1405728356597,1412120576524
B2689271196992B8C4EA6A89E9041C6E9B0F15F9,5000,4,1404874729063,1405015099661,1412120576524
B272ACF1ECD33C7D0183CB1F0B08022F89FC6C57,2000,28,1405475408670,1405622398769,1412120576524
B27398EC60AA61267455E9110DF81846F0F06F01,400,1,1405353759749,1405353759749,1412120576524
B273CAA6246EF38D7D5276C273D1F478D1DDC0A5,5000,48,1404870355878,1405368967619,1412120576524
B277014024311C6D83D101F048E833E646520965,5000,8,1405451015337,1406898779666,1412120576524
B277767A80FA62F10BD90CBE82F45C334E470492,544,9,1405447189768,1405447240771,1412120576524
B27CA6EDDC1CD16D688197AD305D8B5CDFDEAD05,760,8,1410506937030,1410507074827,1412120576524
B2941E75A72609E86671F7A0D39C7BC1DD784EDB,5000,18,1405032681439,1405119756879,1412120576524
B29742CDF91E0B3E952F91545652003667B30214,440,8,1406191949850,1406192001804,1412120576524
B29F4082B58A4C954D2FF5706227E1178ED1448D,5000,22,1405121043037,1405284566228,1412120576524
B2BF4F64976148F6F7F8042C71723A5AD39771B2,680,14,1404965717061,1404965743694,1412120576524
B2C4C2F2E77E0A9C2A27904E7A39F36FB443EFD9,440,2,1405793657014,1405793657014,1412120576524
B2CF0FBA8D706CA3F832592041FD4742951AA9C3,400,1,1405805630813,1405805630813,1412120576524
B2D4A0F12A12B305F64AD59E28E270E1D951CA39,760,24,1405443070289,1405481051236,1412120576524
B2DCBE03B0CEA4C4835E725DF9E703E46BE140C1,5000,46,1405965661167,1406231112337,1412120576524
B2F2A4248EB0DF327565A713EBB8E1BA54D06868,2000,40,1405896000214,1405973035788,1412120576524
B2F46AC7353C94F56861E60624613185346ACDAF,5000,55,1404907389082,1405559583892,1412120576524
B2FA2ABE36B0331261F39BBE857F9C61151AA0A9,544,8,1406093383612,1406093430595,1412120576524
B2FF919606E6F4317B503565309614D248582880,488,8,1405454228722,1405454320379,1412120576524
B307479F143D2B63563EB3728AC6821DC78D1DF9,400,1,1404407176725,1404407176725,1412120576524
B30812FBDB2F3A912E728FE7B87049035B00A58C,680,24,1405653207516,1405654685283,1412120576524
B30DD4017916E477E22D19925D72F3B022064B79,400,1,1405455929215,1405455929215,1412120576524
B3175B2D958888957846073242D25E822AC9571D,544,6,1405562385139,1405562400331,1412120576524
B31BF74918A8FF9DB44A9E5D5D2D9076EB6472FE,15000,70,1405151161974,1411097249001,1412120576524
B31DC803F98F25B6B2AA65E8174580DC4E07D47B,2000,30,1405409901043,1408167186519,1412120576524
B351811DF71F882743FBE23BEDE519D340A7108E,608,5,1405465165466,1405470924977,1412120576524
B3582A63BCF92EB7DCA1D868DBEAEC3AA02FDF61,2000,17,1406498644713,1406575240103,1412120576524
B36109CAC0DE496C1D26319F99E1BD87D4EFE496,5000,40,1404936639985,1411682475521,1412120576524
B3659B0ACCABD36B2476D543E5635A3A54549B02,20000,34,1405370043080,1405559624727,1412120576524
B366617D4B38E973C1D36A536A50E3790CB8D8F8,440,10,1406220143230,1406220153951,1412120576524
B367EF3B2E118C03B8DA462F53FAB9931E85EFA8,760,9,1405275136440,1405275476600,1412120576524
B36A20E1585BE02DB973EAEB3C7D5CC71D471B13,400,2,1404968750188,1404969013632,1412120576524
B3721BD09F756DE39F5B7884F6CB5AA0FBE5F3FC,2000,25,1406316009898,1406456231702,1412120576524
B37EB8DA37094E496A3C7AC22A8B9F4A4F73A831,5000,124,1405100857736,1407385114608,1412120576524
B380B5C5E004513E8BE86FA0438F359F1AB31B7A,400,1,1406058931347,1406058931347,1412120576524
B3839F74D4EDCC5358375D6C9BD97EF7CE275CED,440,8,1406390697163,1406390728886,1412120576524
B389929A6D660CE9DB1A21335D6F185A55885D89,400,1,1405433407141,1405433407141,1412120576524
B38DEA4130CA2C88B5A8EE7518E0B345C848A44A,5000,65,1404882085428,1405487650053,1412120576524
B393137DDA8EA82816ECC87167C31441B5CEE2D5,2000,2,1405470291370,1405474747434,1412120576524
B3A1EC07541ED606E988EBF9C81E62215EDC5BF8,608,17,1405548724985,1405907222562,1412120576524
B3A9E70171907C8A32548CDECC341FD108214A51,2000,32,1405992627588,1405994037008,1412120576524
B3AAEDDCC7D280E233DE10CBD1735C5781220363,488,17,1405157205390,1405256858211,1412120576524
B3AD577654176FB7922EB7787DF7CF97EAA28189,15000,48,1405222602460,1406000741412,1412120576524
B3B44BF3AA769C7A76A397F2D38B73500C0EDDC6,760,32,1405270340086,1406507234444,1412120576524
B3B8BD5A721498376B0CC31ABDD94C3513758ED1,544,7,1405283340705,1405283356915,1412120576524
B3D10EFD2DC767F6CFAC797D79D233ED19FA0045,544,6,1405538393275,1405538586793,1412120576524
B3D8C22252833A679BEE3E2A8A4D0AB3FC348F6A,2000,36,1405248483339,1405254017858,1412120576524
B3F0996D504E936116FAD0979BB2E6368F546216,760,36,1405564397526,1405633900571,1412120576524
B3F29CF62D8A04D48326104DFBDDE0D101550710,488,15,1405005278451,1405005776790,1412120576524
B3FCD4D8270480B870A768EC6E0AD3C83C291A9E,950,10,1405506482752,1405506655708,1412120576524
B408A7C92DB506AD161FF2D2BE2C3F9103E764C8,5000,23,1404504978066,1404506466424,1412120576524
B4261391678F331A3B9D68FDD5582BEF3B6A8EA3,15000,97,1404909547717,1405487963682,1412120576524
B42BC1E410D85257BF3FB91462E7256530A75513,2000,3,1405621432142,1406173250488,1412120576524
B434E90B507E552748812946D7113BF7348B8F97,2000,37,1405820609649,1405822007822,1412120576524
B43A9542ED6A59FDF0EC00A0C319B4979B983A40,5000,32,1405389130214,1405470925064,1412120576524
B43CE8ABFDEC1878B81AFEDEEFCFA78672107EB9,5000,50,1406508044010,1406585866817,1412120576524
B44068F84A3549F694412F6E518656BA9B4EDC2E,440,6,1404942581862,1404942611850,1412120576524
B44BBCD093691AE5C28ADDA87FF9B9076CF8ABE3,680,7,1404873099247,1404874259359,1412120576524
B4504D3F1A699A60AF68CC8D4C16276307CBCA30,15000,120,1406246116296,1407201702777,1412120576524
B4507DCD9EE7AF0D83EEFCDE2C7509A02EE2745E,680,5,1405482255797,1405484645616,1412120576524
B45094E8438199392E85311A5C77C7D86A3D4CDC,5000,79,1406597933447,1406846759101,1412120576524
B463F13E83210DCF0BC3DB87B34AF0440E08BF2D,400,1,1405392358768,1405392358768,1412120576524
B4795FF237CFCF47D11F4A2AED1235C36692A00A,488,8,1406252852635,1406252989170,1412120576524
B479AF16D417833960C9978EA79F6CD632C3FAD7,400,5,1405350432692,1405620655300,1412120576524
B47A1E86514C3D8580CFE7FE1ADD97F7B367C53D,5000,24,1405483771460,1405791595750,1412120576524
B47B725A744AF8E0E750E65326576A72E0B954AD,488,10,1406224809016,1406225010622,1412120576524
B47C8F8B558E775DA049F1448603C233A67D734D,2000,34,1405377728889,1405560672905,1412120576524
B482A5D390D916D764A99191269C5DD7B0B2DBBD,15000,83,1405232957513,1406424823681,1412120576524
B485BBA8534248A103D80DE4B4618779C890BBC8,2000,28,1405889275979,1405999438689,1412120576524
B488D8CED8D6CEAD85D8E89A55B5A64421F65A38,440,2,1406035055310,1406035055310,1412120576524
B4956F1A72E4D8B07C9A18033ACAC9D28D85303D,70000,123,1404894824560,1411350787563,1412120576524
B49B05FB6314C0CF454B71BE6FA51F1C618F622A,760,32,1405399208648,1405994995480,1412120576524
B49BC3EC33809D7A254CFEA3495411787A770AFD,488,10,1405044143938,1405044427831,1412120576524
B49D1F7F0E149F1BBAB70D966D324044D0699B3E,2000,3,1406246901462,1406256621698,1412120576524
B49E2D310A8E17DEA59807C55350D954CE1C1781,488,13,1405464930383,1405465112032,1412120576524
B4A60339DDAE27CDC000F35C302E9677B1C5B386,760,24,1405090124081,1405229355313,1412120576524
B4B6FD786DBF221054D1EB5F0CF4819B13519E24,400,2,1405304205533,1405304600344,1412120576524
B4CD49DE7F210B75EEB0011BA7A2DA5A926949F5,2000,20,1405916040163,1407559562553,1412120576524
B4D0ECB1AB45A2E329C16980F72581759A53DB15,5000,48,1406663951359,1407082793269,1412120576524
B4D69B151C533F7459CF5F7B082187CF8DDE80EB,15000,92,1406086285665,1406526134666,1412120576524
B4DCC90AC24A7529288F153642E361BA843B9EEC,5000,15,1404843438938,1404855793272,1412120576524
B4E612EA2FA7BFF5A4EC3B7A1442DE877B789FA7,400,5,1404959511995,1404959511995,1412120576524
B4EBFF30B2BB6A5A51279B3F1B520410ADC2261A,5000,23,1406224117783,1406241616552,1412120576524
B4F14EE172EE3E44261429A0B6F5D6C0C3C69F34,488,10,1405189952281,1405210591557,1412120576524
B4F519C7C0F7243E27E2B39EE0EC30FA3E66632C,2000,5,1405488020162,1405488950633,1412120576524
B4FB2DBF8167B4E5588BEECEB50F0CAA281F3DE5,2000,3,1406390624361,1406435909091,1412120576524
B5010AFD29D1BEA8DAD8ACF07740E893CBC4C3D4,5000,14,1404879615842,1404880595393,1412120576524
B5047330B8E27B3876DA87B13F647687D9338DDF,760,14,1405368450736,1405369043444,1412120576524
B50A7601325076FC57805085BA30916C93473E7B,544,11,1406549181515,1406549430367,1412120576524
B5120CCB4469F0D61D3C95627A5A128E19AF3B07,608,19,1404867266571,1404867973916,1412120576524
B516A9BDBDAF565EB94FD073C829D0FF7212EC0B,488,10,1405560285510,1405566143340,1412120576524
B522F364B576F70A259A21DCAB5D0B2F64384E13,440,2,1405378686318,1405378686318,1412120576524
B524E7897D84895D2F3ACCBD5D17416491B254A4,400,5,1405618760200,1405618760200,1412120576524
B526F99045D635FF31E34B41C1540C0B626A9549,544,10,1405211761090,1405211784665,1412120576524
B527E2827322E249932EDB5D1F510022BD0F0F89,760,23,1405147597046,1405185067047,1412120576524
B52A6C29E636780176C3C95C7E4083D8F4E21434,760,12,1405713620691,1405714046802,1412120576524
B548F8E26C2D64C467519F4E30C7C220B96616D2,20000,111,1405040341980,1405299852393,1412120576524
B55167D97ACF2A6EBECC947A1CE7A475DA341456,760,27,1405971042859,1406011775095,1412120576524
B559C46DC4DAFF1C20278F544992A0A355C2A312,400,1,1405525597067,1405525597067,1412120576524
B55BEBA5061F0E98ECABC5E7AD24D6CAE940FE88,8000,39,1405184581208,1405185997997,1412120576524
B55D14DD1F30648ED25006E3896ADC5D59BB45C4,5000,28,1405044452332,1405167107951,1412120576524
B562548077286A06549FFA2B8D19CFC4C439CA75,608,32,1406430947718,1407255837369,1412120576524
B562A011F889146F911293061874122185CA927A,5000,116,1405307234434,1405836808803,1412120576524
B5673B8D18667FF4718EE5A5677639AF6B8F0B79,488,11,1406525006125,1406581823937,1412120576524
B587A4AC5BF9E8777AD07CE94530F79AD399D27B,2000,22,1405744127643,1405744859558,1412120576524
B5911508E31B0040CEC81C923DA521116EC399A9,440,10,1404913315750,1404913486732,1412120576524
B5931C9127E5E7BBBA110A0EFCABF1A39F678F7D,440,7,1405127382420,1405127585598,1412120576524
B59331672FF6318F0FBECBD424A12E5A3E8F5C26,440,6,1406113346758,1406128662614,1412120576524
B59393B89429C046EAAF93E057F63A6578DCA203,2000,30,1405234379544,1405397253673,1412120576524
B59B858319D21D16507CDA686A934ECB1CF11A16,400,2,1405051305944,1405051717783,1412120576524
B5A13A2710793A6CE0FB15303EDB6F191E17B225,5000,6,1406002937096,1406008910781,1412120576524
B5A1AF423788CB47C5909445EA111BBA70BE3DDA,488,15,1405560798073,1405561054586,1412120576524
B5A39BF99C7A349CC274338B8CEC02F55DEA216C,2000,13,1405508890301,1405509772277,1412120576524
B5A5F6531A34AC1A3FED181BE837E50442F8D61A,400,1,1405401514192,1405401514192,1412120576524
B5ADB47AC98068DE861554B3AA4B2D4E7748AC2E,440,5,1405541506199,1405541682680,1412120576524
B5B67CEFFA0E8FC5661AA796D7EE2763FAAF1D66,5000,33,1405393780415,1405657380466,1412120576524
B5BA284121955E7042F78D283747D9300B932211,400,1,1404956596049,1404956596049,1412120576524
B5BD0C5C184D433ADCF38F6B1896ABDF9178E334,400,4,1406352052979,1406352069120,1412120576524
B5C572F32D3244C593F85EF7A49522388C3950A3,5000,14,1406391086260,1406544835389,1412120576524
B5C9987DE0AD19C50755050BBAE102693A40CBBE,440,5,1406134884755,1406134884755,1412120576524
B5CB0C4EFE83AA80C43D0BD45138F4DC0708A609,5000,13,1405471285927,1409280625362,1412120576524
B5CD025AFEC41F82977C5464E63AE2F73EF49EB8,15000,87,1406310074084,1407391953199,1412120576524
B5D0D734B316FDAC041D903C106245EFE3EEB7C3,5000,21,1405941664752,1406065002546,1412120576524
B5D10DC5E0E46DC26B891ED1F309E842D1BE6C19,760,14,1406742711941,1406743214654,1412120576524
B5F1CB0B85960F11636D9FCB3E8C8964EDBDB6B2,2000,61,1405132815548,1407711661413,1412120576524
B5F364C459161C2F3DC088881A12180A8C5D5E55,400,1,1405756442756,1405756442756,1412120576524
B60A22C31AB73C047695A75C381699B30560D664,40000,165,1405483481548,1406326702893,1412120576524
B60DE3F57D94E9873B16830CE8A1DDDA34112CE8,2000,19,1405474665965,1405786539840,1412120576524
B60F818C07DB0F9896A2AC56FBEB635C1F1A2807,400,1,1405907292786,1405907292786,1412120576524
B60F9D21DF35FF7F7AF64AFC07D07249FC7DD42A,5000,22,1405492746563,1407742542827,1412120576524
B6135E8CAF77F555E287F3C2D9A0D9C888290302,608,12,1404907796012,1404907928217,1412120576524
B6160EFE04DA509B039F77FB704FCB2D024C769F,760,16,1405862469254,1405902116842,1412120576524
B62BA2B13DF8BF32EEFE2DA1FF78B834D680E931,608,9,1405545523683,1405545592598,1412120576524
B630FD692F5C89B11E20A45274FA346C26E097FD,2000,43,1405746684445,1405819968370,1412120576524
B6322B9E898B0C3B57C7F922D51594484F52534E,760,26,1405008990347,1405920047567,1412120576524
B6410395B347EC1EE0F00A8F8C210AFB1A8E6898,488,8,1405147000688,1405147015464,1412120576524
B643D6D0D83021A3266154FEF4E83DC83552728F,5000,55,1405055320927,1405298507124,1412120576524
B644609455B29C5E3F0B38963D84EDBC544D360F,440,6,1404865310916,1404865404037,1412120576524
B665196E7BC600CB4A3537238F44A7428E5E0E77,680,10,1405580197651,1405580412790,1412120576524
B665222DF735E052996F9F4FE05AD3C34D8E9C25,608,18,1406331286663,1406383049133,1412120576524
B66A803B5B5061298669F4F2FD0C4610CC2F4857,400,1,1405519172701,1405519172701,1412120576524
B66C76F6E5398E8620923DF8C8F2B79F0AD0A041,5000,70,1405543573565,1405908111425,1412120576524
B6881E6F92F64F0DC1B49F250261B968B612A787,8000,20,1405314217408,1405923027790,1412120576524
B6910D7F2F31C86EB0B18AD71E7C271BDE110C32,15000,43,1405313169627,1410294779740,1412120576524
B6991018E7C9C85BD0FD5354590EB1F086468D3A,400,1,1404882311166,1404882311166,1412120576524
B69A7178E6C8252C92FD5BB407C8CE589C53C4FD,5000,26,1405486065849,1406520406177,1412120576524
B69CA0A074640F724DDE80AB0A6A5CD323ABB3AB,488,10,1405623622656,1405623828958,1412120576524
B6A3354F9C4AACC5C4A922103ED5871263E8C1C4,2000,22,1405172240458,1405908776434,1412120576524
B6B2038EC03A758AAC01309DD20645B979612F5F,15000,92,1404875841468,1408650361891,1412120576524
B6B2BF150DC6CF3CA57F4D9D5F98204BB9CDD5F4,680,9,1405845730577,1406199460024,1412120576524
B6BB8136EDEF44A762CE1B6D5FBE53A62899167A,5000,38,1404844432489,1411218539774,1412120576524
B6C856E45F944C4EF4D310C1AEAA85DFBFF3B523,5000,24,1405813557192,1405814921420,1412120576524
B6CCC6F2E3E484DADFA9E376ABD2976328E620A9,544,9,1404958570891,1404958683122,1412120576524
B6D8EB2B64016E137D3893E4D9884CC44C337145,5000,99,1404791400723,1406583954775,1412120576524
B6E5260C566073024A2B5246AB0A5B5B90BC3545,760,20,1405315678873,1405464086749,1412120576524
B70C0CE5F13E50DC51B48D88CFD79C0A499282B4,760,10,1404967152138,1404967453207,1412120576524
B714554ADDA56C926A8471B1B164AD50939E30D6,2000,32,1404295368153,1404864473096,1412120576524
B7154FA355227D639A03AC257A691EA9FCDD2246,3500,74,1405056563897,1405748556360,1412120576524
B71E2BF7A12CAF1CBEB9AD666F039F0DBBFF9B94,760,35,1405694923360,1405818700492,1412120576524
B724724E45D836484ACD7887DFA5834331CA6B7A,2000,2,1405314483385,1405387715829,1412120576524
B72BA58F11BA9E979DDE6EF665E636378AE3383D,440,6,1406123229923,1406157860952,1412120576524
B72DEE07B434EDC66C1BE5EC486C3CB433A0CDEB,950,37,1405487939211,1405715820723,1412120576524
B74C416FB690B94998AAA5DEAF615A28E2EBBEFB,5000,43,1405265175286,1406341195295,1412120576524
B75AED54CC935B2C261C93AD0DAC084C5D495CCA,40000,117,1404934666065,1405903582751,1412120576524
B75DB82003A8CA9BC77FF8317092DCBE63A74129,400,1,1405335375084,1405335375084,1412120576524
B76C1F7174F6E55ADC66042B2819DF3192E18D9D,760,15,1405488496895,1405510832766,1412120576524
B76D4E561FC8F8E8A3DF820E33DD6D271B06876E,680,7,1405222945738,1405222966923,1412120576524
B76FFAA6310D8295E10EB49EB4ED4E71DEA846D1,760,28,1404751372130,1406563476293,1412120576524
B77AB5269D9F16FA39BEF26C7A1692052655B734,2000,43,1405626027402,1405723424370,1412120576524
B7835BC545070CF730D79A1C567BC215934A8F53,2000,11,1405471455550,1405511344678,1412120576524
B78ABCE72C6386692666D8ABAC2CFE73958EF357,760,43,1405837847877,1405881123029,1412120576524
B78BA32C0BE189C0542EF7ADD65E915E237BA2AE,400,1,1405586506118,1405586506118,1412120576524
B7AA33BA675D369D02C179D5C0B9E6E52B2B44D1,400,1,1406678107691,1406678107691,1412120576524
B7AD6DE6B460F6729E2363E6997EB1F179353D70,2000,27,1406271422208,1406272279714,1412120576524
B7AE009298989B9E1552C2EA835B7F1AD304B0FD,400,1,1406178008651,1406178008651,1412120576524
B7AE24C65C6C7F9D0DB587356E211E58A0B993C2,440,2,1405427928457,1405427928457,1412120576524
B7B573B112BE89C9FE1C3448C390A3F265934999,488,10,1405825857937,1405826331271,1412120576524
B7B7C289F0DC2E2A31D7A299884D614FA2ED0B2C,440,2,1405113627392,1405114242198,1412120576524
B7B8DDCD5EAD4F0427C2738EB0715D37990B894C,544,16,1405798460927,1405961945482,1412120576524
B7B9BFBCB2ECA1E781985F3432A8CBE7EB07A860,400,1,1405677223242,1405677223242,1412120576524
B7BC2C1FB21F7A7FE2DC1CDB9247671E29356B7B,488,13,1406424695714,1406425064321,1412120576524
B7BF324AF681D5AC2B162163DCDBBE67481DE7C6,2000,27,1405778206453,1405779658499,1412120576524
B7C631EB9FCEC0044DF272ACB0B8C575A817B3CD,5000,50,1406262417820,1406421919369,1412120576524
B7CF53F8838238C5D4A947005969927649A44AA5,5000,4,1406755314123,1406756764109,1412120576524
B7DAF9B1E1F6B96229E61B351ED787DFEE519864,544,20,1405073725394,1411954738680,1412120576524
B7E3E0AD9C870F2AF44AB773DF58CF319840924F,544,13,1405651498062,1405651567265,1412120576524
B7E67C3FFC27AF213A7790F59B10686E3F45B74B,760,24,1405556747601,1405567575483,1412120576524
B7EA963ADBD66DA4FB8366F0DFB58A9051200E7D,5000,51,1405040789334,1405379228492,1412120576524
B7FD12798C1091CB18F48F5A623B10DBEB2D01CD,440,11,1405798811567,1405798998802,1412120576524
B7FE629C9BFF85AD493D6CFC44AEF5A78C84E11A,5000,36,1405225834026,1405652965163,1412120576524
B80B866F647B0125E2CD42DA6CE66010AF1705F2,400,1,1405687993921,1405687993921,1412120576524
B814EDB3DC40D75C089F90EBDC73B2017C7FE43F,5000,9,1405441070594,1407832931180,1412120576524
B81D6CB8E547E8F829E80D200B34AA6A4A1620DE,488,8,1404705569588,1407918314440,1412120576524
B82A9EE067D9CB719C7AEFF953C428FE4A859263,440,5,1405143656666,1405143798633,1412120576524
B83E2419F7ADDEAA0033BCACC67F8C1EE83511C2,5000,26,1405344493277,1405532507913,1412120576524
B83F50BE01A15C9DCCD74F2096827193C9B67EFF,2000,32,1405413149397,1405414660187,1412120576524
B840A7B1D0A97619955FA8F8D855674C12BC4E08,2000,28,1405900972119,1405979281003,1412120576524
B84416E49462126049FD24F403A52FEF67A7E648,5000,8,1406169226685,1406319286221,1412120576524
B848591C8D8CA6D80B8EB291F78A9BDC7C6A262E,400,1,1404964825576,1404964825576,1412120576524
B85606E7898A16B17E35A26107F97EC653A04D75,15000,75,1405282883580,1405991638094,1412120576524
B856FDA0ECB7E8CFC20CA360C6BC360BBDA4D552,488,32,1406052404832,1406246495098,1412120576524
B85C0C9CD6FFC4CD8A01AA7D5BF89B82342BBBEE,2000,17,1405476374083,1405637962765,1412120576524
B85D45D6FA5575EC2E77176E68564B9E91F00C75,488,6,1405393318800,1405393325041,1412120576524
B860B4FB13AC2DF435D80DE6CBB3E2E649171B9A,400,1,1404916508505,1404916508505,1412120576524
B8786F12227F6DACF474EE3F90A6A1E401D5D8D5,760,20,1405241772638,1405242064384,1412120576524
B87D1729A7C0C1A29E7D59B22899EEC245080FEA,608,5,1405453227913,1405453227913,1412120576524
B880CBFBEAE0FF07B24CDE6E4A5D9C09E8A34B2A,2000,2,1406018528680,1406025044951,1412120576524
B88D88FAC8E364ADD0D0C4CA31F3F94DF5AADFAA,5000,41,1404921648371,1405306538207,1412120576524
B8941CA594E4CF637370A25966C2D9A18A84AFA7,5000,60,1404958155101,1407439618963,1412120576524
B8985AE16CB0B9B9BC21BDA35B0299D681CDA971,950,60,1405484419461,1405739892112,1412120576524
B8A243B60AFB6D750E04BE9A563FEE84F4535A44,440,6,1406001740165,1406002131476,1412120576524
B8A4B3F713E96E8855E1EB94238A5AC0F319F9E5,440,2,1406389971024,1406389971024,1412120576524
B8A623167F42A1E6B4986000881B07D5DCBE5A97,5000,18,1405037962827,1405648618732,1412120576524
B8AD6C0E1940ADC3042B3718B0AE566FCECEB919,5000,36,1406312886741,1406698745467,1412120576524
B8ADA90C3F7F0A5DE705E8A03412D5C32A809285,20000,42,1406084041032,1407365199434,1412120576524
B8B27DC3C30A13BF1DFC86B536CE12F64F6C384F,400,1,1405558224157,1405558224157,1412120576524
B8C1313E29E4792979DCC7DAD0953C069763D62A,440,7,1405397511783,1405397532303,1412120576524
B8C8B3D4B49BE33B830015DCA479907238394494,5000,21,1404932379514,1405109403748,1412120576524
B8CCEE46D1F5A7F29746F7A090930274B5DCF371,5000,10,1405722649762,1405865106868,1412120576524
B8CF54767ACD78B5D0278A05958B36282CEBB8A0,760,11,1405981988081,1406038642989,1412120576524
B8CFE930DFDF49BC013081036B64579361603ADD,2000,2,1404872123625,1404873356857,1412120576524
B8D603E7040B5964821DB79B167C6FB62344778A,760,13,1404422921072,1404423906692,1412120576524
B8DF64CDA5DCB117FB8595F122DDFBF7CE894697,488,3,1405421413902,1405421413902,1412120576524
B8EB7559AE506AC876F5FE186BA771BEE9EEB556,544,6,1405471036878,1405722987059,1412120576524
B8FAF8C87B8557D644D26EF5DDE1F0C9DC0EE54C,5000,19,1405052224210,1405733208368,1412120576524
B8FF8F3CD846684F678B540D1A5B68BE00F2C055,680,21,1404868000302,1404868737496,1412120576524
B901445CB912D0A8434F1DDCF168464DEC7E8C6C,2000,28,1405370053180,1405957416671,1412120576524
B90BAD84EAB06E0633BEE5C2EFDB3B5DE86AF61D,760,16,1405044462376,1406680531165,1412120576524
B90BEB7A6A3793ADC670B27E9E0DAAB6433CD71D,5000,13,1405306036665,1405306657858,1412120576524
B90EAA3AF9C3CD025025EB0D74F5A89F577621EE,2000,37,1406182749287,1407202939020,1412120576524
B916DD6673BB70CD715242C77871E7D9999C6E81,5000,4,1406241421310,1406242121337,1412120576524
B922DAF355244F659B5E1616DC723FD9D24D757A,400,2,1405256687397,1405256687397,1412120576524
B926D6CA958F7A09452B9CB3886BF63BC3B5D430,5000,32,1405475804529,1406484357258,1412120576524
B92DC18EB0936352B851C52FA5D8F95BAFCFA970,5000,31,1405306998860,1411430202029,1412120576524
B93168A313F0E389B48BD2B6AF668D54E840718D,2537,12,1405963106383,1406245780102,1412120576524
B932AD8C609F9091572421CB7D26114D4B624D5E,2000,22,1405478773414,1405618884253,1412120576524
B949B5D5DFA0EEDC5B335DE6FBD3E96A413BE8EF,15000,70,1405046166335,1406248032749,1412120576524
B94B4F26AE24524773628435005D4AE1F2B71DC7,2000,15,1406666189395,1406667715470,1412120576524
B94BD3C4CDB47C5AD71E20999683C66CB9334777,2000,83,1405601076242,1405984657476,1412120576524
B95395765FA7D621ACD856D04B88E18F2DF51301,680,10,1405037869128,1405037938015,1412120576524
B953A2957357407170CEA437F5DABABC9548E1BA,1050,26,1405043825338,1405044847718,1412120576524
B954FFD8A1C72073C617B60A2D6AD218238A0C8B,440,5,1405459695883,1405459695883,1412120576524
B95EE4DA090DC78136789C296CB7B850A3F5673C,400,1,1405738346120,1405738346120,1412120576524
B966713BC52074C6C657F96E10BFACD5169694FC,2000,28,1404940990132,1405497963040,1412120576524
B96962263F566ED706E32FD4D8AEAF290E5C686D,760,12,1405558095155,1405569902527,1412120576524
B970D459A9AA5235AE1E4C81111518A1DC82D749,400,5,1406489352784,1406489352784,1412120576524
B971B27B9D4E8E264C02F55D7E32CAB5AD6E49DF,5000,41,1405301405792,1406068657128,1412120576524
B9781D98C2080DC123E11EE511265F2066AEF387,5000,14,1405369610340,1405391454690,1412120576524
B98C881565A587F300D32C28BE553A46B8E5F584,1050,23,1405458572619,1405675846976,1412120576524
B9CA6C7C211C056C0FE06EA40A6F4AFC69FA6E83,2000,66,1408234766927,1408904579238,1412120576524
B9DFBCAF692E9898607590FF2CE40A65C316FBC7,488,6,1405490574188,1405490594948,1412120576524
B9E114239B5FD07E651F1FD7D791F8D7A35C3F38,488,13,1405368923213,1405369029905,1412120576524
B9F84DAE948E005E27C7AD2A88DFCBA348FE1FAE,5000,71,1405415296920,1405906071508,1412120576524
BA1044BFF7B7379B3D44E80F1D79F5F89A5F4731,400,1,1405415728044,1405415728044,1412120576524
BA2A4B24AE2903EB9919870C802746935B00E410,400,1,1405122978218,1405122978218,1412120576524
BA2C0E406C7905FE4191FDA27B315CC8722CC3BA,5000,21,1405486264730,1406772075498,1412120576524
BA2D70DEA509F963DFE3C5C118939590C5B6EE7D,15000,25,1405233110111,1409606321580,1412120576524
BA34CA1B8510A12E8CF6E551B93D114D339B6CEA,400,2,1405452464349,1405452534541,1412120576524
BA354CFC4BAA8181F3A423CD6AA0C59564CF8EDF,2000,27,1405228153723,1405293878642,1412120576524
BA3794B4EB756E9087F97870F5078F6E4B8C8F5E,760,36,1405060604340,1405062182307,1412120576524
BA4444CFFF91E9F06C2B2F61B3F2FB1AE5318194,20000,282,1404912493049,1404924101901,1412120576524
BA5AF7C0F05B8A1EB60ED371B5131DA4E4709D35,2000,49,1405311474237,1405568227030,1412120576524
BA63D75B3746FF509C939D6D50AA1EF6332CF3EE,680,19,1404958527435,1404959265253,1412120576524
BA72CC7DC0382BFFAE752DE5DA84EC8E70211FF7,15000,103,1405738824143,1406661079261,1412120576524
BA741C9AF57479F4851F7EEE2479E7332ED49DCD,544,11,1405037325915,1405037421415,1412120576524
BA75A714F2516E32A349362C6C691F2A85DDA1FE,440,7,1406726862929,1406727011879,1412120576524
BA7E9919CDF1338A9CD3FC0D286B27D2881AF0FB,2000,4,1405041701837,1405042987955,1412120576524
BA7F1CA1FD684167BC2ADED5661EA5332AF401A2,2000,27,1405828073457,1405867680024,1412120576524
BA7F76A5FA2F02C01F021E4317E46E3806FD1FFB,400,1,1405392826303,1405392826303,1412120576524
BA82215B4A9AA1DCC77019403361A0837DAED8B5,400,1,1405135269182,1405135269182,1412120576524
BA935BA4AB0167609BF389F0CD80EE2F2166B0DB,400,3,1406073013892,1406073013892,1412120576524
BA9B31CEBD953DC66993CF2A56F1828D5DC9F346,5000,3,1405522358539,1405538207382,1412120576524
BAA193252DE10E4A6CBE451F9F682814C1C10C86,20000,21,1405233567127,1406139855749,1412120576524
BAAFA938DDB7FB43A19BFCEFF6E0D640F6E57577,400,1,1405338700747,1405338700747,1412120576524
BAB85CABD867FAB022B3DE57790B46E2046EFAEE,760,17,1405557079276,1405557346423,1412120576524
BABC09ADDA3E12C881A11614A106BF85F1F2DD21,760,24,1406009239388,1406065360983,1412120576524
BABC2806DDDF816E96DC0EA8016EB9F097E96873,400,1,1406459903771,1406459903771,1412120576524
BABEFCC83D86070941929DBBEEA0B71DEC9EB0E9,5000,28,1405390165131,1405732806029,1412120576524
BAC3AC293EC6C2D83A71E3CD29C28735A3404065,400,1,1405991123916,1405991123916,1412120576524
BAC9C93E65A563569AF038C451ADE107EAEFB4AA,5000,29,1405570518958,1407481696290,1412120576524
BACE595F300F117E515C118E915F0B25BC4A11F3,2000,21,1405060726244,1405176283420,1412120576524
BAD052181A5EB2AD979E7EEC6D913390598A6674,400,1,1404966859931,1404966859931,1412120576524
BAD53BB101A56CF0FE87C41E84ED6E0805352072,680,15,1405862837513,1408722350304,1412120576524
BAD82DBC251CFB51F7805B025E2C5D0D139D3424,400,1,1405425400260,1405425400260,1412120576524
BAF1006150CBC1BDB219B2A6790107AFF4BBBD84,680,6,1405073258663,1405073266842,1412120576524
BAF898DB90FA8981269015B91505139A0CE2A90D,680,10,1405522793186,1405523091657,1412120576524
BB006EA97033F87AF208FA5393963B1EAEA4593D,2000,58,1405517523354,1405597462278,1412120576524
BB0307EC686DA9CEAB88C3CF822636A5675B50B5,400,1,1406093541962,1406093541962,1412120576524
BB08541DF1EE59BDA5D37E9669CEAABE64670DE0,760,10,1405005920683,1405005927754,1412120576524
BB0AA7BD28736314183E89553DFAD4C08D6AC335,488,12,1411250835899,1411251064074,1412120576524
BB0F1F0D2AD52AF5F3969E4A367B1FC5409797CE,400,1,1406020121030,1406020121030,1412120576524
BB10444DB0AB3321DC4525572EB7CDD34188E54D,608,19,1406262358327,1406414007830,1412120576524
BB37393E25AA607A21656F058304BA5A96B7E0B4,488,9,1404441757419,1404442086143,1412120576524
BB441097FE122A631808EA7AD0E472B6D0A9479A,400,1,1405242963170,1405242963170,1412120576524
BB4961D973E3AA006EEB135C14D7368B00D83918,680,6,1406442069939,1406442079084,1412120576524
BB4E1665EB1CC68506A1F5584BE892BF693F1CB7,488,12,1405214066544,1405214370767,1412120576524
BB4FC844CA0B866B69321022F1BCEC704F0C4DFC,5000,19,1405753317517,1407515792585,1412120576524
BB5C95C7BF4B00044330C95FEB9ED2B49B6CCA69,5000,30,1405476349383,1405951740592,1412120576524
BB5CEB00165A2F6DA3B19EBD12AAA6A02FD8DD30,440,2,1404883020374,1404883020374,1412120576524
BB6AD1480AC9FF4F53F4A88A789E55F8A580E38E,5000,16,1405627438957,1405628336020,1412120576524
BB6FED5539D115939A186FC7F1C427CA6261BD8D,400,1,1405116538766,1405116538766,1412120576524
BB71FBBDD7C970535EAD925E7ACEC1AB9A7F9992,400,1,1405490872634,1405490872634,1412120576524
BB7E41FB1F85B8D784057A7E3BC53E33EC97B436,680,14,1406027024127,1406027257631,1412120576524
BB819D06E9391EF36A2862CD990F5947AACC4050,760,20,1405302691806,1405308416916,1412120576524
BB87C08C35D8673C7323275B5E852594C799EAA8,5000,15,1406161369007,1406165906420,1412120576524
BB8A6B98F8E7ABA5277EB7FA2892E45D8AF8361E,36000,102,1404871588501,1406584716295,1412120576524
BB8B6CD3DBF52F5E99A1A6316C5F40D1881F83EC,400,3,1404649915175,1404779545304,1412120576524
BB92F31BCDB176CB9A06092D60C77EB2019FAF0B,5000,12,1405593072107,1405676277853,1412120576524
BB93703D696F1BB601FDCC5E2989C73D1DB2BDA3,544,8,1405189618343,1405209158419,1412120576524
BBA1B56D992D96578C6B54F52AB96CCC663CB285,400,1,1404526781622,1404526781622,1412120576524
BBA602A899333FF02C3D2085742082495FF2B7A4,2000,28,1406668229656,1407178374279,1412120576524
BBA7BF3AAA223CB3000486B951B2AB1DE64D8D1A,8000,45,1404820524167,1404887245303,1412120576524
BBA7EE9E8CD1F294F90BE6682A21AAEE39539D45,2000,35,1406395610911,1406518055730,1412120576524
BBB9232B47ABAC081F079C10586FE9ED8D998912,488,17,1405371735849,1405372162855,1412120576524
BBBA88C10A59EEEA828A77E717529AAAF68A724A,5000,72,1405351822584,1405598165871,1412120576524
BBBD3B7E4A915CC564B4B00A4D4C1CBE2544A372,15000,107,1405258251638,1406677613771,1412120576524
BBC7B3DBE5214CF7E3508EA02B54D7B003839E64,400,1,1406439655007,1406439655007,1412120576524
BBCF55FA47AC82A446DAF42EBD96009AA0A3B1B2,400,1,1405692774841,1405692774841,1412120576524
BBE0D9236E8A8EE24F6D3A97CADC7833F5EBE9A3,400,2,1404875512722,1404875512722,1412120576524
BBE14A1CD96473BE7639B80D837EDCB2F65ACABC,400,1,1405512876717,1405512876717,1412120576524
BBE15C20D4F9D3C2CA3F9D0FD6809E69BE88EBF1,2000,19,1405481560055,1405483842061,1412120576524
BBFAE099BC4C3D272AAC8209130D04C00794B9C2,400,1,1405340807403,1405340807403,1412120576524
BC049A975E709CEA0E23FAA96FBE3EADD0C749F5,440,9,1405061588389,1405061869114,1412120576524
BC06B931F92887B614F963F9F7417438417E076E,760,34,1405407568321,1405447024303,1412120576524
BC09FE59491FA19D501EC6A73534E469B523DF1C,400,2,1406609545428,1406609545428,1412120576524
BC0BF3A850D3939AF8D4A10FB216B6B60889241E,400,2,1406001913930,1406001913930,1412120576524
BC148242991C052FCE4554EB19A81D21A19BB1CC,5000,3,1405285498037,1405285686215,1412120576524
BC14F614C2CAFFBA8BEC2822D5B779B16ADF60FF,5000,28,1405147769931,1406474283118,1412120576524
BC1C81EF4C690D2B67BDAE5843CB04B9A3E4B882,400,1,1405988355307,1405988355307,1412120576524
BC1D2F41A7E7E475323602E6433C4D46E231B938,5000,10,1406224821455,1406225706629,1412120576524
BC1D78293BE5D62FB77072C2FD7033C66EA0D34C,2000,25,1405227530984,1405301480876,1412120576524
BC1DE9E1210E13B35B8FD8BDA0B04F38D5CFA54C,15000,65,1406047897248,1406150385017,1412120576524
BC1E98B939860A0FB9966EA76B6F6D52ADFC224E,680,6,1405356244663,1405356255855,1412120576524
BC21F145E9B71540E9738E332865C5D6D507B215,2000,54,1405114134269,1407618753635,1412120576524
BC25655472A10EF85CD5457C9783C545C03B5A72,608,23,1406372993686,1406435622203,1412120576524
BC25CBD6B75EEDC9906CB72893AAB33EE30DC89F,608,7,1405519409321,1405519804849,1412120576524
BC3959F1CEE93BD51FCC34FD534A0384EF51CC77,760,20,1405988596287,1405993020495,1412120576524
BC4BC6A2E9EE1D98B7AE6D71DA39551BBC48CCE1,400,2,1406160547728,1407202106942,1412120576524
BC4D5285F8DACB78F3793DDB06EB1483114CA000,5000,12,1405264164102,1405432269068,1412120576524
BC5320E029A0F7AA6817A81CA143F82DFBB0A7D8,760,30,1405466089096,1405467337723,1412120576524
BC5FA87A43C415A4212D7E806FAD69A40E4F00FD,40000,118,1405496808905,1407685816103,1412120576524
BC68216F255F1C47F51AEC0DC6F0987236FD94AA,760,25,1404885907065,1404930548101,1412120576524
BC7CC81C363CBFF0B6FA2E29C167283735161B11,400,1,1405200980984,1405200980984,1412120576524
BC8927CD10C3C939BA5D920FD441D2E6D7B58A48,440,2,1405616958243,1405616958243,1412120576524
BC8E08F30E7FE50D9BDD5256E7A96AEDD57CA269,2000,30,1405707084541,1405788763734,1412120576524
BC936BD3AAC4B48D5582AFA4606D5DA5EF98511B,400,1,1405401255677,1405401255677,1412120576524
BC9439FD07C0167851BEFF57F147B35C1A59BC60,5000,23,1405634280888,1409506721617,1412120576524
BC971C19DA982303BBB38F85582B5C2475156DB1,400,1,1404954469863,1404954469863,1412120576524
BC9D1B9EB2160EDDB052321E367F7DD208203DF8,2000,47,1405983908411,1406762483972,1412120576524
BC9F8AFF3A4E750B6543B2CF9CEA8BF0028EDD54,400,1,1405275114658,1405275114658,1412120576524
BCA21C5641233E267D4D53E7D6157B4179EC7D39,5000,25,1405354153577,1407776023301,1412120576524
BCA703288152DD55803634B959C415233BDB979B,608,12,1405609636336,1405610213200,1412120576524
BCC2767C2C0A5BAD17AA896EDE355221E3A31E01,400,1,1405580821744,1405580821744,1412120576524
BCD734A23028676D094D757855A159B534C67F63,760,22,1405796905163,1406318522371,1412120576524
BCE6B6471F5EBAADFBC3D3340DFBA7B1154C1A6A,2000,18,1405041668612,1405095948998,1412120576524
BCE766E13885C3337990D9706FC56DD0E8A32F1C,20000,32,1404862819822,1404950288542,1412120576524
BCF978D36DF45BD64FAA5033B47BB8E755025A11,488,6,1405840378335,1405933634756,1412120576524
BCFD7F8D9EFFC09103191906E1128D2CCBA76772,760,32,1405559027678,1405604876517,1412120576524
BD0A16527260A5E413268215CCC5414A861AA555,400,1,1404317984881,1404317984881,1412120576524
BD1538744A0F4EEEF30CE3116ECCD8CDC95301F2,608,18,1405385416337,1405460985764,1412120576524
BD1BE411C4E693192F6EDC22A12E11C215D7629C,20000,356,1405389292289,1406418260595,1412120576524
BD2B6CB367C4123CBD5FA3AD1B23930AB43A5529,488,8,1405349997148,1405350025784,1412120576524
BD405CDA7340D0E635F2044B1C472FE2E6D7AD7C,488,7,1404916387242,1404916400868,1412120576524
BD53E2F31858EE5996F63E088D76E618B4800281,400,1,1404956459430,1404956459430,1412120576524
BD58BF244A1CAD4C4E7AAA5D5316869B1D12842A,680,12,1405179686994,1405257838243,1412120576524
BD612C566B64E1E1E634BDD55091B74B06FE95DF,400,2,1406409666417,1406409666417,1412120576524
BD6DA0DDBE1AE6BFE15ED7C4485714F992C892B7,15000,49,1404877721619,1405704905628,1412120576524
BD79397A0E0F22AB3A4853D99E5E7A27EA64776C,544,13,1405661448918,1405663261934,1412120576524
BD7D1100E35A8B273D7B34DDBA4F17F6AFB9B199,400,2,1405559016696,1405559016696,1412120576524
BD8536DA1490D0A1A77392E9E3A20C1659E80F18,760,26,1405382446533,1405383578154,1412120576524
BD8774E13F99E69C6EB5EF233599AB5F2B62FEFB,2000,10,1405487890007,1405562023388,1412120576524
BD9905C8A02BA813975752F328513383E04B2FA0,5000,7,1405254035423,1405254592478,1412120576524
BDA0AF351C008EF3C2221D7CA88334D4CC888EEB,400,5,1405342661972,1405342748408,1412120576524
BDA18533C80D3DED7BE4A14BD78A26F9FA6689D4,400,2,1405727593438,1405752913554,1412120576524
BDAD21A5D7E38511DCDACF145C97A281879D2E6B,400,1,1405851363449,1405851363449,1412120576524
BDB242B17D56D1359FECDB2E89A0A4DCA76B9C23,15000,65,1406744380525,1406907540630,1412120576524
BDB86DFA8111030A2211946EE81B5131583E4286,544,9,1405492191992,1405657454799,1412120576524
BDB95D37294ED9AF39BDFBBF6F0794BE0CA887B5,2000,30,1406475495295,1406557047495,1412120576524
BDC43384D59EDCB6E6D5AF2688E302AE563A25A8,20000,86,1405907289146,1412078772469,1412120576524
BDD26FB4C02045F07575D681B173318907AE0160,2000,31,1406516751806,1406517588396,1412120576524
BDD4D319B4999E19963D29CD8BFDF03ADD8B0E7B,5000,51,1405199908026,1406214506526,1412120576524
BDDF5B9827F7EF156C7986F3ED0155DD518480F0,488,12,1406029514214,1406029833740,1412120576524
BDE0E10667AA7C3F015E7DEDEFEDBCD63DEB6091,5000,19,1405129336368,1405143339715,1412120576524
BDE5F4EF86F745935B7F37FA700730DA76F894D7,5000,24,1405710193031,1408135453958,1412120576524
BE003A9DF2262ACC06ADD5D924E60AC664B68A72,400,4,1405278637456,1405278787284,1412120576524
BE064844772E05C5B10AAE2CF029866F9DD8E9DE,760,12,1405380817053,1405380988046,1412120576524
BE128D0F49613331C0C37FB0ED7ADDF0C25F6E87,20000,103,1404966749484,1406936103489,1412120576524
BE1B07C84BB13E3E480C2A6E2618E6BAC26EFAA6,2000,38,1406384571707,1406410296033,1412120576524
BE1E3C7202C441D72020C893A45279902B924A5E,400,1,1405785753396,1405785753396,1412120576524
BE1E77CA909380311887EC84577686BA2E5A73E7,680,21,1406332377462,1406333097223,1412120576524
BE27FD37B2D40078CF58CD27D5C717254CD2A152,400,2,1405286064928,1405286064928,1412120576524
BE3510270B726BA1DEC1F7940CCFE3C2B6B9C3E1,760,17,1405113381472,1405113530481,1412120576524
BE422A310F08DB334B72E67C39F6B8E9FBAEFBE0,400,1,1405594240462,1405594240462,1412120576524
BE4314388E1686BB3B820471D3B1EF980E7A4EFF,400,1,1404947685855,1404947685855,1412120576524
BE44AC3465175EE0428ECF3D947DD047DB132896,5000,3,1406177251000,1406262583105,1412120576524
BE47E745A4C0F25FE463FF60FD0B21081D655F01,20000,73,1405519820384,1405888848094,1412120576524
BE4B3712DF4DF09AC341CFF6396D023D41BF7565,8000,42,1405310606802,1405739390268,1412120576524
BE4CEC0AAE63C1A29A187D51E1F303276BF0A734,1260,21,1404339420513,1404339940089,1412120576524
BE53320A1792CA87D5CDAE63981FCD65BCBAB18D,400,5,1406180087036,1406180087036,1412120576524
BE53BDD75DF3B52E89D637277914874259F555B8,2000,31,1405484151103,1407456859964,1412120576524
BE5DED9FB1D824213E95D056343BC3F9D22A001C,440,6,1405887482233,1405887495713,1412120576524
BE65D64BC14BB51C4192CB399F7C7F8ED221BEFB,440,4,1405606341358,1405606341358,1412120576524
BE6A1997A993A7746C5FE534C7DAF21FCA647767,400,1,1405148963294,1405148963294,1412120576524
BE7035B3956D2D2B890DBF93E22580B9CA1320A5,400,5,1405976036092,1405976064632,1412120576524
BE7488CB3AC66210BFC34792185EE76D7BFD4C7D,2000,7,1405563964666,1405564211119,1412120576524
BE7E4FFD01298B51EB9E09DCF20DB809FABA8394,760,26,1405486192132,1406945924207,1412120576524
BE89A9A79D172A0BDE139685CAA591288D87DDE8,488,8,1405040578676,1405040646050,1412120576524
BE8BAE6F3FFB9E1EC126DF52EFDF0CDDA31A0A74,488,3,1406620469906,1406620728872,1412120576524
BE910F00D63BFA600B2E7A5913889DF317ED1A06,2000,3,1404868244181,1404888717537,1412120576524
BE9A72E0D7C78209998D832852FD3B6896BF49AF,5000,23,1404954909097,1404999291361,1412120576524
BE9CB890E7BB1A98D39F2B656CF4E6283BC40B74,400,1,1405398418278,1405398418278,1412120576524
BEAF56CE248211C597A53B62B5EC52A089BC0A8A,760,23,1405106677789,1406934500018,1412120576524
BEB5D95CBD5F352C6B7EC2BEB514E16E93420D32,488,7,1405469849560,1405469857717,1412120576524
BEB5EBC9D68363B771BDD12EDC5BE8A56E2308C3,608,13,1405560028337,1405623367679,1412120576524
BEBF42FB5BB57D6B18EFF917F2F8CF4098F5A4C9,2000,4,1405677802731,1405716857434,1412120576524
BEC43B993C108514A9768F1EDE6D437D50886BB4,2000,37,1406125664447,1406247466359,1412120576524
BEC80915186946B738D92C1DBBD254B805E6A490,8000,59,1404963368545,1405189283167,1412120576524
BECB8404A69573D8914D3A8EF55938728736BCE0,20000,12,1406406204481,1406463222504,1412120576524
BECBE5D614C595514C7490114B9573BF713AE85C,5000,14,1405368600237,1405369042274,1412120576524
BED10E5002CD6F7C962E31505BEA8813F6B75466,5000,9,1406298321044,1406942734733,1412120576524
BEDA8951D38FC4FEFF43E0056211B76B4E4E6A04,5000,21,1405953865591,1405965215119,1412120576524
BEDD50B6C23F95F3159D2C3FA1AFB3E5AE7499B2,5000,86,1405448533923,1405449249013,1412120576524
BEDFECD0862C5A67E7B510BE810A1C913BBDCFC8,488,17,1404960015190,1404962525624,1412120576524
BEE2584CC2D3DD79F668374DD948E76EF145CE4C,5000,39,1405348425683,1405350815338,1412120576524
BEE9638290E03A18DBDB6237814B440C8388CBE7,608,9,1404956797855,1404957025867,1412120576524
BEEC884AADD49E988AB4B7EB0588D0C72AA3A119,760,21,1405038561816,1405216377920,1412120576524
BEED2124DA675B25EE0BBD2103C9D98AD94367B9,5000,33,1405317330271,1405913765679,1412120576524
BEF04B46FB5F8D0BDA0BCA6253F537037ECA1E82,15000,151,1405182472483,1405454143135,1412120576524
BEF48157E965E65288BB244CFCE3E2A5F14FA80A,5000,34,1405322313289,1405381459036,1412120576524
BEF61FF26DB9B320FBFC618525A4D277143049D9,5000,21,1405101028364,1405366706937,1412120576524
BEFE955D448B104261BC22928042D9CD00AC2967,680,10,1405969886003,1405970040309,1412120576524
BF03963CC78D27CB21E9A95D112550E1EAAFAF52,5000,4,1405527755588,1405557608725,1412120576524
BF0A306AAC4A17D7B43EEA2C42A11B3125C319F7,5000,34,1404879538135,1405069118676,1412120576524
BF169706C8807248919F86B86485A9EA32085CAB,5000,75,1405317992891,1405401054203,1412120576524
BF19FC8E156972771486985E32F0D515230D0FF4,2000,31,1405050339928,1405559161038,1412120576524
BF206CCB1DA56F1B7A5AAEDFCCC42EBFEFB4AA24,760,12,1405486055935,1405876713663,1412120576524
BF3A78F46C60FE920763467F598180A0F34B4436,400,1,1405302768053,1405302768053,1412120576524
BF539D3C2F27768BFF1B83A5FB0C78CD48771697,760,17,1406024167906,1406024979099,1412120576524
BF5CD301489CD13D4EB174066ECE3CB115C9DD59,400,1,1406214566153,1406214566153,1412120576524
BF5F88A4EC587A3D8243C05D2091B5ACC4B26B06,544,21,1406327023041,1406330591373,1412120576524
BF84A677816EB45018FCD43CA0D3100637313A97,15000,90,1406605346310,1406797267709,1412120576524
BF8F876064FEFDCE03B840AD92AE89824BD815AB,488,11,1405411022508,1405411202915,1412120576524
BF93F09BBDC1FAEC03C666A2D29B8BB904451E8E,5000,6,1404996342912,1404997027084,1412120576524
BF9B20132A15AD620F6D067D4C97EAF9E89F7D2B,70000,133,1405496822057,1407291576737,1412120576524
BF9BCCF7E5EFB117C825FC96277E8DECD755E941,40000,144,1405438143573,1409949319042,1412120576524
BFA0EF808F7906689E761317263416DED1C0D6A2,5000,45,1404892249684,1410882308551,1412120576524
BFA54CDD24B1031BA3C91F7F9488F8036E7780CC,544,13,1405280591018,1405280811982,1412120576524
BFB28178AE8506AF4910B433D1E30F31877FFD5A,2000,39,1404952377887,1406164884959,1412120576524
BFBBB5508FD3434AE7D927B1DD07E97B9C70EE19,20000,66,1405011970184,1408484374194,1412120576524
BFCCD0C8F7D19FCD40FA4640CD9213BB07C148F2,440,5,1404297724521,1404477984132,1412120576524
BFD3FBC76D43A3CFD4547E058C0716F8904A9C4E,2000,8,1405597177282,1406237759409,1412120576524
BFD4A684B2438269130BF373F24C2BDDE52F4138,5000,47,1406157347055,1406840772974,1412120576524
BFD544DDFEA687B3D8BD1BE46AA0A37884EF31B2,2000,38,1405360697973,1405364411955,1412120576524
BFD863225489392A5D4038B640A816CE880CD5CF,544,22,1406263948351,1406280637447,1412120576524
BFDBCED02C8B3797F7A797D225741B14527EACA7,400,1,1406027951561,1406027951561,1412120576524
BFE3B6C9544B9835109B91901F098544D755A9FF,2000,35,1405083485782,1405397422846,1412120576524
BFE6ED2EDE3BEFF2212186C110F910DE00E26FF0,5000,4,1405744502998,1405820882193,1412120576524
BFE7D302E7D30127B8F56552A90CD6A6CE9E1D96,400,3,1405395480533,1405485805168,1412120576524
BFE81F8308807B49D82F0462F6690984C30F171E,608,9,1405567410355,1405567607798,1412120576524
BFEC63DF7CF5400AD077F73FFF408D5927D09FC7,2000,50,1405912157692,1407340923051,1412120576524
BFF5126A97EEB6119079430DAACC28253FFFA832,15000,144,1405342891831,1405804236499,1412120576524
BFF90C93EF7D710C9AA8F80626B3A4DA06977F8A,2000,32,1406272586769,1406578287799,1412120576524
C001A641AE79AC554DDC58BF75DEF06B29CC3008,440,4,1405602045076,1405675895889,1412120576524
C0098C3082CA864FCFB4BDB191ACF41A49C066CD,488,13,1405059892288,1405060661062,1412120576524
C015361430B68E23D59AAEA686B34B4FC4E49E8D,680,23,1405522039168,1405543744632,1412120576524
C027F936BDEF776C60A2AA0FB4F626D8C2ED6F86,2000,28,1405281921694,1406520109006,1412120576524
C03B1B955CB8A85CFAE7EABAFEE12C653FC26248,5000,43,1405449632500,1409183863620,1412120576524
C03FF33EC33DA4454F7B3C8B7B8A19B2C81F67C8,488,14,1404866137438,1404866325410,1412120576524
C04272A46F98ECF3330D65DE933E93B45EBBDBC5,608,7,1405960033008,1405960056093,1412120576524
C0427829792115D23BB4ABEC514F073C48AE4451,400,1,1405485867946,1405485867946,1412120576524
C04FB8DD1FC36E14FD56A5DC96ACF180ACF6E035,680,11,1405046376624,1405046637655,1412120576524
C053EE6CDA7D44A96BF84F0976E738D354B85832,5000,44,1405300694265,1405538311402,1412120576524
C053F6A36C815F2DB267AC6FC70E6C7544A38514,400,1,1406334876813,1406334876813,1412120576524
C05A0269BEEA3FB95C08A59C2B98C2195D5A0869,400,1,1405985073403,1405985073403,1412120576524
C05FCC1085CEC0F6AFD786DB6DFBC099DC5EC4C6,5000,11,1405045130233,1405098394784,1412120576524
C05FF948021E2BE1544BFEA72252AF1E5B8B5325,680,19,1405045578950,1405106177517,1412120576524
C06F3706E5FA606A3316C10B9098E7F51D6B03AC,20000,38,1405572477837,1406234878376,1412120576524
C06FE859D51B2B85152FB41B97759DD6DF6B41E2,20000,83,1405119159823,1405643961161,1412120576524
C075BFA4ECAF667738F43E55C159476F76A2B50E,20000,36,1404951372176,1405467709083,1412120576524
C077B24B85753E3483BF9FB89D940762BD5E3CBC,2000,27,1405191142462,1405932333472,1412120576524
C07B3561D83A1384669136A86428496D512BB28E,400,4,1405737610306,1405737610306,1412120576524
C08081B504C53BEAFBB8241F2562D941632F8406,544,7,1405769529645,1405769539729,1412120576524
C086FA69C9474AEB4386AA335039722ED26EE5C5,440,7,1405138919381,1405138943256,1412120576524
C08E93AAC1306D25ECB8EF3C09FC865E30E6E0FC,760,31,1405328853212,1406373680790,1412120576524
C097150A456AD8E5CA225D71FDDEE010F8BC5DD1,5000,35,1406275047309,1407060417017,1412120576524
C099075367FB66464E2990F387FE925BD214D47D,2000,23,1405442965749,1405456327310,1412120576524
C09B557CC1D6265A6ACE87D8F197DA8D09FFF7AB,2000,34,1405265569955,1405309417234,1412120576524
C09C0C1BC468B85C18692BF3D3858836B1DB7FF1,5000,1,1405476080622,1405476080622,1412120576524
C0A824E6E476B5C354C693712747D2A404B82844,5000,2,1406349122426,1406429259793,1412120576524
C0A91D87990A113CD4C55E622E4F22F785F5C4D2,544,14,1405266131478,1405266827323,1412120576524
C0B3001AA0E10F9AD07821B3544620A610DB576F,400,1,1405126672076,1405126672076,1412120576524
C0B530D1CF01F10C9D2D85F205DD4FB427F01C9D,760,8,1406150632565,1406150637419,1412120576524
C0C1E7290892B2564C3DD318DDC1111CDD5903EA,440,11,1405043452606,1405109422686,1412120576524
C0C31EE599B08F9496467B185A0FB57174D1C9BA,2000,58,1406049333902,1406656772437,1412120576524
C0E255015267412F3752FC491241A691852DEC35,20000,31,1405246236757,1411140942058,1412120576524
C0EB488C4E28A49997DB0F8097090574A3E2E2AF,760,9,1405434212367,1405434310070,1412120576524
C0F0127892DCBBD1A465F276ACB373F5F9ADB79D,5000,14,1404956610450,1405104947676,1412120576524
C104E126E06FA493849196B159EF7CC382E5560A,2000,57,1405322406294,1405399968034,1412120576524
C13BB38C6A74629D8DD45331AADEA033BB3B0154,2000,55,1405583200122,1406266618988,1412120576524
C14443B4C04287FCCFFC909F037655F00200C871,400,1,1404749609952,1404749609952,1412120576524
C1555465C487CE365F4D8FAF711691A0E762A2C8,400,1,1405727877881,1405727877881,1412120576524
C155DA0C1B58468D6E176871CCD6D8DD48FDD4E3,2000,32,1405318285020,1407439079059,1412120576524
C15EB85A031DE2A655D1EA20BDB623D87644B2DB,680,6,1404307891591,1404307894763,1412120576524
C15F239EDE57CA62D112CC8EF52AA9B5E8454387,2000,30,1405156448386,1406339077258,1412120576524
C171A9EAF295A430A3A9B301154B29CFFEFBE805,608,12,1406008566380,1406054044170,1412120576524
C1751641FA81C52C829316BB65A3BA7866F8E506,400,6,1405391617934,1405397680159,1412120576524
C19B52B69C92FB88B8F4B07BDADE6763C28BF994,400,1,1410160910696,1410160910696,1412120576524
C19B62E78BB39C7F49B30E129E7B3AAA08A5714C,760,36,1404882943711,1404892569323,1412120576524
C1A50090BFBD6234DF9807B290322A63AFD6327B,5000,2,1406787901263,1406788231794,1412120576524
C1A762A237C63FF6AD002C50ABC3EEB03F4784AE,544,13,1405398840029,1405574598803,1412120576524
C1AC6646B32D6C9502A5568158F2E107606BC54C,400,1,1405388423093,1405388423093,1412120576524
C1B4A793C67D5010D29F089CE24C02720D11825F,760,18,1405750744275,1405750928366,1412120576524
C1B6D06A08B6D416B48169E3D554E34D6BFB82E6,760,36,1405343827584,1408237595822,1412120576524
C1BA950A3F5134B95E34DEC276FBD3F117448B3C,5000,25,1405058572472,1405182854834,1412120576524
C1C38AC2C013D84735F5D4616DDDE2C5435AA921,760,35,1404867325160,1404882967567,1412120576524
C1C5918896B2BF97C143C8636A6A95E7565F1741,15000,128,1404919795792,1406350914207,1412120576524
C1EDD6B9CA6280ABFD4F7B1E782AE08425EAF719,400,2,1405798207173,1406570862710,1412120576524
C1EFB3A7530C68DFDFDC8D30C6C9438318C70C78,544,8,1405626416776,1405626427216,1412120576524
C1FBB9ED1135A9B2AB58F388DCEF6330DE9396F8,2000,37,1405836026252,1405889496223,1412120576524
C2070F895FBEB17E8EBF7414E2B2C8FC2459F5EA,544,12,1405437944843,1405445416332,1412120576524
C20726FBA4A0A4035D4BCB7E13B742F3CA822043,608,22,1405348011396,1405353912291,1412120576524
C215614B9317C6389FAB0813E3BDEAE5C956C443,20000,49,1405046829160,1405389238948,1412120576524
C21CF243AA0C8B2054AB9E78B31882D3D4611756,400,4,1405031772275,1405031834861,1412120576524
C21F4F21CC295C0D0833F6BB94E2F61F1E25947A,400,1,1405254777448,1405254777448,1412120576524
C2339E6E67CDD8338127443AA99805B861C9F3F9,760,26,1406608705561,1406620088839,1412120576524
C2349146BE83FD00A385134B53C709D8631E0244,400,1,1411312442139,1411312442139,1412120576524
C23C72CFE627C4652CAC5E1D05B903D5F2F35893,760,13,1406392365468,1406532083194,1412120576524
C250628406D15E0A033BD4B2590696DCA5A2C612,400,1,1404915247259,1404915247259,1412120576524
C250C9A4678DA33A58400E3BB0EE271268D9C796,488,8,1410112032300,1410112251444,1412120576524
C256C608630018076AAD223F4770E88A43748A03,488,11,1405288101677,1405288287726,1412120576524
C2680E21DB72F3F006FF187B7014CEBA62EDE37C,15000,26,1405466364001,1405797368775,1412120576524
C268EB12F1793B405D1106D08AD72FC0AC9503C4,488,4,1406180101849,1406234097739,1412120576524
C26B23C5902C164F4973133993C93A28F3EE91FF,5000,34,1405088451145,1406074619055,1412120576524
C26C9213D8F3FF12CB581B7CD9356DB41B373E4E,760,17,1405808748900,1405809307724,1412120576524
C2783D460C4C90A92CB1E571A2896AF2FCB76C3D,400,1,1404897824967,1404897824967,1412120576524
C27DA251D3B3D0AD342514CC91BA1DC427C924A9,2000,39,1405096614294,1405147045792,1412120576524
C2874C10490F74FAB8F8A7026CCF56A29E6A588D,544,16,1405343401274,1407429649230,1412120576524
C288440E40AF70CD9412645A2B82F4F64A36F8A9,544,17,1406085408452,1406085693361,1412120576524
C2957618E5B5C3DC3B7329A6BECE0A4DB929B968,544,11,1404978920569,1404979019436,1412120576524
C2987756325B60F3A2E8E6C470102F2A30AA3F1E,400,1,1406743172344,1406743172344,1412120576524
C29B6942539104913365B951FD394AC912B3F890,400,1,1409492775111,1409492775111,1412120576524
C29CD511EB57EA3225C93CF0A3829C29D575E57C,544,18,1404417631954,1404418026340,1412120576524
C29F16F1326BCE368149D459D7ECFFA337F3E71D,2000,36,1404887595571,1405109311583,1412120576524
C2A22C4FF7691D029CB170A1503630EDD0B9D4A5,760,11,1405028613067,1405119207511,1412120576524
C2A359077118CA16627B4290185A3747575A101E,20000,60,1406233862613,1408229755456,1412120576524
C2A3DF1ACCEF4D2D12343FA36ADE9130D35A4453,680,11,1405664545273,1405983441087,1412120576524
C2B265695464B77900FDADE2F6F818CFF560CD3A,9500,95,1405788197515,1406019845735,1412120576524
C2B7AE826D0BFF1C849045E226E2419CEE18CEAB,5000,19,1405228387613,1405228795115,1412120576524
C2B8F32AABB8CA02D6763F52478DC20EB642B993,2000,34,1405304283660,1405468295323,1412120576524
C2B9E08CD9DE93F0AD2D92211C5F478BEEEAEEA1,5000,11,1405385021366,1405385465251,1412120576524
C2BC1B86FDF14D8A2FEB8FBC1006573727BF07C6,680,8,1405287436038,1405287557048,1412120576524
C2BF2ADF173CA3DDD47F863F179CB5D72BC7966B,2000,28,1404489877303,1404494888755,1412120576524
C2DB12788DAD18F0E6462B4F0C226F6DE634B6C7,5000,58,1404876605722,1405051994285,1412120576524
C2DF9EFC29BE3939D32B59B76EE9E3FBF7FEC195,400,1,1405560024203,1405560024203,1412120576524
C2E582D595E3295491628585770F613C6EF6EF0F,760,21,1405640287243,1405936410630,1412120576524
C2F09B3D2C7F2800919AB51EBAE810D2051AFB07,760,19,1405545415107,1405741799698,1412120576524
C2FBC3E33773C48E4299CE35C9A1833531277678,40000,154,1405448140042,1407293150791,1412120576524
C2FF279468DE77D045FA33A8648A4DD85C2DB43D,2000,25,1405234820794,1405235771956,1412120576524
C303E9F5DFEDEE5085B18738F3B38B22AEA7D1DB,760,22,1405264629525,1405265798470,1412120576524
C31F6B3B604EAE611C2FCFE29D9B83DF3A677CF1,5000,32,1405844848887,1405865952259,1412120576524
C32787ADEAD0CC5ECDCBB33477C4E92DDC3A35A1,400,2,1406690823527,1406690823527,1412120576524
C32C7A2D7E9EAF1C2AE3420CADD40EA2D39DB989,5000,5,1405386988801,1405394759656,1412120576524
C32CD7719BE1CE0B6C4752462E894363B07C8F9B,5000,31,1405837390242,1405924566375,1412120576524
C32CF10C86DC39545731D7F31D0470EB8808683B,5000,12,1405416956107,1405466053338,1412120576524
C33612CEABF8339378FA9085564D8F8B4E0375E6,488,10,1405982224399,1405982242831,1412120576524
C337B77860DF798CD482D7D16A66A2D80F8CB71E,544,15,1404961357515,1404971254893,1412120576524
C33CE3046A85636BFAA2C7DE11C0D23EC263260F,760,9,1404973621477,1404973637062,1412120576524
C33DB7EF7ACB51A680A8AD72CE8C577F79809387,440,6,1406713949349,1406713964335,1412120576524
C3462FD1E52649D1E8961A71564EFDC4EC0A8BBD,5000,32,1404960916618,1405106553836,1412120576524
C3742DE47826236689FB8C528ED167089EEAC806,2000,20,1405400138807,1405993536948,1412120576524
C384B0349F557B318951BFAAC586AE248E702AF8,760,7,1404697507322,1404697515417,1412120576524
C38B0D85019CE06AF9740E92A83EFB3BD849B101,400,3,1406749779932,1406749964167,1412120576524
C3958C09236899B91E44C2933DAC796946769792,608,9,1406682692560,1406682880579,1412120576524
C39647B0B6A5846868E3BAE074F5A283A6A24EB4,2000,44,1405046566435,1405261839989,1412120576524
C39F97DFA39C1D01B5FE99163E006760E07B66F6,9500,76,1405856405533,1405934678926,1412120576524
C3A0D83E7579B8350B8BE5823CB7337C4B0E4E7F,400,1,1405975420114,1405975420114,1412120576524
C3A5FB5C66948C79B5E0ECAE32EF43CE2BD693BF,2000,35,1405368332905,1405978331185,1412120576524
C3B2B6593E4582F2D22B079CC46A50015C741115,400,1,1411402492918,1411402492918,1412120576524
C3B6A4FC314404DEEB500A55B8B0BBABCDAD7E91,400,2,1406079691699,1406079691699,1412120576524
C3B940CAF737037150A71FD0F779A585FC8F5AED,760,35,1404988551500,1404989886001,1412120576524
C3C90F7B69B150668B61DEAFE2440124F6A327AB,440,8,1405201602966,1405201620792,1412120576524
C3D983EB7C7C8869B79D082A0691262B060964CD,400,3,1405562860237,1405608343712,1412120576524
C3E59C669D5FCC51D46BC7E394DF742AC3A53148,440,6,1405015792117,1405016170966,1412120576524
C3EFBD938103E60C53788986C2D711C0D123C332,544,14,1404913140704,1409106397960,1412120576524
C3F58A7F71B63F87D4A6F5EF68ED113C4ACF935E,5000,40,1405648013741,1408540566833,1412120576524
C41A05834B574B7A2ADCD4F9F804A82675B9C956,8000,29,1405022996573,1406303837514,1412120576524
C436CB5B9D0BC32CDCE3CB439236507C04B26434,5000,12,1405037993375,1405039026613,1412120576524
C43B03390919547A249E6F7B44E516E29F6435D0,488,10,1406133029147,1406133285204,1412120576524
C44734AC53F03E56492C948B4E32472A72EBA9BB,760,21,1404520097179,1404520400475,1412120576524
C4484F3E6686C2087B943579529EBBEAECEE0D1A,400,1,1406061363781,1406061363781,1412120576524
C449E54EA110AB0BA503DD75A789A9FE5C978F12,760,26,1406034890338,1406093799111,1412120576524
C45B7865AA48A704FC8EDBFE56FC8DDC8ABA30B0,760,8,1406011123348,1406011220870,1412120576524
C45EBB7C727222E7CF0118D7544FA22A0676BE50,5000,24,1405040799027,1405044396991,1412120576524
C464A7D8DDC24FA83263C6B9037B13C66015B353,440,14,1405696004267,1405696288734,1412120576524
C46FFACBF5D5B4152FD08C8099E452FF01F7A8C1,70000,154,1405315117272,1406235153326,1412120576524
C47EE6B57F5B48F90AD487B80C6C9A14209F6BD5,9500,59,1405388270776,1405436799369,1412120576524
C4855FE8839A7340822AD1CE69669E58CD98674C,400,1,1405899289755,1405899289755,1412120576524
C4918DC9A475A099AF4C8FCEE95B6ED874D0E2A7,15000,83,1405345375756,1405753312971,1412120576524
C4A100927F53C09791961E7915505B9F022E6EEB,5000,63,1405482299301,1406082855879,1412120576524
C4A127DB6A2403E5A8E2B5CE95210FD2A545CE9E,488,3,1405383767869,1405383767869,1412120576524
C4A1BFC3477FBCCA845172613CDEAED94F988E03,2000,45,1406691012410,1407002305408,1412120576524
C4A2F3C54EAB13FC9B31B919D6F377F348B090AC,760,18,1405483818553,1405485201316,1412120576524
C4A3130AC5A99F692B8F6D4EB9CEA4167CC32B27,5000,26,1404794292496,1404808526119,1412120576524
C4A8E8AA9D359DE41B13A3A696EFC737C7BC0AED,400,1,1405326892030,1405326892030,1412120576524
C4AD9EDC586048ABBDAE4F00001BCAD08464C9A4,440,9,1406125794277,1406126335803,1412120576524
C4B4D918320DD7E31C893C9582D47B40EAFE0540,608,10,1405278454671,1405278519072,1412120576524
C4B6561B2554DB594C7B91030309267EFAAC5636,400,4,1405479083955,1405479083955,1412120576524
C4B6D4C91A9C4A3FCFBD944E8730B681E2BF120F,80000,393,1405200934821,1412045520880,1412120576524
C4C01C6B1F54A65FC22BA5676F4C015533121665,400,3,1405823746717,1405823976997,1412120576524
C4C365F9DA5868A049945427CF0221C86DE772E0,680,7,1404595235867,1404595240278,1412120576524
C4C98AC8FEC1B15CD93E5B2143932E0DC80CC41E,440,7,1406353322787,1406353486037,1412120576524
C4C9AFDCB7944616C69327A521336593836DE7E1,400,1,1405384841561,1405384841561,1412120576524
C4D704EBB376825C18A7393C360D795B1875CD3F,544,16,1405862579309,1405862996855,1412120576524
C4D7E70F6963F30427DA05C621B2BD0B93A5632D,5000,10,1405268724177,1405305605594,1412120576524
C4E129B358427E020A1A0C8DFE448CAC2E67A70C,608,7,1405715451731,1405715469040,1412120576524
C4E29E6E18D1486058B92BBD8160D8B02E5AF4E3,2000,30,1406281421437,1406618787827,1412120576524
C4E7A5303E2E2BE229EFCD19A378604364B13D97,5000,22,1405545091805,1406276879506,1412120576524
C4EA75BF9BED2F7618F6C59BF17AE004848FA7ED,5000,10,1404956157476,1406303297376,1412120576524
C4F76F271E356ACB4EEDD6EBA8303F4F70EF9EAC,760,9,1404873799340,1404874543648,1412120576524
C4FF799055AD198FCFC63093EF8DD06B265F07E3,488,9,1406216701996,1406216831916,1412120576524
C5035F8621B9658C14AE45102EBF346D5E27EF11,5000,27,1404892777812,1404899961470,1412120576524
C50B32A86668B7DBE389FC1BF489D09994E9FAF4,2000,32,1404950091461,1405123648085,1412120576524
C5140BE0A47048B1144679222E965A1D52CD21BE,400,3,1405243827594,1405243947984,1412120576524
C5193CD9CC4D90DBDBD73A68F31DAE885DB8D159,760,18,1405219826668,1405257036758,1412120576524
C519E6450B8B83E9F72356821B4676D3804CAD22,2000,32,1406096599167,1406696763660,1412120576524
C51A1EDD99564B8D490809C4418CCA316C8DD96C,400,1,1406429530879,1406429530879,1412120576524
C51FD2669EBFAA7BA93DB9ED6E64FB375DA24829,440,4,1405637320416,1405637768299,1412120576524
C52724F201A21EA4BF62359D7153EF8A5C5EDC96,400,1,1405032816814,1405032816814,1412120576524
C541C35728AFB866EB157A7B9072F2DA4A27A25F,750,2,1405492951458,1405493378899,1412120576524
C54F0275E6023CA0A43E82ECDCD142DBB1A586B5,400,5,1406004504348,1406004504348,1412120576524
C55255CBAED8F2ED71C07ADAD9B89C85C10812D3,680,6,1404978625179,1404978634092,1412120576524
C552C702A646C6928DDCB4C9D70004F6E9129111,400,2,1406169120071,1406169120071,1412120576524
C5626075E9DF6620D142B8F228A0E84639883803,400,1,1405826668153,1405826668153,1412120576524
C56627B2401A6026FB537FD49F9E6A9EDE2A7CDE,440,3,1405467438697,1405467438697,1412120576524
C56C0D93DB4891A9D1491F7FC40BA6F220929E58,400,4,1405557213464,1405557213464,1412120576524
C56CA15A6259E392C3F012B635189443C9BF8E1E,488,3,1406110555710,1406110555710,1412120576524
C5724191AE7A480A8EE0D33F88F818FFA5B1E694,488,10,1405193313858,1405193396135,1412120576524
C57673332C6E978B6A83DD67B48A674BB297C262,20000,129,1406019070005,1406191335881,1412120576524
C57887FCFFC16C37ABF560429F2932A9A00CDBA7,5000,18,1405024805050,1405112056524,1412120576524
C578DB3EC98AD6056D4E9804C5E342FB9000D810,544,12,1405447490354,1405447731184,1412120576524
C578DDBDFAFE2ADB1D84526A3B209282A3DC7387,680,15,1405796825144,1405797212145,1412120576524
C57B5981C7F44E816387AC9E56686C6074ED4E33,608,5,1405544223902,1405544267685,1412120576524
C57D6BE04CCE34115BCFB5652FBF439A99EA67CD,400,1,1406368592391,1406368592391,1412120576524
C581E84F85E59A1793A93C69CF52DCBCD4824B07,400,1,1405878878027,1405878878027,1412120576524
C5845874F55CFCA6BF076935A88F0F5D7E59499B,680,17,1405045324616,1405182430907,1412120576524
C5863740D6061E5B946A20D3114A9C65F29AFF70,488,15,1405324402936,1405331162909,1412120576524
C58823576EBF4A0021B136784AF518953ABD79CB,15000,83,1405435147910,1406219909564,1412120576524
C58903550A134BC483931DCBB1FCB56AD2C84AF4,2000,39,1404878313943,1405882462183,1412120576524
C590EAB4B414A22E143FA29E128ADD4027311433,15000,74,1405371934389,1407374154917,1412120576524
C5AB5BFB030B595A395F1C0903F7763BFB9A345B,400,1,1404298157298,1404298157298,1412120576524
C5AC3AEE9DA324194FEF1665E9214D78A6618D43,400,2,1406500122419,1406500270986,1412120576524
C5AE8E8DE7188015C1DFB71BFA77C977090A040F,760,11,1406485848676,1406486076436,1412120576524
C5B16F8158F7265295805EC940D4322522BB5B03,2000,24,1405219471170,1405227211580,1412120576524
C5B8E70E407A2D54E38B11667C12870D78568B9F,5000,20,1405872771979,1405873721325,1412120576524
C5B96BD209C0B47099CC284846B9AAC45A823B93,5000,10,1405211866473,1405212802563,1412120576524
C5BD41294FA05401979B23BBC3F256D7B2E101CD,36000,100,1405234435401,1406762618196,1412120576524
C5BF90BCEBCA7752BD93555496F5B9BDA7E57C43,400,3,1405877754428,1405878261931,1412120576524
C5C2429BE0A0EC076AE7B199F1FE34BF1EA6D3AF,400,1,1406259316600,1406259316600,1412120576524
C5E10E89C93B3F175EBAB001B2D78EB1D2C212F8,400,1,1407135170626,1407135170626,1412120576524
C5ECE931D08FCD5825AFD2A3222AEB19F9FB277F,400,1,1406343959048,1406343959048,1412120576524
C600AE030A897D0033165DC0F1BE5632D82ED4EE,5000,23,1405437448629,1405496345088,1412120576524
C61B69CAA7A4FA8B108CF637397EC1AAE74DB271,488,10,1405436031812,1405436171125,1412120576524
C61F414565A9160C326F80337B98AAE299ED98F4,488,15,1406157431097,1406157669627,1412120576524
C628121E301AE707083DC20E1346236C520E5E4F,5000,44,1404874292576,1406931496466,1412120576524
C62BD0AC9F6F9E04A98232D62E67DAFF6C50B9B0,400,2,1405301428237,1405301693867,1412120576524
C642566EFC8A07CB6E8EF1F953FC66845BF7E9F5,2310,79,1405208885964,1405642027012,1412120576524
C647A639EC04A4507DF0E9FF9EFCA763ED73E4C8,608,6,1405487635421,1405488076646,1412120576524
C64E1ABD664024CAE069039D5074CB195219CC41,40000,154,1405168198238,1406101227193,1412120576524
C652E0DB34AF474C2B8EF8624CBDC0EAAF2AD8F7,400,1,1404956313365,1404956313365,1412120576524
C6541C49A954B1D218DE486BDC7C6DDEA43047A6,5000,56,1405951663197,1406401982759,1412120576524
C65D57FF8C1AFD5C487802D7A5EFFCE621D5FA8D,5000,41,1405550889406,1405863358275,1412120576524
C66041C44135E201C8672AF4FCB142DFC5B5156E,36000,169,1404878217169,1405319563106,1412120576524
C66242F533C4B1F889D2BE87DD0776152F1F8115,5000,9,1405479357308,1405480291438,1412120576524
C6668BE83B92D0E831F14242D8FB11D2FE70052B,5000,27,1404695092939,1404791068301,1412120576524
C6790322F162C48E9781C2B65A6132BB8C751170,760,20,1405884523472,1405963622517,1412120576524
C67F591F43AA45C89B0B8AB1B18208FD53042DEF,544,10,1406342970851,1406345242689,1412120576524
C690C0A484AE9C209BC901B46723BE09534745BE,400,1,1404866782111,1404866782111,1412120576524
C6A1BDB82DB3FC68C22A40AF88F933AD6C387A3D,15000,66,1405930005951,1406462942327,1412120576524
C6A72BC128CF6F621A897D3EE0ADFEA86130E9CF,608,11,1405832115886,1405832338229,1412120576524
C6BCA911A6468E5C93255BD249D78304E5A0D939,400,2,1405590321913,1405604573457,1412120576524
C6BD03FD19DF5CCDF5B82730B4CFA90166B82755,5000,10,1405618036996,1405899564357,1412120576524
C6C55E0AAC8A48780C9D80A20F480623FED62431,2000,38,1405302840386,1406652690001,1412120576524
C6C663B6C327BFBBFA5F7E6E32DD937E7BFD5506,5000,14,1405475657818,1405476932708,1412120576524
C6C6C56A16C0FC6932F548398FBE3977BEF3D7DD,760,32,1404718053069,1404718874094,1412120576524
C6C8D130E8E3AAD8E7C2EA8B1CDC6CC4B2F7A310,2000,73,1405051164534,1405130269901,1412120576524
C6CA90A79C2D94C8AD87113FED2BD0A03747058B,440,7,1404934088445,1404934108175,1412120576524
C6CCB171F16B7E7107B142950FC065B69814623C,680,11,1405656505902,1405656538498,1412120576524
C6CF594268B610ACAD91CBB8ADD62B5B8B16B801,760,15,1405109371742,1405109684771,1412120576524
C6D1C85D476B68D3A51DA04A2734B9706E61610E,5000,17,1405689318601,1405935862307,1412120576524
C6F7418D7D581D2AD164DAA01E178E04819CC7A8,760,7,1405589837799,1405731272482,1412120576524
C6FB96F5BCBC54FC404349BD6DDACDFD04E83248,400,2,1405455727501,1405528669501,1412120576524
C6FE85855802BCAE875FB753725A22AE5C93B6B1,544,14,1405390357626,1405390704842,1412120576524
C6FEAE0CF082D62CC83C7BC96AF2F104C8CBB878,488,7,1405231448815,1405231666098,1412120576524
C7087A9D6543C4EDBBF69576A52088B3008DFFFD,440,8,1406105294013,1406105353655,1412120576524
C713A408EF002C92391B46B4803439660FDED0FD,680,8,1405632321131,1405900668448,1412120576524
C7155A1B96B1714F839A200363500BD8AD51B8E8,488,13,1405598520011,1406883839860,1412120576524
C716B6207D1822951779117BFB6F8CEEC9658C82,680,6,1405518852460,1405518860199,1412120576524
C7170D97D95357CEEAB63BBE079BD9871A055152,400,2,1404971950637,1404972106811,1412120576524
C7252D22F115C087F5F4994B0586871D5B8B3DC6,760,9,1405787477057,1405906303781,1412120576524
C732635117A135F7581C8B042003128D2D0C0DBB,400,1,1406379015171,1406379015171,1412120576524
C73FBB98E64A039BB14CC00EE828C88763EDE311,488,9,1404623001601,1404623016081,1412120576524
C746AF6F6C5CE175DD16906613E5C90ED008166C,760,10,1405469990195,1405470535654,1412120576524
C74ADA5538376930D0F97A6B54F8232A74E65009,2000,25,1405877184909,1405987396470,1412120576524
C758BD0F8AF7A9564A97C54F76AD708A3BA56580,488,15,1405732856435,1405733058857,1412120576524
C75F701446CFFE9829DBD0234B00934F55564C90,760,14,1405476798720,1405640073218,1412120576524
C764E3AB6F379087712CB1FE7CCB2FD3902B249E,400,1,1404743318821,1404743318821,1412120576524
C78399D83080E84D1D3638E91E72077C234F8F93,400,2,1405011282446,1405435281341,1412120576524
C7922B4DD10E076E9A566F855F9044047D118EC9,2000,48,1405308428894,1405718767144,1412120576524
C7A2FE0C0AC92C70F90B4CDCA0AE2B16BCE98F0A,5000,2,1405562225620,1405715534078,1412120576524
C7A3633535EC6DB2776EFFDD78C137E462149C8B,400,1,1405300146961,1405300146961,1412120576524
C7A98AD4A32B06CF155B4801A5FF1F64ADC98782,2000,39,1406732447502,1406936136472,1412120576524
C7B2B3D9857681ADD6BDCB3965822FE20E7950C3,400,1,1405302744220,1405302744220,1412120576524
C7C357B91396C698C18049D2CC1AF34BFABDD20B,400,5,1405970150231,1405970252013,1412120576524
C7DDD4DD0517903E53F1F3D3E913BBDB8770BD1E,2000,25,1405302915239,1405303792763,1412120576524
C7FFAE895F97FC3DD7685B6F4C7233AD36059748,5000,18,1404966440568,1405095604243,1412120576524
C80CB6F8CD252C15A46446632DB80B412011D0A0,400,1,1407634712989,1407634712989,1412120576524
C80E2F5EA8DA30AC8AEA1C02BCDCF88BBD47FCA0,15000,68,1405392862552,1407117277148,1412120576524
C81CE48F9981D6A65EBFE629E4FBD74645E5CE51,544,15,1405045391731,1405045488275,1412120576524
C81D3BB0B6E9F9BDBD6BB852B5B5320C7F2944EC,2000,34,1405468179348,1405469915947,1412120576524
C81D9B78B7BE9A5C88EB1E292810336D4B991DFA,400,1,1406075082823,1406075082823,1412120576524
C81F38FE0C754922F3844C3668F42D5834769AB5,400,3,1405971397406,1406181033561,1412120576524
C8200F761908DDE2E66DDE2E3AC47E894E299D75,440,8,1405262380222,1405262402676,1412120576524
C8220FF33C5E44BD230ACE2E90271C36F9DC3D82,5000,29,1404962978830,1405149292087,1412120576524
C8288EC866D5C462A2042BCEFA2A2DB55842D5BF,5000,16,1405353592302,1405431565527,1412120576524
C828BD91D6FB72B9EF16CE9F1D1913EE8FDF4D11,488,11,1404393687023,1404393919908,1412120576524
C830E819AD5A9F069EAD31CECA7F4AE3E8BBB7AB,2000,30,1405547896728,1405679440080,1412120576524
C83B30A4C5FD8FEAF9FAD2C5884509DB79085303,20000,94,1405446677861,1407976194571,1412120576524
C83D00CFBC1AECD7A05BAAD79C5F7D45789CD9B6,440,10,1405285296949,1405285351850,1412120576524
C843E53F1D57D13C98B8F3821E7B0A3EC968C61F,750,7,1405135665711,1405135930456,1412120576524
C84593A1C8320C72E35D634ABA38AA96E8045D90,440,8,1405648586779,1405648610943,1412120576524
C84ADEC66D35B10930DD2A9271A532FF368CACED,15000,80,1405552563525,1406592469218,1412120576524
C8549828E3BE61CBECFA7ADF5B92080CA6562CA7,610,14,1405409643335,1405520081762,1412120576524
C85675FC94CC14C7C5219F89D5BCB95FF1715432,40000,176,1404937348466,1410497193316,1412120576524
C865DC74263BF1A6593E9EFC5A1BD7BFA667B885,440,2,1406481627211,1406481957604,1412120576524
C86B105748C47E7A14D0D1F31E6731B0F0097288,400,1,1406419917788,1406419917788,1412120576524
C86CE062D0416E441673B0DC0ABA08246A9F66B0,760,20,1405233089973,1405399030773,1412120576524
C870A54645DA2D629BFCD1E436918CA37281E5AB,2000,20,1404993512389,1404994496741,1412120576524
C888FDE7EC581AE0BEC0426605964DD49BDE5911,680,9,1404966679840,1404966907600,1412120576524
C8988E8C6F307F207B643B9C91138E1AF84BDD6F,400,4,1405875018214,1405875018214,1412120576524
C89B142782A14B887D9F5625BA1466B5F9EB82FB,5000,12,1406293515473,1406296593952,1412120576524
C89DE4695C22C0390EE9342962270E2743A556B6,5000,23,1404992736512,1405080385112,1412120576524
C8B4D425C68BE0EA7A39A6FB73DBB846DFB6FD3E,8000,20,1405042056625,1405334678427,1412120576524
C8B58C23D5178AE53234D776897BDE3FE5C56269,20000,134,1404341291304,1407172744009,1412120576524
C8BF750F864E94D177EE4878989896B9CE09BF05,8000,8,1405222155670,1405223076591,1412120576524
C8BF75CDB43CD2FB5F31F7157318065B6C095E58,544,12,1405805130351,1405805160079,1412120576524
C8CA8B129264358E64304C1EDC1DD4276DE0228E,400,1,1405568684172,1405568684172,1412120576524
C8D4EAFDBBDE0441A7727704CF9B8FD0FF397B4F,5000,20,1404876430343,1404878305755,1412120576524
C8E6756FA56DDFE46894D9794201D8B919E9B0A1,440,8,1405434008517,1405434021915,1412120576524
C8EC08B80F3CAEF2E8CB73F5E39C608F97D2C19B,2000,10,1406413113448,1406413874361,1412120576524
C8F34422F2F2C98AA36685F88225D65554EC1F26,2000,23,1406319191500,1406320185567,1412120576524
C8FDD2F2264CBC0C5DACBED23A508EB460F90C78,2000,7,1405396387014,1409448678839,1412120576524
C912C5662EEB9AC465E3F363E6603156867CD116,760,27,1405053015187,1406260068787,1412120576524
C91CBCBD9F3E55AF21475F412152DCE93B586FCB,400,3,1405522264574,1405529319877,1412120576524
C91E784E1504F928B1EDB5D3CCC6E5749F383CA9,400,1,1406086902935,1406086902935,1412120576524
C92585C97C547BE4B20AF069BCB8CBAE1C3FCE4C,400,1,1405411043390,1405411043390,1412120576524
C92B1B6B3E9B27EFB6FA6A5B6813EE004CCF0314,40000,102,1404937509927,1411332725754,1412120576524
C93C7DE2A04BB1400E0A95587200305E3CA2A879,5000,3,1406443015661,1406443447228,1412120576524
C948E38F0533B471AF80F98C02BEAFE9F7A2F0BE,760,23,1405736143257,1405736805862,1412120576524
C957553810BAAEFC1A6BCE73996C23FCACBE3389,488,7,1405800957423,1405800976305,1412120576524
C959B74A4A6A4250F456F9B2B0A42A3F52538835,2000,55,1405327471462,1407485291390,1412120576524
C9633FD1443236C2A3D0A680A62DA78D3F1FD380,488,10,1405388804016,1405388824112,1412120576524
C96B24A03CB4FD47D42F7E7C50BCBB84E802DB5E,40000,50,1407250334015,1412071081920,1412120576524
C96FD464D69FF7195A410B3B9BDCB5FB6623950E,760,9,1405476074633,1405476666754,1412120576524
C9716CA92EEE32BE6489F3D2770B9765160A4695,5000,20,1405531159585,1406645431641,1412120576524
C976BC2BB190901AF2C3B81862E7335BE85CB452,20000,75,1405385540491,1406980500859,1412120576524
C977DFFAFDAD176B5E5CDFD66A49C8B95E176FD1,488,13,1405592771223,1405593260045,1412120576524
C9842653656A0B62AFC5695B81630AA26953CDB4,2000,18,1404920364349,1404938094714,1412120576524
C98BC53DD161CB5AFB6EB54E75F7E34718FBE1C6,5000,20,1405096083484,1405360640070,1412120576524
C994597F3D2BDF5EA7880C89A6D41FAAE91C09DA,8000,49,1404871751613,1408210260712,1412120576524
C99D8366795E54438C6CCC9751A296A5172BF2F3,488,6,1405530332723,1405530342657,1412120576524
C9A086A600E613ABDFC0D14851200E5E5B68F8F1,400,1,1405118928761,1405118928761,1412120576524
C9A3C18516E7F5A5F20C6BA3268176BD01BE892D,440,6,1405198297108,1405198300293,1412120576524
C9A5D07A5AFAF12AB2F3A447D53184D2F0AE6CB1,5000,31,1405193313217,1405734962794,1412120576524
C9AC6126A6C5DC50F9AF106E8A1617FF64C0D240,8000,32,1405141095330,1405279592431,1412120576524
C9B0A4192325E864236F64E54C0B226F2FAC8816,608,18,1404962180924,1405100363523,1412120576524
C9B528C49C1C84C1D3CED76180767CEF855D44F8,400,6,1405990678655,1405990832192,1412120576524
C9BECD8BE3EB8FD22875FB9B68B599D81AEB4F36,2000,6,1406298262703,1406477525335,1412120576524
C9C2E3788C2EF25121D3E450F52CDBEB5DB7DE74,608,11,1404578698213,1405100705221,1412120576524
C9D8CBF2182BF3384158AD73D1A889BB34A679E2,400,1,1405488753468,1405488753468,1412120576524
C9E5392C26EEBFB5010486AE9AD4AD9899D31DB6,760,30,1406215724876,1410147274456,1412120576524
C9E87741B42F935849CAF7751BC88321CD8D8C9E,680,7,1404962750944,1404962799016,1412120576524
C9ECC6C6CE5FB55E3987D37967C865FE15C6A1CA,400,1,1405317457338,1405317457338,1412120576524
C9F096D9559DE637F31AB54E6C6FED9A9482F221,760,23,1405934024684,1406615089270,1412120576524
C9F91C86462CD3E7B585CC6824122F2524EB273E,400,3,1405808730488,1405895336551,1412120576524
CA056A5B8757A40B32C01C35AA5B580AF259D71C,400,2,1405386705641,1405386705641,1412120576524
CA13D2EFE0E69E01665FCA01C7573D9B4361C165,5000,28,1406145822420,1406543952524,1412120576524
CA1525C7A74A50BAE9753A0BC218002A20BE17AD,760,13,1405359391359,1405359983350,1412120576524
CA1A8F1C0AAC1D5BFFBEA3B9DBA568B2F340F8D7,5000,36,1405986762498,1406064259882,1412120576524
CA1AB8B39F86C0226B02DD01032F78C7382CA626,760,19,1406358646302,1406362383124,1412120576524
CA2C7FBFC4D92979917B3F2367761BB0DE8F636B,5000,61,1405271727601,1406685434210,1412120576524
CA2D79E6FB11710483E06390E0CAD582A0AA8A48,400,1,1405182762691,1405182762691,1412120576524
CA330EA41675A3F72346CF269F6B51294CC53D2E,760,15,1405135033587,1407476966647,1412120576524
CA3DC92060389E78522F1D1004B35B1645FB71BA,488,9,1405367010274,1405367055450,1412120576524
CA4E21263CDE258915F5E6F3FB6737144B0D7DBF,760,16,1405486103720,1405823519563,1412120576524
CA53C142D955A27CEF2E3653EAEADC79048A0ED1,2000,28,1405079088310,1405080360659,1412120576524
CA5A5EFC5E763E41B6A2B13CA971513B79570731,608,15,1405331596074,1405331999531,1412120576524
CA5DC09CECDD3E8DA61F0C274365F382C3AD3877,5000,70,1405128359461,1406134424709,1412120576524
CA5EDE8A019D0FBF695B84BAE7CEA6EC584DC72B,760,17,1405075642770,1405076110563,1412120576524
CA5FB0AA8DF74A1E555A938C6F52EB9C16E8CA92,400,1,1406268602325,1406268602325,1412120576524
CA7FA9A9E635134E3B5A6076BB1250D0B3A9B30F,760,20,1405200052706,1405200555999,1412120576524
CA89F74A00DA4F433F207EAEFAB56A680C3EA082,5000,30,1405635230520,1405639690283,1412120576524
CA9B14216559C10F2CAF8EE79DE7C72455565322,5000,27,1405047592552,1405544748940,1412120576524
CA9F8DC8509B9A506052EA0FA004C786EC2F89F9,400,1,1405981324091,1405981324091,1412120576524
CAA7A811EEEA704413BAA6AC47E250A6972F6EE3,2000,35,1405581796375,1405916418946,1412120576524
CAB875C1777B2D3A65902FA94E640497BF0AC6AB,488,6,1405476007898,1406073486802,1412120576524
CABCC53B619A1A7B002F951F9981E16EA9EF4CFF,760,15,1405922838829,1405922965674,1412120576524
CAC0903FCEAC70E0A178DCC1D984EA4E4DB2FD00,400,4,1406528444786,1406528444786,1412120576524
CAC22D5123A6220DFE2C222EEF621A079382B1AA,70000,108,1405231531085,1406447315608,1412120576524
CAC4228A8E9D99B43BE43FB069464C580B071931,5000,28,1405121914856,1405225584045,1412120576524
CAC57949A559FF0376CB01A5EFD7C0680A7D6997,760,18,1406082769043,1406083270810,1412120576524
CACA27C8218D714DEBE2F3EA9EC9CCCB38025D3E,760,8,1406830545494,1406830630513,1412120576524
CAD6E3548C95D0B629EBBE46E535C7B9B2C6E560,440,2,1406034099075,1406034099075,1412120576524
CADA024B2BB90E9F4F2E885BF5AE393557B39DAA,608,5,1405608001049,1405608001049,1412120576524
CADEE663AA73D37E90F08B0B679E77C9DFED22D4,680,8,1405433283365,1405433456329,1412120576524
CADFB0EE80A935C85E0062A6B658866C422AB6B0,400,1,1405470873992,1405470873992,1412120576524
CAE55991E5DF3623529968D59FF9DF5585026B2D,2000,35,1405302805125,1405389381641,1412120576524
CAE61A389AF283DEA22CE8CC876849EAC20A9096,760,9,1406270225094,1406270399336,1412120576524
CB05ABF6D21766DCE2D8D745C58D0383B2AB0C82,5000,3,1405230686695,1405231202294,1412120576524
CB0639E389BAE730B6313D9FA0FC1CFDFB329A19,400,2,1406384941323,1406384971671,1412120576524
CB0BF39431F0C583B47A6D05BAD86C817342D9BD,15000,62,1405159332974,1405998885999,1412120576524
CB0CFF14453F900CFE309523B11D726DA891AFD8,2000,23,1405652950303,1407723315264,1412120576524
CB0D710E0078D850556A8838EB179866EB104A0B,5000,27,1405386331011,1405511785983,1412120576524
CB0ECFE20930A82EE8DA9E18CAD652565F991F04,760,12,1405203271992,1405358181881,1412120576524
CB17CB13E9C1DE2D0C3A30B5E035A483350F4ECB,608,15,1404616232755,1404618462057,1412120576524
CB20F8950A10FF7D2CE9402E0B900FCCB467E1C0,5000,42,1405663051303,1406159692445,1412120576524
CB2497D0322C694F8632070688E32CDB1B101F69,20000,140,1404878155894,1404880707674,1412120576524
CB271A762ABB8E6B2E6F8596046FF701548A332C,400,1,1405875521418,1405875521418,1412120576524
CB33BF96821DB916EC2AA3351AD1ACE38813E6E2,15000,25,1405886166457,1406134844756,1412120576524
CB35B8D63723D41A351D922D0717A3BA5D9725E0,40000,184,1405303103133,1411183638419,1412120576524
CB3EE48F7CE6E0DEA8231EFBCFF736B794EC7A78,440,9,1405557975084,1405558032561,1412120576524
CB4242FAB7BE69ED80E48E891AA51E50FD90100C,5000,52,1406535528758,1408431032389,1412120576524
CB4F2591C5C35873C1F130D5FB5022D5744CB320,400,2,1405326224330,1405326755023,1412120576524
CB512AADDAFBF6369E3FC97A20329B2235C24884,15000,61,1404939151177,1406842950889,1412120576524
CB5579CC6F1CB846EA0DC3F88DAE7502D9E2DF75,2000,2,1406155480746,1406334674142,1412120576524
CB5D52F5BF66F7266D948261D0AF057171F79FA7,400,2,1405014110563,1405014328644,1412120576524
CB64BAAC9F6E59ADCFF5D81B49D2DDA7C095A4DF,488,12,1405061099493,1405135285885,1412120576524
CB64D0C211F175E11EBA19857B7F0CE38FA2E7B8,5000,55,1405922980588,1405923528534,1412120576524
CB65EB273B704DF8E62315CEC55341A51AF02E32,5000,10,1405566937056,1405567982177,1412120576524
CB702EBA020F45DACDA505BA4E08FE1C3ADDA5B4,760,17,1406296466568,1406367567378,1412120576524
CB8EB7B395078399C9DCFA9D87D50B92FA554013,608,6,1405388249675,1405388264930,1412120576524
CB91DFCEF5B0CD1E1E409399C5EF03C89D6000FF,400,1,1406013204764,1406013204764,1412120576524
CB9ED3BA84B75606ACB2BE556EDB0A045BFE4B16,2000,37,1404739052285,1405041473831,1412120576524
CBAA30D3700D226937E924A34FC6FB5E372953D2,440,2,1405562035763,1405562035763,1412120576524
CBADDC14C46FAFB5386D603915F6819D885A71C4,400,1,1405389621640,1405389621640,1412120576524
CBB19F603A4083E86C82C03774B12DF5134214F8,400,1,1406080221000,1406080221000,1412120576524
CBB232F0118E9C1758DC5D64FF5C6E922C45B7DB,760,11,1406754189058,1406754309846,1412120576524
CBB7D1076F9274BA51DAE71FE67E11291DC0515E,5000,19,1405299889864,1405322237358,1412120576524
CBBB9286003976A7DFCEE561DE798FD5956425C3,680,13,1405233897085,1407681829779,1412120576524
CBBD960F8831190F758E7E0D27C9E10ACCC9A2E0,544,9,1406098602448,1406098887216,1412120576524
CBCBFEAC1CDE877BED8DA4034728ED7884DDFFA6,440,8,1404810596482,1404814977085,1412120576524
CBCD2062F495044F3512C47216687CA141C6065B,608,5,1405635694862,1405635694862,1412120576524
CBCE845E2B262BE27264A09ABF2FB0AE1E3567A1,1470,17,1404935926961,1405712421416,1412120576524
CBD3D3F386AC165991A584A6D149B8D0B2F998DE,2000,39,1405294313616,1405363095058,1412120576524
CBDDA649622DE4769561D34396BF1AB4072DC2F0,400,1,1404790236602,1404790236602,1412120576524
CBEA69392936C670E60945F8615DADB5A1B6C340,440,6,1405079457166,1405079649807,1412120576524
CBEDF2510E1599AECA7CDC42BFDC23F201749C5B,2000,22,1406146276523,1406742250380,1412120576524
CBF2F472E35606A9CDAD5E93C8F074CFE94E4B4B,400,1,1405290595061,1405290595061,1412120576524
CC161F81D806ED0B6ABBBEE386D4F384D62B7F63,5000,62,1405603295016,1408910303059,1412120576524
CC18A2190FE20A8471D0304D12EE14574F503E98,760,18,1405648768282,1405649295222,1412120576524
CC1FFD1834AFB4D62F199953F2153BFFE689BBE5,400,1,1406258557641,1406258557641,1412120576524
CC21155E4FA066C7A3BE42DCCD72A4B969DDBBC7,608,4,1405474838344,1405474838344,1412120576524
CC2864F360DCEB1686E466F6A5BE7D3AC112C8C3,760,9,1404957034025,1405265828412,1412120576524
CC29E7F43CF012B793161EFE4955F37BD31FF25F,760,29,1405347064838,1405472042276,1412120576524
CC2CAEF38B52D33097C80E9F3633AEF0DD3D7758,760,12,1406236922019,1406238478665,1412120576524
CC363E2611C13AF2F6D49F5E6F39A5A2702B2EF8,2000,2,1405555957637,1405556450874,1412120576524
CC445C47CF8BEB62C40006D43213528DFBD374A0,400,2,1405346105090,1405346105090,1412120576524
CC4B41ED3066BB897FC4094CF13E31E99B1A2A22,5000,29,1405969606549,1407171084122,1412120576524
CC50D95AFAD200694C4CF5A170490675CC48347B,2000,20,1406039146317,1406218160970,1412120576524
CC5BB38E34BFAB9B81B0A86248C2F34218E49D7C,440,6,1406173187784,1406173443535,1412120576524
CC5C0D462996B18F9A93EDAE7495BF7AB67939A3,440,7,1405102849484,1405102897325,1412120576524
CC7084E9A298B62B37908BDFE27B5DED857E1C44,760,7,1404973878817,1404973899430,1412120576524
CC717E8F82FF55CF2E0958756866BD2500718196,5000,22,1406346128120,1406347824746,1412120576524
CC7371D88AF10D3D51ECEE966FE05CE0BC53C7C1,680,8,1405726886712,1405727034787,1412120576524
CC847C53738661033D78981F7178A765DB4E5584,5000,3,1405393817720,1405394196814,1412120576524
CC84D61AEC05C758E6C7179677377A5520DEAC6F,680,7,1405651705692,1405651719675,1412120576524
CC9092ABAFDD2F99FE3E10F7DCD992609093AC68,5000,8,1405096695909,1405114021425,1412120576524
CC98F77AF26E95A5A70B6FFA0CF34248720C9D15,15000,118,1405057862902,1405623787299,1412120576524
CC9F7BA46C646CF2C78197D476E82A2E20FF80C6,2000,18,1405514767430,1405516149639,1412120576524
CCB4C75D50BC0920B08718E839DB6C695D6A2ECB,5000,2,1405254262767,1405254570492,1412120576524
CCC88ED3C274A4E16A597A6D2A787DE1D11738C6,440,4,1411564312814,1411564322066,1412120576524
CCCEB0C27BBF64CE5A1A63F2F814276B2CD7AF5B,2000,19,1405622087908,1405622824892,1412120576524
CCCED60F9E88DB50EB509279688A05FACCF5E1A0,15000,71,1405043977838,1406821865624,1412120576524
CCD987BD555A587A674392B6A1AB11BC472D4929,760,35,1405736885242,1406509349062,1412120576524
CD04AF8EF4221CF55B81D143ADFC8235291EA6D7,440,8,1405032732292,1407609893272,1412120576524
CD0B7259EEDEB5E2EA1EA2468271AA44A830490D,760,13,1405696255651,1405696500503,1412120576524
CD0B9DEC05BB2536FA140006D1CDA71A822BF1F9,488,10,1404807414264,1404807461040,1412120576524
CD0C09633BEC526079857B10556A3124D0863152,544,8,1406066095431,1406066113522,1412120576524
CD13D58E83BCB6E912D0144EC9D7BB418BBD3F1E,400,2,1404956313016,1404956529488,1412120576524
CD15216DDFBE31ECEFEFDF7A111F325782AB9251,608,11,1406738731927,1406738990074,1412120576524
CD1AB68DED8D896AAB8F3C37772789644C27E58D,400,1,1405153693330,1405153693330,1412120576524
CD1FD0915D004318176B809911B0A569CEF7AA4B,400,1,1406076917722,1406076917722,1412120576524
CD307ED4E8D2836A47393CF68F1EA26F4E6E6039,680,15,1404703708548,1404705368847,1412120576524
CD3828C09A9017835F524EA8CA0DB7E32B4A98DC,544,13,1405433654826,1405434021863,1412120576524
CD408E0A0CC3318904C2E1F0675292A276295D37,2000,81,1406738991212,1409313485550,1412120576524
CD44E05B0499DBFF5C289292E2418B9B6BAD18AD,40000,90,1405415601999,1407071063054,1412120576524
CD4B3B5FCDFF1FA1F9F76CE65B33E6A12386E462,2000,2,1405605527610,1405607892981,1412120576524
CD5E188189F412C10BDCF4C3144352F9D1760DA0,2000,57,1405571002403,1405656631359,1412120576524
CD64BBEFA6708659DEE373E20F1EF82638BEA58C,5000,54,1405233581758,1410261316224,1412120576524
CD6C03A0AB1EA8798BC1443D9CE1BDA4CB59B8B6,760,9,1405986394078,1405986676665,1412120576524
CD6C8EEDECC91F3A97BA2868971FEE9438E6CBC9,400,1,1405263597209,1405263597209,1412120576524
CD7CA16C9380132E07E9AAED78A784C64402DB39,400,1,1406551605355,1406551605355,1412120576524
CD820B5F2761C4648FA20F80CCFCDB1CCD8D2AE9,15000,81,1405215393740,1409259863672,1412120576524
CD847FD7409EA211AA6A452307B404D5BEB2D96B,760,10,1405483885721,1405529484428,1412120576524
CD90103E39AFA4A78E572DE11DE5FDD590B53A0C,5000,53,1405610682664,1405972107796,1412120576524
CD9FA4A8EE2CF5AD8D800AA9F91EB6D4FF445F72,8000,30,1404587009954,1404588857687,1412120576524
CDB8C6FC8E675DFE7CDE825AB685D40E58FFB417,440,4,1408896231940,1408896231940,1412120576524
CDBDB2DB3B223CA1DD4A7365F271B36E7D0B692A,440,3,1406056489457,1406056599228,1412120576524
CDC49C3B137F1240C74956FB152C8739B9C81A2D,2000,55,1406573145543,1406727529305,1412120576524
CDC7C3904D9F55C86C4B20B86BA093EEE71D0EE8,440,6,1405396331446,1405396361973,1412120576524
CDD02957864D70E9A6375E8EBDDD3FFD06B19919,400,1,1404653607224,1404653607224,1412120576524
CDD258E2768BB1B4860CBD8380E4405776553B85,40000,286,1405060458766,1407457694411,1412120576524
CDDB53142CCE1FCD5C7092EA5DC3531F08495A43,5000,6,1404972447061,1404972692589,1412120576524
CDE5C18891856F034AD499ABFA5941FD0619EF92,680,6,1405841958573,1405842453961,1412120576524
CDE8D8B5C678A67BC5C390B5C4143BD157DD8EC0,488,6,1411735801181,1411735814263,1412120576524
CDEC40C245C6B2D54FEF6181FCCC229071E7B072,488,7,1405488627418,1405488756341,1412120576524
CE07E5408E7E2E3E91057A144119D732987A320A,2000,31,1405397693142,1405478747569,1412120576524
CE0801471D3311E9839743561EF65C0F12728F98,9500,54,1405910854736,1405911353969,1412120576524
CE0923E2880D0202C9BDD2DB3BDADFE5D3821C8A,5000,6,1405472955494,1405473450603,1412120576524
CE0A766083FD4EDEE5D66441B5D4397B11FC7D52,15000,58,1405476315948,1407971541465,1412120576524
CE0BCAC8233CC0CD5C5586E4FDDF7D844335FDDB,2000,38,1405730140782,1406487210196,1412120576524
CE111385A69B6037ADFBEA11833B5B6601F8827B,5000,11,1404956770989,1405443775798,1412120576524
CE1140C69BF35778DFE70A4F1F3DDD4DEC440CBA,608,15,1406174840909,1406223200184,1412120576524
CE1AB705EDAFD8CCABABE900BAE4AF82ECA49BFD,2000,25,1405627927957,1405684345879,1412120576524
CE26DEF6B3305E55E204D51EC3B3DA3B5E25A15A,130000,274,1404951934465,1408561750874,1412120576524
CE4C6C39196695BB0FF518F16DB47C595251F283,760,9,1406421807401,1406422081690,1412120576524
CE4F1BB6C22B6F8DF3D908398275627808CFD054,15000,83,1405736937896,1406776934232,1412120576524
CE4F54ED796648BDAC621E8FB62CA28B5D5C5A84,440,2,1406659579010,1406659579010,1412120576524
CE4F94E51997024889F32C5B763C583319C7498E,2000,35,1404939875059,1405271282858,1412120576524
CE53713B4612CB0AA32EBBDECFEDB2AD97E1FFA7,440,3,1405412550712,1405412550712,1412120576524
CE55F7A4E9204DB1656E2223B22055B2CCB30A2C,680,6,1405431239269,1405431249567,1412120576524
CE60AD96D34C6F759F8CC201C49C04800FB463D7,5000,53,1405561754955,1405904082742,1412120576524
CE61DBA0094E347260962D0352CD0FEE64137BB6,5000,43,1406171962365,1406203981076,1412120576524
CE76E607F17A7A08F8BCBC6BE8B4CD8A05914818,608,6,1405985986340,1405986020494,1412120576524
CE980D0A119032CEFF59723C4536A0E6A6C09EC3,5000,12,1406213394553,1406236019334,1412120576524
CE9FAA6A46FDB0A34DD8209E51AE5D0B894DB30D,400,1,1405314065627,1405314065627,1412120576524
CEABFA79AE0BCDB13FF129993069E8CD8049AE87,5000,53,1404387853909,1404938445944,1412120576524
CEAD1D4C0C8358FE3D9BB9B439D2DD01B57DBA23,2000,76,1406506345504,1408683234532,1412120576524
CEBDF67160EE0DADBA7501B18796B1DE5F2AE4D4,400,4,1406128504038,1406209023254,1412120576524
CEBE794F012F12EF0D686282152AA29FFBEAD6FF,440,7,1405492410934,1405492449025,1412120576524
CEC0B3C0E51935ED17585B2DC11652A0EB0A1D89,760,20,1404565423218,1404589019100,1412120576524
CEC655F4D87B5DC1699814101CCAC76C9B30C4BF,2000,46,1404954408158,1404956646616,1412120576524
CECD61B056224CA004DD3BB8E70BB94DC538CA36,5000,11,1404877875886,1405320585628,1412120576524
CED9609E4DAE33DAE56C3EC260708D701241CA7F,5000,16,1405492242839,1405493468032,1412120576524
CEE0D63584AD32B962564D85BA405A3A43740D13,488,13,1405222886550,1405222996333,1412120576524
CEE5578386A80E4C46999278A50E703BFBFBB08D,5000,8,1405345379402,1406963781019,1412120576524
CEEF82C080B1182C87A7D9FBB035498CF2C219E2,2000,72,1404952834822,1405393139461,1412120576524
CEF0A814BB80DF6DCFCF2903BB6F7FCF90443B70,2000,51,1405220686943,1405308530522,1412120576524
CEF32DD74F5FE46C549174DD999B6E2EB61DDEC0,680,7,1404868297148,1404868332821,1412120576524
CEF59DFD8FEE12B80FB74C8FCB54422B70CD1D4C,15000,104,1405734392868,1406934924902,1412120576524
CEF8B3B8B8310E4B8688A28B7E30E20C118FBE66,544,6,1405231684383,1405231855378,1412120576524
CEFB4DD334BC77C131975B79DC735FF4CEBD4F76,400,2,1405468690507,1405536790081,1412120576524
CF14C4FE6AD3B6FBF74CA1F343E76F3C06574049,20000,49,1405225003858,1405344412162,1412120576524
CF1986456AFBA6E72B325677339E7D581C15F00C,440,2,1404393833796,1404393833796,1412120576524
CF1A7D3115765C7498BAB7D0AA124EA407198561,544,8,1406747845784,1406747868041,1412120576524
CF1AC8465FA89ED170E26510636395D22913D315,440,2,1404881067635,1404881067635,1412120576524
CF1C3285337DC7EB355C99E847CF08A31309F34A,608,20,1405904485750,1405960592514,1412120576524
CF1FB2272C5B3A1B601AF15F344E4FDCD0213B82,400,1,1405601796028,1405601796028,1412120576524
CF2101B84B2EAB0C01D22D9AB4B98F901C6C8F30,5000,69,1406483762722,1406983102457,1412120576524
CF333CB91D76B32CB6BCE7BB972F8CD1D9E0BD17,400,1,1404671000388,1404671000388,1412120576524
CF52CC772CDDBB60CBD58BB3DC67E3CC549F315F,2000,26,1405438810594,1405440148372,1412120576524
CF58B9C9B26AC1FC52A708F58EE54F557FB7A813,608,20,1405001616280,1405002248826,1412120576524
CF6266A730B3798D4FFD20EB92E7B4900CE3CC86,760,34,1404861703504,1404949512327,1412120576524
CF6B7C0200585D8D377A2C03EDB82C622C5AC4E7,2000,28,1404951701207,1405436554016,1412120576524
CF79E3E1194E53960676B31DF5DDE5C7593C55EA,400,5,1405579456413,1405579456413,1412120576524
CF82443491DE2086B20F6A3FB77DD3EB2FFFE168,544,8,1404933346377,1404954203547,1412120576524
CF984C0E2CD9420B8948E28D56B145BB73D9F166,488,16,1404925292875,1404925742119,1412120576524
CF9888D29A81EC5CBD94BB6D6D258B167C644933,400,2,1405473338887,1405473707441,1412120576524
CFA21C89378F2C2D0DB8F42F162AAFAF7826236A,2000,10,1405330269645,1405331649408,1412120576524
CFAC84C476C124B121AAD331E32C90D41878174C,400,1,1405475408829,1405475408829,1412120576524
CFB7278C46CEFDF42B076EB7B068A4986A55116E,5000,28,1405398284523,1405728349115,1412120576524
CFB8F0619615CCB0E2C32A36287299A85163E810,5000,36,1404566336603,1404569011604,1412120576524
CFD2A157CE1BCEC37CC8CB4517089757663EE157,5000,18,1405678740650,1405679625192,1412120576524
CFD6E71CEC02B43F6508FD19CF8D5076E0862EA0,1050,31,1405072326179,1405275943038,1412120576524
CFDCE4FB25A779644E68821F14266FDAA377E9FC,5000,4,1405067141919,1405117016068,1412120576524
CFE23F8C2DFBF79FAB7B7867354A191156664BAB,20000,20,1406125890479,1406597486016,1412120576524
CFE816E7EFA335B51B08663F71C5800B27C8D233,544,8,1405469424473,1405469579211,1412120576524
CFE94E38CEA45BA368C42B025E1B5674D0CB4858,5000,2,1406342253768,1406342472219,1412120576524
CFF7C4A497FB72316BCE70E38451C3D182C634AE,400,1,1405866929867,1405866929867,1412120576524
D0069BE0B82358F376EE3106562FBD18F8061AE6,400,1,1406432303677,1406432303677,1412120576524
D008CEF923D0A6331969029D14479A456FD59184,400,1,1405390139333,1405390139333,1412120576524
D00B9A984228C6026A07941CA04BDAF843F807E3,2000,52,1405218097987,1405591510005,1412120576524
D011458F7974685413766F801743E71C77367754,400,1,1404359600377,1404359600377,1412120576524
D025AF4CD5E1C390B6050668C1DC7AB74DD4A2C5,2000,37,1405790488300,1406631647457,1412120576524
D026D8338257F07CD612BE04025607F76451ABC4,400,1,1405347939307,1405347939307,1412120576524
D02A2AA53E84C9B50A79FF62D678BF6778585004,2000,16,1406344550146,1409014321253,1412120576524
D035CCDA836672552CE858D16E8EF327BAE6F967,400,1,1407048438835,1407048438835,1412120576524
D036868912E3A8CEBD87AC19737465E79DECE6B4,760,8,1405475936210,1405538681084,1412120576524
D03C683FC68DC7A25D1D0346C321E0B179B918F8,5000,11,1405056991828,1405057358176,1412120576524
D0405D017E0E40F28649950B0590F549D4BFF9B6,680,12,1404989304737,1404989576338,1412120576524
D04F4D91E2F9CE3D33C0D97F96F228415B3CF88B,488,13,1405569953909,1405570156226,1412120576524
D055E9FA9F07006F3A5BF17A80A02CAD4EC3B44F,2000,24,1406057955998,1407770327773,1412120576524
D057C6C9F9462680661359F57082DEDEBAD9E1F3,760,18,1405485743088,1406161237097,1412120576524
D05980DC7E73B517E28208D16FFC536C6DA4FB8D,20000,137,1404880248397,1409442150789,1412120576524
D0599D01C499DDEE4CBBBD59131B71FF5D2A0945,544,4,1405841727113,1405841727113,1412120576524
D06186DB7CFB37F00F6E4FD636A5BADE416F3CE6,400,3,1404362846638,1405455548324,1412120576524
D07309823FB68CA6FDB9464E62F3550E49A9C8C8,8000,83,1405044317027,1405114368644,1412120576524
D07664D07D15B41013E8984D0D4D73FE57C0B05E,544,8,1405303208929,1405303231196,1412120576524
D0787E8262D3F07A636C6847E4405157132C5E33,488,8,1404877357115,1404877705739,1412120576524
D0794310C22BB75F80C34A683B61662B3DAB88E0,400,1,1405063317075,1405063317075,1412120576524
D08315EA0BA2D63ACE6659DD2FF1C43C06FC9FC2,5000,82,1404955326296,1407697941600,1412120576524
D0853C57AE9EF5982842652F737BFF8AD709FF25,760,14,1405461247877,1405632103962,1412120576524
D087AB84610B357DF90FEFE24C9A9E7DBFE6ED66,2000,26,1405620856749,1411752823912,1412120576524
D08E2C9CD7143FD7E2EDC5660AF3B7505FA3F31D,440,3,1405527713692,1405527885250,1412120576524
D09335F37C3D9E0E341D61E3543705D6A24DA6A0,400,1,1405750981708,1405750981708,1412120576524
D0974B4F5B6BDD529D829ED60458766A81A83FD4,5000,6,1404958445333,1405005704830,1412120576524
D099D9E1F3DB225D3FA8CEC1DB10DFDB251DC4F0,400,1,1405881056885,1405881056885,1412120576524
D09A858762B35D0EDB9647673CCCB1B97823D09D,8000,18,1404342569856,1404343429143,1412120576524
D0AB1B3BFB95B318319082AD84D2D184B60BA800,2000,5,1406057889777,1406125084811,1412120576524
D0ABC1934A6F3F500DC8132EDECAC5CB2383DB10,2000,12,1406383654856,1406384705035,1412120576524
D0AFD257F40CE7253B29DF5778F3D285972BFE5E,2000,12,1405484269884,1405485176554,1412120576524
D0B9ED8A6A89A730F94FBC2D6B0ABDBE58BDB63E,680,7,1405294618977,1405294692113,1412120576524
D0C789CD08D39F8EF44865642E5C04B1CF4DE50F,5000,49,1404353219343,1406154200574,1412120576524
D0CD52F6FA9B8DE85228B1D3B8EAF45DF02D1BA6,544,11,1405382387210,1405444945745,1412120576524
D0D29494105105A9DE414A075ACD4B0CC6B2AEA1,5000,29,1405257616803,1405259319706,1412120576524
D0D9B04E70ABC4E2FE8A6D068ECE9DC2436BD311,544,10,1405624524863,1405624532463,1412120576524
D0DC899EC61C11A8D98145E634E88A30B2209F20,15000,63,1405471502736,1405560340438,1412120576524
D0DE1404670DBBBAACD4BA75444CD8506841ABD6,400,1,1405458932569,1405458932569,1412120576524
D0E44A40412E1FB2B2668B22CE4FDD4199869B9E,608,16,1406402126091,1406404309242,1412120576524
D0F39B6E32553A200A8746643B69E3789F8B2126,5000,14,1405106381111,1407116304230,1412120576524
D0F824944EEDA69D24AA60F35BF193516796C464,400,1,1405742205500,1405742205500,1412120576524
D10AC5F134C3163621C37A532A3C71722D7C7320,5000,23,1404967185767,1405149005881,1412120576524
D112D3E073F22E4A191F4CF4C1CE7EC61C3D0078,20000,29,1405748107311,1407188026591,1412120576524
D1141686372A1291380802F6178740A312805CC2,608,14,1405323908915,1406436583555,1412120576524
D114AA6B50EFA2BAFD957BA280A954440CAD2AF3,400,1,1406246850752,1406246850752,1412120576524
D11CD7D1838A2BCFB1EE176870F5E6E96C544DC4,5000,20,1405224934815,1405326980807,1412120576524
D11EB47EAE65F5B9B91F03EBCC8FE2B1761CDE9F,760,21,1405386719330,1405452725128,1412120576524
D12025E0F833CBC5A7AE2CE675F5547BFA9B569D,760,21,1405054406397,1405059327663,1412120576524
D13677EAF99AC2EB7A43C95970BC423A34A61CA4,400,2,1406715076824,1406715076824,1412120576524
D13E2EEE11006F1423DC42E05A02E391D5D902A6,2000,52,1405471453667,1409091351654,1412120576524
D141143283B17B33C625895A583942354630337B,760,37,1405042104444,1405390554300,1412120576524
D1433DC17E6BA1720CBB83DDD4F9F2922005D516,544,10,1406739754948,1406739849479,1412120576524
D149750E79FE8ED529134639AAEA8E571ACA1AB3,5000,15,1405473711283,1405559898640,1412120576524
D151FE7F6CC01DF3C505D3F00854FFD85506D0D5,20000,92,1405084133638,1405411994618,1412120576524
D15972550FD12CB3FDDE14A792D7D27611DFBE77,760,20,1405453498719,1405457886682,1412120576524
D15E200A717AFA9B8F8063A712534557E2E0FF2B,2000,39,1405626662453,1408996696391,1412120576524
D160D3D179B35F1485C6949EA71F4150177203CB,544,9,1405127964844,1405281617077,1412120576524
D1656EE6DDAF292D3E2DEA7AA94D540EC8473BAA,5000,18,1406231391486,1406433769076,1412120576524
D1781331CFB594EA7E62EEEC142799F58AC4CF44,680,21,1405041466481,1405176596238,1412120576524
D17C0B1060CFB1665CDB3EB72FF32E940A4D161B,5000,72,1404870511132,1405554571052,1412120576524
D199113FD76BEE19B13A3D07CC6E89495BD9FD31,400,1,1406373470293,1406373470293,1412120576524
D19E1E6BFC63EF227976EEAFBF578065934BB7CF,8000,70,1405306030062,1412023894351,1412120576524
D1A0D7B978BBABBD50456E78C7C5C8F98ABFD87A,2000,40,1404880014759,1405450963518,1412120576524
D1B235527218437E9A0CC25E7F201685B621C058,440,2,1405589259530,1405589259530,1412120576524
D1B8FA1E7F59630167F5C2DA18553A9A0B95D317,5000,16,1406219515600,1406926995073,1412120576524
D1C54C4624DE1CEFACEA3EE93556DCAE264FF120,440,7,1405816004330,1405816019605,1412120576524
D1DAA58BA2E1CAD2E3F9457ED79686F97EDF2C1E,5000,13,1405156864255,1405231652077,1412120576524
D1DC0FE465D043B6D0AE50362F375F562C7CD48C,20000,93,1405499937195,1410715629283,1412120576524
D1E3BE2D2FE6518913BE377797CE8CEF827FF7C9,488,12,1405092063642,1405125523611,1412120576524
D1E90D391A9CE7644C8B592F183578A68126BD25,2000,12,1405471659309,1406680073111,1412120576524
D1F236C30061857A975852E426862AB4FA763071,400,3,1405543856823,1405543856823,1412120576524
D202A7C0D06C03AED480FB5716AA39EEC69BC98A,5000,25,1406603967372,1408299606605,1412120576524
D20540501D9913FE59067B850FAB387B991BBF8C,608,5,1405476711111,1405476864842,1412120576524
D209916A9E03FCBAB3531AC2F80BC703866FC0FD,608,14,1405823837317,1406021104674,1412120576524
D20B45D6516F772D1443AF5DFFE67E5EA0C50080,15000,59,1405775287000,1406180911714,1412120576524
D20EB755330FA320701C41390FEDF4E90A65B27C,488,11,1404871483421,1404871555843,1412120576524
D220627DD8641ED84306C0DD53D7805F287DB616,2000,34,1405470143785,1405646773518,1412120576524
D2206CDEA2D43B38EEABAE2F782799899BE5445D,488,10,1405984478861,1405984499548,1412120576524
D224E0CF9EC67EDBF3E6E7BCCA0B47CF2AA143CD,1,1,1405505164206,1405505164206,1412120576524
D225B9CE43060E84C4F3D750B32CA28A069AE3F1,488,15,1406164550350,1406164609515,1412120576524
D22E261F81C55A8B057515480F9399EE84871241,400,2,1405092215424,1405093970267,1412120576524
D2357210112855A2E9DDA1B299F0D3C2EECF2B10,2000,40,1405310539317,1405449002103,1412120576524
D24003D6EC5434429840F95336E1666945E6A104,400,2,1406078551741,1406078681995,1412120576524
D24734C7FEF47584AD7A0DF6962DB8620DAFC280,400,4,1405977972745,1405978023081,1412120576524
D2474ECC617023E8EA1E00945AA4ACF1D71CAC21,400,1,1406248767145,1406248767145,1412120576524
D249065723958A9A960FD46E5C05E5D234B66E32,400,1,1405881919310,1405881919310,1412120576524
D2631E5C4B0D992E3D615A6F111100381539DD17,5000,19,1406144747357,1406145456563,1412120576524
D263B8ECDB9D7F46A3F441DDBB30FDE5F90D3A81,5000,43,1405797926242,1405990476909,1412120576524
D26F617390AC71A6781783AAD95CA0C2DCBFABFA,400,1,1406262860642,1406262860642,1412120576524
D26F87B7E6FADF1C9D9F7026717A8C4E35E89C81,8000,17,1404934577147,1405025571415,1412120576524
D275BD7A205538919835FB502DB4CD589E1F5602,5000,36,1404865550896,1406869842278,1412120576524
D2851D9D27363A7ADA145CB7BD1DC151DD743BFF,544,12,1406025377703,1406026305766,1412120576524
D28A0365DA1B19571BFEA090081EC303BD89A5D6,440,7,1405732216556,1405732445926,1412120576524
D28A3B92C239826CD6344FD6089E22FE196704FC,5000,11,1405400744568,1405483598253,1412120576524
D28CA2830E5FB7CF3CE08EA572BE568F80B8A2E9,760,15,1406030405776,1406474560443,1412120576524
D29DFD385A9D3AA178E3F5C8C3E593462E50CC9B,5000,3,1406420894635,1406521156434,1412120576524
D29E1601612897BBDA139892226A2FB26F8688B6,5000,39,1406222066327,1406693808020,1412120576524
D2A6328E0E1C3B46D513279ED9AC84BF48DE4F06,20000,249,1405381488831,1405997649342,1412120576524
D2AD7EB0577524D7067790898991CBFA90BE1B81,440,10,1404878207756,1405051425354,1412120576524
D2B3D8A50B3CC1B2B9A3FC8F1B1FCBA1AEAA7398,2000,61,1405660437990,1405812691546,1412120576524
D2B9AA9B708FAC64F9D667B6D60E2A763C31B90F,400,2,1404637170032,1404637170032,1412120576524
D2C3C41BAA0E43D8C1B49656FC377D4A8AE0AE28,440,2,1406753089378,1406753089378,1412120576524
D2C3F9E15FF0C01B648CAAB0B62580E6B14654A3,400,2,1406370334982,1406370631751,1412120576524
D2C6E7977F674F837276C5AB58704317D482A071,400,5,1406473216220,1406474048561,1412120576524
D2D408103B75F67000658381BAD6CCD2AA18589A,5000,27,1405041550425,1405090818748,1412120576524
D2DDFFE30C53779DC8F82650F7CDECEAA1F405D6,2000,28,1405226673445,1405421628369,1412120576524
D2DFBEE27D1494D9713BD79C3179DB6D920D7395,2000,12,1405044520774,1405103232668,1412120576524
D2E41FB396E178652D62F83CFDDFBF7ACE8A7D7D,5000,13,1405394586482,1405460452250,1412120576524
D2E782B3834841AD361B93A0DA1F4FBC68E4F3C0,608,19,1405045705105,1405100864020,1412120576524
D2E9AEFD2ADD434A8EB8397315C0C7093706CCCF,440,10,1405720145980,1407254565722,1412120576524
D2F1DC738FB5AD46E42AA4B898DFE4D92D00E202,2000,4,1405788246193,1405789149665,1412120576524
D2F4F77E0A6B30E3214784376516149F2103E5AE,488,9,1406269501090,1406338548790,1412120576524
D3019949E05CD9D0852DA224FDE16CB19C196EB9,680,7,1405928915337,1405928937605,1412120576524
D30463194B62ED777C9D4D18D423E44C3E8E639F,8000,56,1404958201313,1405887574614,1412120576524
D307721C5F5B95D52586BFAB47B96F416A4BF24C,5000,13,1405266264081,1405266737063,1412120576524
D31635C630E7FFB14185FA4DDECFEC2BBCDF60D0,440,6,1406593796559,1406705779643,1412120576524
D31B8943EED5136484AED346B6551F135F3C8AB2,400,1,1405812170876,1405812170876,1412120576524
D31B8B073EE60E982908AC25B1DCF954A613E79C,440,2,1406211434848,1406211434848,1412120576524
D31BCACDE0842A7715F41CD066FD74238CBC878C,5000,37,1405968506235,1408201504500,1412120576524
D32F896EB9A8A40FA35881E1E85FA162B24D06B7,400,1,1405864120542,1405864120542,1412120576524
D3307B15AA153FE9B75FC3769E04AACAE914431A,544,7,1410071527817,1410443175023,1412120576524
D341F6A8B5658AD27B197BFECE2D5E5CD400DF35,5000,21,1405045515544,1405046499580,1412120576524
D343E70E621EAE94FA058913F7C1BE127056A260,5000,16,1404375841081,1404376649647,1412120576524
D35E40A107FC616860E505D85515CDD2C8EA8392,5000,28,1405326558802,1406083046029,1412120576524
D361650CA547183ED4D908FA0FD17AB4D587F0F0,760,18,1405198541999,1405781145954,1412120576524
D3689D5776D7B53EE1F393DD271C619A166405A6,760,26,1405977272703,1405978142561,1412120576524
D36C36A6E8407F7AE089149C94A6EF2144AF1CAD,2000,40,1405370225868,1405372181221,1412120576524
D36D0DCAF826C1C5366C2ACE4DEA3EEE78115A7E,2000,31,1405561421636,1405645944635,1412120576524
D3746E0FFC1980BC2E53317557F9A0629726A59F,15000,98,1406536387389,1406771053151,1412120576524
D38601FC1C1CEB864A1B27E7C543621E007384C2,2000,42,1405470854002,1405645919503,1412120576524
D396CB09FA7B0AD54875A609C9994A1D8B0C565D,400,1,1405631404794,1405631404794,1412120576524
D396E8744BC65936754011D5BC35FA6EB4770D5B,2000,44,1405067436888,1405390012217,1412120576524
D39EA774089B58A0B158D01F73AB9DC328C2A9B0,680,13,1405643312366,1405730296067,1412120576524
D3A9B8B52017E530A5BB73C0B8DBFD39354C5063,440,7,1406737590992,1406737820608,1412120576524
D3AD481D0C8DA1294883CE9815CDC06F1F36BF71,5000,17,1405505566897,1405595461470,1412120576524
D3B60CF316B602075DC07529F02559658DC893A7,680,6,1406329667174,1406329672789,1412120576524
D3BAEAD6A31E20B893921C3D4E815220BEEFB79F,680,12,1405640722663,1405640860925,1412120576524
D3BB6CDFCF234340144B5FDD945CD54068381B3E,544,10,1405310459214,1405310593023,1412120576524
D3C44E21FFCEA2B4285F85AF8F032C8989526031,440,10,1406354741723,1406354902954,1412120576524
D3C4F9302D6ACDC8EF993B0F078C76ABEB781ADB,15000,64,1405410183680,1405958127203,1412120576524
D3C5130E74D120460C69AA5181512F8871E67732,488,16,1405219281289,1405263663220,1412120576524
D3D1C861BF2BE0AF5F400A368F535E28DAA28D68,5000,3,1405168216637,1405168412569,1412120576524
D3D609E2EA1C59FF4F4A6646539F19F39F0335A4,608,5,1405094778158,1405094778158,1412120576524
D3DBBE5D64625E7E44DD851A809A6FAE9E72DBC5,680,18,1405566446699,1405566937807,1412120576524
D3E725DF75045EF564E9288F083BA2457AE9E6F0,400,1,1405106204931,1405106204931,1412120576524
D3EC92E21CFFC0D7CD56BA07BF301F6542455E8F,2000,22,1405881123181,1405881943610,1412120576524
D3EFBE6B40381BCAD414E4A7098C7724E9DB673B,2000,20,1405565134688,1405814967317,1412120576524
D3F07FDEBB54C71DE0B3CF536F59BEE77E8458F3,5000,3,1406531384509,1406532570833,1412120576524
D408992644757A62CFB6A0DE474D6445572F35C9,608,15,1405922738682,1405923216166,1412120576524
D40E9C0434B9AC499D1F40D0A1A4E9553333DE9F,680,6,1405328358117,1405328363603,1412120576524
D40EBD0AEFC644FCEFA180990E6729EDD7745C50,544,8,1406160200003,1406160301236,1412120576524
D414BF3C842229BCE73FFBBD134CFDD993E89339,1050,22,1405453497986,1405692883803,1412120576524
D417E667840F2A368EAB75800293EB7F364ED2DA,5000,54,1405478213408,1405902964196,1412120576524
D41B7A1D82FBB4C76214B6F01023F7D684E6A515,608,9,1404887255994,1404887371219,1412120576524
D41E7E34B8E5D186B8CB5DB24DA7EC3DE3CAE6D9,15000,122,1405300836205,1405438568950,1412120576524
D4210CFE14C447202A92E25ACBE9AA82165D1F2D,2000,41,1405877809961,1405880145393,1412120576524
D433E9379F4362316F4211BB1C89FF0A637C82F2,5000,27,1404271068446,1404764167954,1412120576524
D44222A6C5659027675AA484B4E07AAF14713A48,5000,3,1404883476499,1404884130053,1412120576524
D44BC238124DB1B46C158DB4F0CBD14E61A3798F,440,3,1404460243991,1404460378849,1412120576524
D44CC3D9602201DC57AB7784C6E6194FE0F467F0,488,13,1405875007235,1406055083368,1412120576524
D45CF3164C60A0C4CE313132D35C10583A63B6E0,400,1,1405529357523,1405529357523,1412120576524
D45F5CFFF3552F89E3AAC1083F8124259B85F944,5000,19,1405538370912,1405730448321,1412120576524
D466DBC9FECCA036C75DD302BFEDEF63DDB9E971,5000,24,1406688537383,1406767814125,1412120576524
D468B8E9A552A2AA8B25B0FB4C5CEB3222DA3C37,544,18,1405988291839,1406068474974,1412120576524
D469B23225966301F93B4F36D50F8B66AC39B782,15000,130,1406068686241,1406737461717,1412120576524
D46F4798C96084D54EF8C234BDD9307E5138FE9D,608,7,1405271221495,1405271319917,1412120576524
D479E011343968AFAE2034FE0E942D96E56CAC26,2000,3,1405509323390,1405688764900,1412120576524
D47C7492E3B24AD5510711B757E0A0EB7BBF9387,680,10,1405214666834,1405214710142,1412120576524
D47D879C1218BFA70FFA96CA54CA347DF241C585,5000,22,1405410674836,1405895925482,1412120576524
D4820294A66C8717B143D4EB146313076478413D,760,13,1405654732975,1405655394130,1412120576524
D48554960EA2F6C9DAAC528240EBBE2ECB2EFA1A,400,1,1405245744776,1405245744776,1412120576524
D496148721A902744CA160E840805378BFC2FCF1,488,6,1404532834340,1404532920659,1412120576524
D49A4B068CD85713A73F65C87E79C5D0032D4B3E,2000,50,1405656626882,1405953685970,1412120576524
D49F2D394E50F231E47592B3EA24351685B00500,5000,21,1405366129257,1405389399197,1412120576524
D4AC82E58268F2E5F8FF445D06FC89DDE633A6EE,40000,56,1404879601161,1409433022216,1412120576524
D4B0C4340A5189414F69004A40D6ABD3C7F4AA0B,750,16,1405475334115,1405554566081,1412120576524
D4BBCE50B8942D66930804DB3397CFDE1B00B43A,400,1,1405737621633,1405737621633,1412120576524
D4BE907799168B56E2443C3EED847A79B7FA3288,400,1,1406695302259,1406695302259,1412120576524
D4C6E10BD54625461575A3CC0B6A679042EDBA23,488,8,1405347726253,1405347754680,1412120576524
D4CC32550C6D6FB31A3C095F586580B06CDAF3F3,544,7,1406034441516,1406034469725,1412120576524
D4CE285CCF151376AD9F32A1BE51659414B57F59,5000,32,1405427929900,1405934835456,1412120576524
D4DAF7E4665DFEBA43F4C9725FFE6165C0493D68,5000,30,1405397659705,1405528378615,1412120576524
D4DD9765B9DDC44E32AE251FF50271CB7F25F0CC,36000,205,1405890889266,1405908878638,1412120576524
D4E596793F00D1512F4D8FBAB839FDD909865189,400,1,1405375198715,1405375198715,1412120576524
D4F1DBDA80E00E4073990CA8C154E9978E638E9B,2000,22,1405661743044,1406062349161,1412120576524
D5008A1A8BE0B6AED9B9378293C17C9B4967F83D,5000,16,1406083293430,1406084667183,1412120576524
D525DE77FA0BEBEF9093ECE092B3DDAF3D8F6294,488,10,1405412780223,1405413117872,1412120576524
D5308B10BF64965EAFF5DD88EE0CCFD9A7B7EAF1,2000,20,1407462208876,1408326224602,1412120576524
D536BA04B51EE1FE7C1AE9CAB7730C85706EE3D5,760,14,1405464429304,1405464645499,1412120576524
D53AD0E1819E700BCF2C8DE49FB99C5396986B30,400,1,1405401427833,1405401427833,1412120576524
D54BC05CA65C52580AB16364E3DC63B8E3F98FE5,400,2,1405525583439,1405525851023,1412120576524
D54C4DB9E0FFE4D35A826AFE5623B8D6046EA795,2000,19,1405021792108,1405022215044,1412120576524
D55285A96F80F71B5E245D0B32C967293A9FA363,760,28,1405239347476,1405241014382,1412120576524
D555BAA41D1F2472EA6CCF9CFC6EEAF7FE8CEEC9,8000,99,1405093400503,1405879194609,1412120576524
D556BA5E60E707E330ADF034E5BF3C4036FF1F79,400,1,1406408260188,1406408260188,1412120576524
D5578FC755D3059623F3BA7411D39BF6E8C627B6,15000,61,1405036860654,1406145767788,1412120576524
D55DBE03FF85834DDB7CCE48FBF946A7A77AFFD6,680,6,1405600058102,1405600072077,1412120576524
D55ECF4A2620C2861755BF8278377B7B60A24D6C,5000,4,1405236641451,1405619503057,1412120576524
D5627ABA32E7E18C0E01504CC5A6081137A478DF,440,2,1405610271852,1405610271852,1412120576524
D563C4435AF41956588F77DD417303D0D5AA0C3D,760,18,1405729954787,1405730449331,1412120576524
D565A74F13D85A7E00F64D28580B8A850F03E541,760,9,1405705293459,1405725779974,1412120576524
D566AD8C70353CA0302A0B7C5074A391E80B0AAE,760,25,1406508079344,1406517205835,1412120576524
D56FE169621E8D93FA337D8E550E943C362F2CB6,608,9,1406156744056,1406156917389,1412120576524
D570DD73EDBA032C67D2B99B783ED6F06B11DF50,2000,50,1406689058106,1409442311667,1412120576524
D57C5F555BBA7E7243F26454ACEACBE3AACCF2FC,15000,34,1405487896899,1406757475736,1412120576524
D57DD93E495A456BCA654029893194DED845682D,400,1,1405340810196,1405340810196,1412120576524
D587238876F1BF6E869D8B87B003912F47775CE6,400,1,1405563916903,1405563916903,1412120576524
D59A6A63D2CE74DF01F099E61B2635F09776B1CA,400,1,1404881007180,1404881007180,1412120576524
D59F043FD9E15A0706C1A34C768BCA557E2346B3,488,3,1405545276503,1405546097816,1412120576524
D59F06522300CFBB9886FE9357984C764B7AED4B,544,6,1405397670395,1405397682581,1412120576524
D5A2BFF44464E371A2CE24AF5995250E57C04F1C,20000,11,1405523950751,1407153068140,1412120576524
D5A7859B3A7BA7DA8DB6D70745ABF9C98A050542,760,25,1405044627574,1405051898235,1412120576524
D5AE691CFD177424552E0A4270CF3A67AE4FA0BB,2000,26,1405932661494,1406024747290,1412120576524
D5B304BC8C89E36797533C732374BEF6FAB12994,5000,51,1405451198065,1405530946764,1412120576524
D5C7B848B955D3B2A7AD20B2A972654AC2A6D590,20000,114,1405542859278,1406004935115,1412120576524
D5CE6A7B0B4925C1FD81528FB78CC91E0F8DD653,760,35,1405304226252,1405369613267,1412120576524
D5D16F2F31249EE5D91B7E575F045698C519D121,5000,36,1405329396017,1405485292560,1412120576524
D5D28E0CC64970CCA7391CFF1AC4901180F1A5F0,680,6,1405385872852,1405385878266,1412120576524
D5D74060E714437B86A1117547F78902EC81BE81,760,19,1405818452547,1405818928292,1412120576524
D5E3B0D01F7F0E7FFC1450A4FEC05A1E1C625B70,15000,65,1405918474958,1406656944318,1412120576524
D5E50A228FE471C6ADB337085565324C04BBD99F,608,9,1405470609550,1405470653846,1412120576524
D5F0ED7020208FF0503BE3F8E5148DC5D6049FCE,400,1,1406548806130,1406548806130,1412120576524
D5F45E5A3B3D9952884A3726E5DBD70BAEC68BEC,400,1,1405665866121,1405665866121,1412120576524
D5FB0C7C6C5B93E10835056DB7A8D20105F2C10D,15000,92,1405476381676,1406861794547,1412120576524
D5FF6FDB543201008A8269A596A76E6DEAD05EA0,40000,142,1405259033885,1406594669845,1412120576524
D6009B828D1CD3D1E3C9513ADF208EEA0BD43EDA,5000,67,1405726104146,1406578550349,1412120576524
D603CA20EE26AB101917F5D2EC94BBCCEBB1DB40,400,1,1406523665831,1406523665831,1412120576524
D604428D0DA2838567F1E2966715C0DFB8D0F00D,400,1,1408783516032,1408783516032,1412120576524
D6045A7220F3B030D70E056FBADB27A53A120FE9,2000,58,1406128898406,1406957379321,1412120576524
D61B9AA190A36A03976D696B89759FB2BA0B2E24,5000,12,1405397757385,1405628379040,1412120576524
D621D546AFBB1498F02CD90D323E9BB778D4AFA4,400,1,1404380557083,1404380557083,1412120576524
D622355E220DA0E667677B0D545E38D8C62FAFF8,5000,36,1404873129777,1405304714976,1412120576524
D62494B7D1BB41377DC90CC75B42C4C04D58C3F5,36000,187,1404500030383,1411700276143,1412120576524
D62A38934C51F810EA375265ED256D813F08EAB9,5000,7,1405433711130,1405633348396,1412120576524
D62B84E00A90E70C2D55D005DAE7DC09C4BB98E4,5000,30,1405041521339,1405633587860,1412120576524
D62CD1DD387625DE4C1E7469FB3DCC2A770BD758,400,3,1405697006989,1406565899398,1412120576524
D62D835AA09B0C528173E77CAA5AF6D477325DCB,440,10,1405149428502,1405194225170,1412120576524
D635FBDA3A927BC11E7D933F8AD05B09DC833802,5000,34,1405477127453,1409087963876,1412120576524
D640CA91FA053052EEB753F0FCC1D202619133A7,488,10,1405617595772,1405617699642,1412120576524
D64106C6FC87BD9EF8E5A1E4EBC43BBDAB29E170,20000,53,1404926154486,1411000407804,1412120576524
D64479EAB15A7BD52F47F708C12168B5E522D7F9,400,1,1406693464880,1406693464880,1412120576524
D64FE41E26491B8B1BEEC74D65AF0240207AD1C3,680,7,1405248102481,1405760192762,1412120576524
D658E852984F6903D15B15EFC161AFB85F1A6A5A,5000,54,1405109970027,1405541617030,1412120576524
D66A1E30B22011F5F95BB436FC543A43938B169F,2000,53,1405867157136,1407347880339,1412120576524
D66F8E8DCB574A23F6579EC09EC48082538A368A,400,1,1405632171872,1405632171872,1412120576524
D6787288FD1D83996DEFE8A9216117A668706009,2000,37,1405652506458,1406146278468,1412120576524
D67B0496A7EEB0865FBCC8CE6DC7E9D07E02EBCB,2000,51,1405557759602,1405601453729,1412120576524
D68CB400B2664F19405031751F45A9755600F9E8,488,12,1406586672229,1406586897308,1412120576524
D68E1B63A0A274B87AD92BADAE75A7528A8B006C,440,2,1404867462078,1404867623256,1412120576524
D6A7A7C35ECA57264B1C6BBBF249DFD765F9DC3E,760,24,1404445802894,1404446464034,1412120576524
D6BF154BEA9E4C559CBB3A90D1E0A69DBA62841C,8000,43,1405064559303,1405136319437,1412120576524
D6D2B5EE42F7F0D279ABB34D76A840CBF83F5E36,400,1,1406680429657,1406680429657,1412120576524
D6DA2DD73781667A50CB8598F2A34FB96F90B78C,2000,31,1405300277652,1405389389703,1412120576524
D6DBAA065F8E177CC8924D3DA4C505B007FD612D,760,13,1405903253963,1405903763775,1412120576524
D6DF8B00422F18D5CFA38ACD57B69960547710BD,5000,24,1405834960644,1406110606661,1412120576524
D6F75A967BCFC2DEF1DCC737C058B285F25320EC,2000,67,1404878437046,1405282000044,1412120576524
D6F8A2729C448B5C5AE5594616F4E8A8758F7E8D,8000,72,1404347235823,1412080552504,1412120576524
D6F94D145299C8D51133664C78CE06FEB95BE20D,2000,26,1405586795534,1410109326667,1412120576524
D70782E81E1951C1E583DD6DA7F6E072C8917B5B,400,5,1404333943332,1404333943332,1412120576524
D710E03A8C30F65A4D6F67E53F5D6AE29EDAC681,400,1,1405690900656,1405690900656,1412120576524
D71DFB68964131ACBF8E98A88A8AC2C2D5F268A4,5000,6,1405050028581,1410347705653,1412120576524
D72E33EB5161ADC3426164557AA63C36D3F48518,400,1,1405725150031,1405725150031,1412120576524
D73483167C79E98DC2A83E76042E6C7D08083374,5000,4,1405345425112,1405345831738,1412120576524
D752C99AA7E91F13F978865503344FF5415EDBCA,400,2,1405528611934,1405528737831,1412120576524
D7559B6C88B0E79C0ED79E4BD074B6CC12C16B60,440,11,1406595883045,1406610136584,1412120576524
D763F1084B2BFF1930D2C57A36D6375F528CA99F,400,1,1406596233999,1406596233999,1412120576524
D7676A81DBE8EAAF6423A5D14BCBA869C355D2AA,5000,11,1406734804636,1406735530548,1412120576524
D7689264AFE7E07DE7DE81D6D65978AE270A7C2C,15000,51,1405959593924,1409202609431,1412120576524
D77D14C7DC45904FD117656B91324DE4604EF897,400,5,1405397592000,1405397592000,1412120576524
D783467ADB577F66B03E0D6C3159102D12FD199D,400,1,1405450083719,1405450083719,1412120576524
D78B1087DFA892AF1775883DEE8D8C5A5DA3A896,400,1,1405123078083,1405123078083,1412120576524
D7967B3426015AD99A09FF58D7F9E3E11B185185,5000,4,1405203632827,1405800127943,1412120576524
D797C664E58B5B74554889FE11123C36CF165A5B,400,1,1406394309337,1406394309337,1412120576524
D798D29ADF0B9FA1858620B97E2DB4358E49F0B8,680,6,1406391433780,1406401414705,1412120576524
D7A33F19A2657D7A9C87C14AA7822C402E71E227,400,1,1405569913467,1405569913467,1412120576524
D7A68B36D009C79E96802C7209662DBBB702DA41,2000,29,1405573308876,1405711299286,1412120576524
D7B0F51A059260DFE9F340F0C45D63CB8D6095F6,5000,26,1405066705565,1405595786989,1412120576524
D7B10B91ADC585AF77924A403F536C1ED75EC745,760,39,1404874453491,1404917851927,1412120576524
D7BB90E0BEEADF1EFB69AB12D385E7678553ACAA,400,1,1404902621395,1404902621395,1412120576524
D7C2EAE80AC41EC7BA120CFA13EF7CDBC556976F,400,3,1405806783817,1405806783817,1412120576524
D7C7E695A2838874BAF511B5496F36A45C0F4BB6,400,1,1406507159512,1406507159512,1412120576524
D7C80BA320040C94B98B3181F3FC32E41C895544,2000,12,1405404098316,1405891381397,1412120576524
D7D0E7ACB0F1B40670E2C4A8A72090113DE5552C,2000,65,1405039937214,1405652299726,1412120576524
D7D5420EAD7490217EDF8E9909038232E5360C0B,400,2,1406393761547,1406394642948,1412120576524
D7E8FF19EF4628957B79D35BE50CE31D74B47E93,400,1,1405477445091,1405477445091,1412120576524
D7E9C767B35B50099DCCAF2D4B198FE28739D5C3,36000,203,1404927244393,1408641085991,1412120576524
D7F9DD7432D14C0289261EA56B351BF83B47E947,760,31,1405208798633,1405209518765,1412120576524
D7FF8A544EFA0FE29307178314F97A45B7B3E397,20000,90,1405882665107,1405910603457,1412120576524
D803A9CFF3B4CB3AD67758139C24B4DA7D0D4AC4,760,14,1406435073467,1406435564136,1412120576524
D80D138E7449EBA372520083CD74D4221DD8FAB6,680,28,1405310092739,1405312942523,1412120576524
D80F58376D489659511C7B9BD6D27562AFEFCC67,608,9,1406117048896,1406117065079,1412120576524
D81F0EB6CE347010874CB6B3173BF1E8CEE94648,2000,27,1405461098349,1407663070673,1412120576524
D821D24F283272DDD81C27FA84F505D428E8087D,544,13,1405742710374,1405743068939,1412120576524
D827D20FB8CCE8B5A46302B4646868576D7EB9E8,440,4,1404430549730,1404431133314,1412120576524
D828737D9D984DE1831A29C5109D85FF00315123,680,12,1404604077696,1404605653960,1412120576524
D82A3AEEF85AD157EAD43BAF3C9A5F0ACC0BE2A1,400,1,1411102309136,1411102309136,1412120576524
D83B8D2AEDF419E95C7BFD5D8CFC00EBADADE862,2000,33,1405739438449,1408659256671,1412120576524
D8412CE1FF25E3BC9A83CC993EA38B9C18D2AD62,2000,44,1405463290901,1407962959430,1412120576524
D841FFD5D8F2396F1962B8B3E3805EB2943B0EB9,488,8,1405838162112,1405838174442,1412120576524
D84264835DF0DA909568DC1E0C2017399548C77D,680,6,1406547323535,1406547373056,1412120576524
D849B4ACDA1FE9A8065CB2F3EED3783D326D35B6,440,8,1405135781845,1405163426095,1412120576524
D84E45CBF77ABCB5767E4E1483723B3FE0C98496,440,11,1406070541917,1406070658696,1412120576524
D855F1D3A30A4BD2BF822CEA2BD9108CBABAF286,400,1,1406240665182,1406240665182,1412120576524
D85948807C49277956764405AE2B5696C00590B5,608,6,1405453666635,1405512405133,1412120576524
D85C2343022797491D54248DAA700D0F1A81FC79,5000,24,1405747962792,1406172167475,1412120576524
D862643BD56AFCBFC21B2DF7F45D934FE81D6A33,440,1,1405494569228,1405494569228,1412120576524
D864FFC3B9410E2B6C1C3ADD2127EA4CC3C48557,400,1,1404871750809,1404871750809,1412120576524
D86D64A6EA1760F20574538CA7099A73270FA343,608,15,1405185711785,1405200865775,1412120576524
D8702E2009979DCEA6600DF4FA4F445C6437A12A,15000,83,1404913753721,1405692290799,1412120576524
D874791892C159E0D7872DC71340507F6657C154,2000,33,1405786350139,1406577593209,1412120576524
D87C07518B6B7401A4F4716E2A2CDAE75108296B,440,9,1405991155477,1405991343881,1412120576524
D87EC732B194DDCFE6663CD8C25457D9F0090B39,608,13,1406175067973,1406175236371,1412120576524
D883C4A79A26C4554191FD2A10F6CCE239E97A79,70000,161,1405699039916,1406578888397,1412120576524
D8879EB275A36A3DFEE40DCB0E67D7223EA91E40,400,2,1405491600028,1405491751642,1412120576524
D892B263E543699D2E7C758A413F0D8D97655A9B,8000,72,1404986294478,1405998790592,1412120576524
D893802B33D32A30A5A73B686BCC19E08EAFC64C,400,1,1405580670928,1405580670928,1412120576524
D895F7832FF5FB8F22876BBCCA60969FCB4777F4,5000,12,1405882892320,1406159364175,1412120576524
D8A0F707B0991902C6595D99CFF226C6BFEECCFB,2000,36,1406169821707,1406254724434,1412120576524
D8AD6D2E5AEE60B8460B0F7E40463FD1D567C3C6,440,3,1404721366033,1404721585794,1412120576524
D8B9BB6CA22A934D3793607FC2753AB0E4D0DAFC,400,1,1405051261773,1405051261773,1412120576524
D8C0C41CDCA4177F385AA9F4AAC62EB653911828,400,1,1404966894236,1404966894236,1412120576524
D8C3BA191CC6AE4E8CFDA2F037B26D05F57A47F9,400,1,1405044489355,1405044489355,1412120576524
D8D7F5D7EC920844ACA99E2AE236A5444D408200,5000,30,1405999085898,1406619956483,1412120576524
D8DB2DAA0129CFF3026A52E7F18A34B15BA40BC4,2000,50,1405990066693,1406248228283,1412120576524
D8DE8344F2F46CD1AA5F04AC8A8CDCD9AA96E6C9,5000,17,1404997680182,1405094295837,1412120576524
D8E971FE85C5475AAE8717924838F6E69F7D1201,440,12,1405050382217,1405132954965,1412120576524
D8EB100A82DB517063F52B172503FE02BFFCADA5,760,8,1406640324957,1406640665575,1412120576524
D8EE95B6DCAF93195E25325FA4A249BE2AB33B3B,400,1,1404956291559,1404956291559,1412120576524
D8F5FA314533A05C9D31B54D0056AC651A6C74D1,5000,34,1405793557887,1405794733744,1412120576524
D8FBABE7FF63E714607E748E96C6781D41ADE155,680,7,1406585664040,1406585700617,1412120576524
D8FC9F520630AA9BEB77868F5AD4A7BAE2D27F59,400,1,1404873116248,1404873116248,1412120576524
D8FD1D43DFC444CCA2CF020DC1DFCB1B1B81A445,544,14,1406761918208,1406762099423,1412120576524
D8FE5165596ADB6BCE107CBA355166EA31A78D2D,5000,6,1405607434709,1405686057170,1412120576524
D91A93000825B5F14906BC85C58C444CE1BB39AA,760,15,1404334851782,1404334893029,1412120576524
D91FB5A35E76EDCC5BF5F721D97D17859272372C,2000,41,1406693866138,1406777922364,1412120576524
D9256D0453B5BA978C19960A5C837AE7FD2E04BF,544,19,1404267367742,1404317590753,1412120576524
D926820DF280C4E81C862B3DC3F115302A42567D,544,16,1405356887392,1405357441595,1412120576524
D92AFA469E0AF6E940E9F8194F4A3E11564F96BD,5000,49,1406659575848,1406696274506,1412120576524
D935C2D558B2E57E73318AFE0B276B9C202A5451,5000,35,1405259538855,1411656616856,1412120576524
D9366AE17F56538176CE5438699B9A12EC6C6DC1,5000,12,1405565767374,1405687572334,1412120576524
D9470CD37BB7A24FC42F8FA22C9354436137D3DC,5000,46,1404951738627,1408370152062,1412120576524
D947511A00C6FB89EED8777FE78BE8137148B432,760,26,1405445560214,1405716463661,1412120576524
D94A96E2B938431607B6C4A4A24553B96E9C0EDC,2000,32,1405953305629,1405954913060,1412120576524
D9506F6EB96240DE719EF76CF05FF251B47890A8,2000,3,1405186295473,1405201493468,1412120576524
D952B6E9C61605CA3E468B239C477A4604DE1666,440,4,1406133130489,1406133352576,1412120576524
D964343BFC5B7F673C033E9F3D0933B1E6B80154,5000,15,1406428094492,1406428894737,1412120576524
D9653CD90C521B0AF5927D888C99685473C27DCF,760,17,1405516012799,1405577162510,1412120576524
D97385F5A5B021D8EB5F8AB08D5292117ACECE5E,400,1,1407589146326,1407589146326,1412120576524
D9745924509FB53679D0FF99D9C5CB9883BAC8D3,440,1,1404319243982,1404319243982,1412120576524
D97B474BCF55B88592EE42216A2D39214F868CFC,760,9,1405567560025,1405620871494,1412120576524
D97DCC46B31860C5008EDE293955B3A2222342E8,5000,52,1404853437016,1404853959728,1412120576524
D983E1B803778E0C175A7880E69F7AF75BD302EE,400,1,1404628284339,1404628284339,1412120576524
D986A1BC8F2F368C60451FF2AF77A853F52A3747,2000,22,1404486692067,1404498986952,1412120576524
D98EB34C13D22A7ED1D28DA69F5D7DAD378A102F,440,7,1406574003940,1406574016801,1412120576524
D9912B2692EF4A51CF99BC95FE116EA89CA1CDA4,488,13,1405133683025,1405133821400,1412120576524
D9917F410AAF3AD401A82A7AB82610AB409FFB8B,544,18,1406420182384,1406420750644,1412120576524
D99BA65EA804C1297DB61B3D57FCF35B32460BC8,5000,2,1405734188961,1405734502125,1412120576524
D9A20D0791021AAC87394898FC0B89308B45D897,440,4,1405729929354,1405746805439,1412120576524
D9A708C54FE43448A8FDEEE1A15532F64C79C6F6,400,2,1404930406097,1404930519966,1412120576524
D9ACD945690CDF98D53B456E95ED3F79F8DEE2AD,5000,17,1405665573501,1405778155176,1412120576524
D9C3EDAEF002623DF6F10F8E1DF07A48CEBEA122,5000,23,1404876487609,1404877449007,1412120576524
D9C418BC6CDFBC6C61690666824ECD8D08A358B5,680,14,1404950701147,1404951078865,1412120576524
D9CEF73D0593EC71FEC28892BD5E1E80E84E1667,400,1,1405090741937,1405090741937,1412120576524
D9D430C3B0D6086182197C76EE09C7E39A6DFCC2,400,2,1406407545539,1406407545539,1412120576524
D9DF4B3D4542857F99B881D37DF6F96B38E68F4D,488,16,1406732752392,1406733134283,1412120576524
D9E4168CFE292BF288F9B76A1E03ECE2BED36286,608,8,1405826305178,1405826419407,1412120576524
D9E50A2C3E2E5E53A5B370D26CD3DB2464C3BA5E,680,11,1405560351828,1405781025743,1412120576524
D9E98D4A9D965D8ACB2228A3AA064D6DBA2A8532,400,1,1405835677996,1405835677996,1412120576524
D9EA2A942CBC7EAF83BCD60A12943B8BFF7E519B,950,77,1404928390077,1405206129561,1412120576524
D9ECDB9FEEFAD335C13255670C0552FC48824869,5000,14,1405211804188,1405221234814,1412120576524
D9EDB4764ED9F28BA285CBB72C6A9EDE41B2E308,2000,50,1404795782234,1405974904353,1412120576524
D9F19DE00288590333F5438F3C94DB7E5D936736,544,9,1406567741503,1406747247294,1412120576524
D9FB56DA0A485B7051C7FF8C6D4999B5938B6C6A,400,5,1404927462758,1404927462758,1412120576524
D9FC3A95EEF63CD6104F0FB699098D691022994C,544,11,1406751832279,1406751930259,1412120576524
DA03FACDECD28FA27FD56888C20EF48893C17FC0,2000,30,1405008179185,1406477468436,1412120576524
DA0EEEE026778E5AA5234CAD70774A3849A6A4C9,440,2,1405752947310,1405752947310,1412120576524
DA10734DE27B9A94AD5050E2B5CBC58CFEDD06CE,5000,6,1405023584196,1405397362324,1412120576524
DA15C41DC5D5773B6D12E09C885443A2A1464E71,544,19,1405261922301,1405351498216,1412120576524
DA20E22F819839DD42F99800C87EE55EF9358995,544,8,1405039861387,1405039871308,1412120576524
DA213A44992C4089736F094161C0C8F095DD02FF,760,8,1405337176830,1405337302879,1412120576524
DA30266D9784A190E824F3051BF89D56CB2B24A4,760,14,1405569198732,1405569321626,1412120576524
DA343255F32D01A60FE31BC9AE3B1E66D995EB6C,400,1,1406512556240,1406512556240,1412120576524
DA3783C8671EB0CCA04F7A90B07989F5ED7F7AAB,5000,20,1405153176365,1405460092913,1412120576524
DA37B3A7F2B241E43E60BB37290CEA53223D63A6,608,13,1405397290433,1405397483907,1412120576524
DA3833BA43889C338E6F184B0F821D048188AA58,20000,68,1406753995943,1411189103294,1412120576524
DA3A8F92FBA2CCC6DE8076B91B4C159E1BC32120,488,12,1404957841906,1405027352691,1412120576524
DA4526EB28BEBA1042273B3B08EBBDD264FE70B7,488,3,1406854538599,1406854538599,1412120576524
DA493A29279B1A18274CDF1B183D08E59330903A,5000,9,1405224584374,1405225148267,1412120576524
DA54FA84D78A522DCB4DFCF3FC7D8431E359155C,400,1,1406317092835,1406317092835,1412120576524
DA566A6136B08228D697E3424C71E4715D7E80FE,544,13,1405646250208,1405646369205,1412120576524
DA5CFC06FD3479E4EF38BC23BE79D1E0D625B562,760,22,1404907502808,1406522871883,1412120576524
DA5DF2BA016ECFC2AC137C1B107928F9D8FD9D42,760,18,1405477021031,1409100636473,1412120576524
DA656938F84BABB6D358FDD8F50EE79F6A1DF1C9,5000,9,1405141980640,1405142609301,1412120576524
DA6678F6BA035C7EA036D88CA8DBC7AAF8DBBAF8,2000,36,1404950510041,1404951630795,1412120576524
DA780B79B216C2408F658440A9D693906DC64099,400,1,1404718853546,1404718853546,1412120576524
DA7D09455F8C6D20FC839279498F8ECA378C9804,488,6,1405473713408,1405473723795,1412120576524
DA7F519A0C1E40ED90195440D9B777BB5F3E0CC6,400,1,1405439339965,1405439339965,1412120576524
DA88B1A36EE0A929B31BD0D857FD85C76E47911D,608,21,1405097260931,1405186105246,1412120576524
DA9754436F6B6A5DB5AED1DACC48ACB7271A5CC4,5000,22,1405338972472,1406016215313,1412120576524
DA9DC28A07319D5F9A6F7EB55813238ECF742466,20000,86,1406052425270,1406138327099,1412120576524
DA9DEBFB6EAE0F5BA69393E01827384C0CF88692,488,11,1406029424024,1406029619451,1412120576524
DAA2603EEAEE974D7421E8F2D89E430DD3105837,680,15,1405371955166,1406561844189,1412120576524
DAB7164F5F7A6742D29F57D1E892BC1C41C4C781,5000,45,1405662696890,1405765315744,1412120576524
DAC0B451F51C5E930C1E137746194CB993AF1D9B,608,20,1405282812311,1405283138313,1412120576524
DAC8E5FCEEB3C4C5805A3576149775339500B27C,5000,44,1405051099796,1411106536673,1412120576524
DAD07B47EF19D809CA67992756EE8B900993A662,544,12,1406119339127,1406119386356,1412120576524
DAE49A450C539DED411A3475257370A29BA111E6,440,6,1405388832780,1405388843857,1412120576524
DAE533F0483705037C86E0FFDBC220C189371B1E,400,1,1404618574833,1404618574833,1412120576524
DAE90E3E2846809C7D5F3B80DA25B5B607950718,2000,46,1405830061699,1405954146911,1412120576524
DAF58DDDDC5FA7F0439B11D1C7B3741285B45DA2,3300,38,1405300128533,1408141468837,1412120576524
DAF88D5B5F10147656CC7885972309F7BF00E97D,760,9,1405464636606,1405464738387,1412120576524
DAFAAFFBC351FA0BF4F6E1BC9634773AAF65DE5F,680,7,1405219494169,1405219510012,1412120576524
DAFD995E5934FFCEBA6E0E29F0E629C968D3892C,608,16,1405178013989,1405249541806,1412120576524
DB01B97885B68875DE8E69DA2C08242DA99C7DBA,488,8,1405388610036,1405388627714,1412120576524
DB036C18B3E2E4055E05230EA1D7897B9D985922,440,3,1405865646211,1406430954921,1412120576524
DB0401BE6E058A4A65E563988C470933DCC89079,5000,22,1406682404599,1411324759712,1412120576524
DB075EFF8B9C644233411216D7C02664C7E46008,15000,77,1405189849933,1405895716958,1412120576524
DB0DA83B910F1782F037CAEED94D57D700250C63,440,6,1410446695290,1410446709840,1412120576524
DB22EFF6C5816E42A35A180F3DCF291ED1A823C4,400,1,1405333267648,1405333267648,1412120576524
DB29434131A1D48FB25ADF1B39DD05A8C9870903,760,13,1404983965681,1405008649421,1412120576524
DB2B1C6E82DCE3FB7D4AFC32091B38F59A291C80,5000,30,1405387649568,1405613568143,1412120576524
DB319F0C714F0D99B4B594320F8BE660BF4F2030,760,28,1406219899012,1406222953286,1412120576524
DB33820007BE2A168BF9B07836F101E3DF624E9B,400,1,1405475592803,1405475592803,1412120576524
DB363993A14941036BEE6C824B3643A7FEE43052,440,2,1405752310516,1405752310516,1412120576524
DB37F06661422237AEA177379A25A22F912B632C,760,12,1406620762446,1406644887944,1412120576524
DB39835F67AD43CD57E37125F7EC1853CE3CCC66,2000,28,1405423841763,1407059576538,1412120576524
DB3D1E2368D9338CAFD29EA16B0CC995D4A4433B,440,10,1406677273574,1406677546883,1412120576524
DB3E2AC6A79DF46322CD30CD26B2CCED950A0D06,608,15,1405040593985,1405041361643,1412120576524
DB414623DE70C8CD8F96F742658DF90B82F3C3AA,440,8,1405419054005,1405419249199,1412120576524
DB414D583432F9BF1FC424B4365D277FB712A45F,5000,12,1405060196038,1405139112900,1412120576524
DB53204DEB4577641261A9366ECD1B8CD919DD45,440,2,1405254372089,1405254372089,1412120576524
DB57CDF3C33E02190F4C4A35094E9027DEBC3961,760,31,1406432503184,1406500512515,1412120576524
DB67DACA76315FACF50FAB4161F82D692868FDCE,400,1,1405602030224,1405602030224,1412120576524
DB69EDD982C5E716E9DEB4C79989A9574DE84A34,440,4,1405482412660,1405482412660,1412120576524
DB73BF084D4AAB6A315410DCB3B68F03E2B75A4E,20000,107,1406288198700,1406679655123,1412120576524
DB77F092C0B58763C5177438DD1D0BFDEDEAAD3B,760,26,1404278385611,1404419228703,1412120576524
DB835B95CB2A40B7F5313759F348AAB098D0ABA7,5000,9,1405419117876,1406531916184,1412120576524
DB8471207952A879BB2020A9F59D1F748FF85FE1,680,13,1406154037585,1406154240756,1412120576524
DB84B1BD76A4759D9CA9AE8918E7A4B249FFD6F5,5000,15,1404985136109,1405037247932,1412120576524
DB84D2F0A3E8C5267B9E94C60E1E9A74EE262236,5000,7,1405126606368,1405127261730,1412120576524
DB866382C0D83FB18EFCDA7CFE942ED60D3A0F6E,2000,34,1406647198353,1406661227984,1412120576524
DB86E1420303C0BBD4040F45D08E2567AD821CCB,2000,15,1405475800740,1411229491907,1412120576524
DB937EAF2C57E9554D4E53F5BD6BB0C03D47F242,400,1,1406015225354,1406015225354,1412120576524
DB9DB65B52FF74660CB78BEAE30E43D63E614484,2000,50,1405979888729,1410635542822,1412120576524
DBA28BFCBDD024F282127C5B87B9CC0F54CA3982,544,12,1405563122239,1405574406467,1412120576524
DBB60B0D6491FCA6ECECC3D6B7370C568617576D,760,25,1406222825742,1406224939788,1412120576524
DBB9727060D1AB607BE63335CAD7B8DAB829A7B9,5000,11,1405309102678,1411684630743,1412120576524
DBBCD228F77B9D6161B420C32537ABF83297567F,5000,30,1405565918278,1405753054758,1412120576524
DBBD0B2E34F2B82C621A7CF68E1536015159D5EE,760,11,1406271432735,1408083029543,1412120576524
DBC3D081118CCBEA1E2014EB4AC1B6BC3817B21B,15000,114,1405237769855,1406182973674,1412120576524
DBC550D8996E21677B7690D49B50F5E62130BE6C,20000,97,1405323850763,1405794766244,1412120576524
DBE2334E7639EA15B178CD103D4FBF845FED1587,680,10,1405320508230,1405320747473,1412120576524
DBE23C42CFA91B52AD534954804E7FAEC5EA29A8,20000,22,1406339335463,1406568998209,1412120576524
DBEF4D9916B76E482567402EFC0CA9AF509FFED8,400,1,1404978648251,1404978648251,1412120576524
DBF2BD4BA4631DE9E8F4611F37FEED95AC118DCD,760,14,1405906042762,1406170974132,1412120576524
DC059BACBC31C46580C23E08E13701270F95D590,15000,18,1405587785512,1405761435756,1412120576524
DC13E6D3564836BBFA4CC721C0C48549F7A292CA,760,17,1405902447923,1405902728554,1412120576524
DC14243EE094B8C0E81A7EC2B14EAF75BBAC032B,400,1,1405051041258,1405051041258,1412120576524
DC34CE7B6A2F861904DF160534E621E838F88D3A,2000,47,1405219728209,1406136883531,1412120576524
DC3DF4500FFFF328F6F28DA09A6CD32C026D607F,2000,4,1405309207102,1407290717121,1412120576524
DC3FC505D2DBE5B567C570FD3FD3DD4ECD73558E,5000,10,1405632212708,1405632601790,1412120576524
DC4009CD9CB5A7AB81719460DD5D973A4B57E4C7,760,21,1406677163321,1406677486008,1412120576524
DC419DE03EDD5F557C4D1AB81BB57512E7E2FA8C,70000,166,1405124249453,1411559144989,1412120576524
DC467271FE0454D5261715E490092C3B7D8759F7,8000,54,1404670683226,1404915086801,1412120576524
DC46FAA2F1D1684F78A686F582F88C7161DD3406,680,4,1405476193097,1405808997373,1412120576524
DC4918DC310CFA241CB86B633357551922819FC9,5000,11,1405922770356,1405923191804,1412120576524
DC541C1186D79348999DD1595DB49E356731A71A,488,8,1406680451073,1406680471658,1412120576524
DC64307E230B8B96591A8C2A1FA89B7A9AE9D0AA,8000,43,1404968976356,1405147172419,1412120576524
DC751AAD4B906EF86F4675E6A6B07E14D8F035E9,760,20,1404880927196,1404881791198,1412120576524
DC7912B96CEC7369779AF7E618652054B9D6142E,440,4,1405184759213,1405298443531,1412120576524
DC79385FAB27300FFB83A365ED3957CED6E7ED47,2000,45,1405147435431,1407376968197,1412120576524
DC88D0870B1518CD9C0A370F42B36A07AB449C17,680,19,1405192094909,1405192401604,1412120576524
DC8E32D5B1679F4F59CE20D3A501448382347AF2,2000,23,1405165520580,1407213906253,1412120576524
DC8FA106540574B04805413D052E74B01B210D90,440,2,1405387431065,1405387431065,1412120576524
DC91C9BE400826997B329EFFE82466830F0C6DC5,2000,46,1405432933239,1411132334688,1412120576524
DC9692759E3632215626F89A87F4FCD9BE8ACAB1,760,23,1406591503088,1406606247741,1412120576524
DC97F169E47AB9397D663B8194FB68AF902D4ECD,400,1,1405519807757,1405519807757,1412120576524
DCA16FB2A07691A2CE949B32FD6EB9995BCBA0D9,5000,28,1405488954882,1405489415121,1412120576524
DCA28926F7711C1AC12206C6D84CF27B4EB14165,400,2,1405392940215,1405393087497,1412120576524
DCA497D8C8B17C4BCE095FB69AE26B80D6ED1169,400,1,1404281085352,1404281085352,1412120576524
DCA89C9FEE549DBE969A4CD738AB18386AB3C82E,544,14,1406290502515,1406290757594,1412120576524
DCAB725F67336218D48BD473750AE93A050C80C3,680,15,1405480661167,1405611729804,1412120576524
DCABC2A7B319EC2B9F608A585AE1D68827212BA3,544,8,1404715288521,1404715302270,1412120576524
DCD5D76C50F2271AA10A58A16D678A487775509C,680,9,1404758313165,1404759073369,1412120576524
DCD658F113E48B1FD00EC0320A712F1A6863224A,5000,13,1404960667750,1405012111448,1412120576524
DCD6ACDAEDE569D14E9A4C0ABF8A1AC13C9F70D2,760,20,1405337111005,1405337423907,1412120576524
DCE2FC49BCBEF906CEB9BA3586A5E60E3E320DF3,544,8,1405201020936,1405201140976,1412120576524
DCE7432DC2D2C116BAC602A053E4639DAB008A47,544,17,1404895628931,1406532921795,1412120576524
DCF15A0A60894BF8148F66F9BDDE1A50265109D6,760,25,1405945530871,1405946319794,1412120576524
DCFDE6351F151A597919580FA9CD3543888E2307,2310,40,1404585217854,1404649666688,1412120576524
DD096C18E1752DB183F03C7073F6F5F5FAC89A76,2000,27,1404880515363,1405575626154,1412120576524
DD0DEB9FC8010B594E9444A4DA02CF97C3DE10F4,760,9,1405714464772,1405714637260,1412120576524
DD0F79F77EC7B86E68E992B80153EDAC8C81500C,400,1,1405302443007,1405302443007,1412120576524
DD0F7AB32D2AEA42195E989E548057241BAD46BA,544,13,1405199814958,1405200804865,1412120576524
DD0FA39FF83CA097A5104D760CA1A1178DBFA867,5000,67,1405453093539,1405619437695,1412120576524
DD18D9B578F1A8AD2B2F3F4B3FAD6D68CDD9BC1A,400,1,1406347816319,1406347816319,1412120576524
DD262752B29A10B0E686BEFF3250C3067FE59741,5000,12,1405209878282,1405325613332,1412120576524
DD3F7269C312D399E6133A62BB13165CE0A2F99F,760,27,1405045045880,1405087955511,1412120576524
DD41668B2D8087907F859B7ADC3B0C8B263E26BF,400,6,1405609507983,1405609643254,1412120576524
DD4BC5FD5B7E26FA9B39D331B2B054F112B4226F,400,1,1405300141629,1405300141629,1412120576524
DD5AD42E6E6484466AE2FA34461B530FB341B1D9,608,13,1405186235390,1405186633250,1412120576524
DD5CFD05EFC3B3D6B041EFB3A478BF8FFC141D04,680,6,1405816474390,1405816488048,1412120576524
DD63CAE302CA8E8318532F47FC47204A3E81CA20,440,7,1405119453164,1405119474076,1412120576524
DD69912ABCB5B7F58579FA4633340084BD92A1CD,2000,27,1405861654190,1406202174888,1412120576524
DD6A7D8BAA566608FD5136B3BF3564E9E74DDAB9,760,14,1405208546650,1405211924536,1412120576524
DD6B1CB0E12BA5E901EE7FD79B78D5FAB79F1F32,5000,22,1405395920056,1405397353552,1412120576524
DD6DB4806F96E8B79003D193EF6F310244AF8B78,440,15,1405385754137,1405385917353,1412120576524
DD70A06FE7C05E9B8BF61AABE4572FBE04D94E0B,760,34,1405044859355,1405142236115,1412120576524
DD7285F22BCD3339A9E7D3286E71E872A61868D4,5000,11,1405224733381,1405288695650,1412120576524
DD76D3BEE1806885A8495A1B773E73EE0DEEC3D4,400,1,1405402668371,1405402668371,1412120576524
DD77A86AF7E0A261D5CC16BE4996CA3122E64823,5000,39,1405138359079,1408466466843,1412120576524
DD7DF52E421EC0907EAF418E61E10A3C44ACBCAC,760,16,1405447410604,1405447761170,1412120576524
DD7E83835E7A269829F25440A778E4AAB52A41AD,36000,132,1404871644875,1406160366059,1412120576524
DD7F06FDCF23A37DBECC3FFAFBE1F135EE9C3F3A,5000,27,1405385904062,1405624260767,1412120576524
DD814DB053C614DCC445A3FE72C6E22F8DC70627,488,13,1408120095831,1408120445515,1412120576524
DD826DA47C8436F8191DD054431816F0C50559EF,440,6,1405117718487,1405117779048,1412120576524
DD8ADF99528D34C0B63368C60FD96CBE53C5E7C2,400,2,1406398115362,1406398115362,1412120576524
DD8B5BA25DEF128A0803D29ACBED807C4926F854,5000,35,1405129637307,1405142993706,1412120576524
DD8D1A1F43FCFFE604E80539C5E215366280AFBB,760,5,1405497827797,1405498040031,1412120576524
DD8E5C06509AF091071315A3B59EC57E8DD908E7,680,6,1406137572137,1406137586711,1412120576524
DD95234A4D4F5BCEF3C11C8A4844E45DF97C609D,5000,17,1405463047674,1406275877512,1412120576524
DD9B7A7BD6D89C143CE6831474152CC6E7E80DD5,400,1,1405409646059,1405409646059,1412120576524
DD9C7E15EA5224CF68D3E8CD5103DFE2AF4BE983,5000,2,1406706741349,1406706961821,1412120576524
DDA588B9BC3273D33F5FEE8B9A3642FC48D4BC1A,680,10,1405527226669,1405527402282,1412120576524
DDA8DFB9D59EE8EEFCF3739F08B2F43586DE897C,488,8,1406591104931,1406591126710,1412120576524
DDB287B6BC88ADF7240BEA171C4D78B9EBB11903,5000,26,1405973964598,1405976898238,1412120576524
DDBC108CA0F1AB6DF41C1FF82F5B66619A0C50A3,544,6,1405518128974,1405518147273,1412120576524
DDBDAA0AAA6BA4F5BC16CCDA49CBCE06C9EA9446,680,7,1404301448196,1404301575014,1412120576524
DDC3037C6FD63EBFAD04B5B2B12D6A3D4A52BADD,2000,66,1405300380578,1405515107234,1412120576524
DDC5C4D64F3BA855F7FB2B9AC5CAC9DC0D4EB4CD,5000,39,1404960702690,1405545699817,1412120576524
DDD6CFB600CC2D0C600087C2275555F2ED18E7A9,488,10,1405097203460,1405097217028,1412120576524
DDD9D0C87F4151DE60FD52FCE2A653C8BC8C2609,9500,90,1406184135617,1406192641087,1412120576524
DDE0DD38ACA8FD760FB46249401CA6ECF015B528,5000,5,1404777762003,1407409120331,1412120576524
DDE79707843E2C5742FAD5203DA77930B87A6906,544,15,1406238763891,1406239130614,1412120576524
DDEA8A0B8F2606F48963AACEF8A954629503C85F,544,14,1404804669274,1404804856239,1412120576524
DDEB69280621B8CAF65FA9FA93C78BB89CB9614F,2000,33,1404876264320,1404878357679,1412120576524
DDF4AAFF892385D29D28855992D83579D32C5435,488,10,1405045891267,1405046136314,1412120576524
DDF8F8BD6214CAFBEF6E27EE0D898BD1CAA5CD1E,440,2,1404867097270,1404867097270,1412120576524
DE186137D9AB722BE385D7BB98FCC01C4FD6254C,5000,41,1405049856263,1405305891894,1412120576524
DE29CB53DB5A7C8643AA4E2591D7E031E3F88898,680,13,1405473002402,1405473767880,1412120576524
DE2B3F2D0E929AF208748678F2376575BE9E77F5,9500,70,1405484264303,1405490330247,1412120576524
DE304C8922B9F08B4C59DF8E30A79970518F414E,5000,25,1406553421783,1406893683629,1412120576524
DE373115673F6274A36A344AB70CC3387D98D333,488,8,1406425711382,1406425942348,1412120576524
DE3D839F0705ED5EB1D86D777DE979DE35A59CD9,400,3,1406128954351,1406177675282,1412120576524
DE3E88C08B027C409BBA751B819FF0BB8BD947D6,608,12,1405061226845,1405364447190,1412120576524
DE5790233789A73C540F6B9CFEAD011AA60F3CAA,400,2,1406198122539,1406198394244,1412120576524
DE5FC415203065F65C159ACA28ACC0C4BEA2B32E,2000,26,1405092653468,1405128680645,1412120576524
DE63B158041DA2CC2C31897616711FB67A7AEAB2,608,26,1405303021387,1406053511652,1412120576524
DE6AC36A313D4752464A7756B710248A50E7ECD3,2000,12,1406078991893,1406079967313,1412120576524
DE71198CF1623BF1FE8E4AAB5949DD56B37EC0DD,400,1,1405285710220,1405285710220,1412120576524
DE711B8938E213403F8ACFDDE3100F2A03E74F0B,5000,14,1405858659046,1405859046461,1412120576524
DE7355C2C2D928525D2F8DCFA8A2FE6A45BF34D6,36000,152,1404888000992,1411870689595,1412120576524
DE80CAB775E3D528C990761C49767CF5DDACACED,5000,16,1406252576360,1406915200146,1412120576524
DE859FBC63C6BAA6C5A3E2F4BC7068D2D252D39E,544,11,1406590283018,1406590406609,1412120576524
DE8DECD4A745818C96841BABF37685AF4CF46F69,488,9,1405557600182,1405557619206,1412120576524
DE971CEB1D0A77CB05C45A998B080522298E00DE,400,1,1405607418107,1405607418107,1412120576524
DEA51E90664D964FC7C25A89AE3DCF708F8DAF4D,440,5,1406375179327,1406421177486,1412120576524
DEA9B3A58CC30E35F541B164754226AC6A6DA63A,400,1,1405402528472,1405402528472,1412120576524
DEAB2D104E691A493F07A2E0A763295007F03B80,2500,27,1405049223683,1405050178375,1412120576524
DEB091A5DA814AF572C3E3C4D9328F9E6C02F62E,2000,29,1405363113319,1410235083453,1412120576524
DEB5F426831582183125320927C3D7BFFAC0DCE2,15000,64,1405300391844,1405565074550,1412120576524
DEC7C469866370D4625161BB92B7EA1D4C11CB9E,2000,39,1405384735318,1406005584395,1412120576524
DECD301BAA474400C99999B52B664A8B6CA3D603,950,18,1405406863116,1405480345688,1412120576524
DED5ACE6D78B29AD211F545F7CD2E9F7BF47AFD8,680,11,1405101692017,1405101853737,1412120576524
DEDFC3A0FC92959F5FC230338509178EC5C7EE2D,20000,15,1405073861252,1405436028238,1412120576524
DEE84999C4BD84DF26B7BAB80AE3FEE27295E78C,760,33,1404876797340,1404922863196,1412120576524
DEEF5AB606A6E4DE5EE75CE21F0B8A613F810262,488,6,1404925147217,1404925247904,1412120576524
DEF5CBA62E135365379DD267B976548C97E0C588,400,3,1406037196428,1406037363459,1412120576524
DEF656B609419A79D5317E45374E43C90857340F,488,10,1405623595686,1405623862468,1412120576524
DEF7632D2709561E52CED0B02AB7E0C40D540A97,5000,39,1405130897456,1405177390005,1412120576524
DEFDDD4109603899E32DB20DE11620C5C310EC56,400,1,1404295013773,1404295013773,1412120576524
DF008C8A61505A378B948E1FEA3A1B1C57F49FDF,440,6,1404696436475,1404696591093,1412120576524
DF0678C723C87B3E55F66458771C156C9D215E4E,20000,59,1405385384884,1405685175587,1412120576524
DF07CCF06372EDCF7A56296A5FBCB57F8B2D954E,400,1,1405309518321,1405309518321,1412120576524
DF099ADD196124870775CAFD8F13F36470615B14,5000,37,1405137449610,1405735923347,1412120576524
DF0B69A644239A32F41BE5674CF3E7AFEDBA2BF0,400,1,1405405824242,1405405824242,1412120576524
DF37E4563D2F70F82B3CFFC4F8AAB4D9E7DB1DBF,760,23,1405375534460,1405376041481,1412120576524
DF3CA15AA7233CCB8E0EE6DFAE9069DE202277DE,400,1,1404467224741,1404467224741,1412120576524
DF3FEB9BAF057E796C994E0775BAC832C0AC8E99,2000,59,1405201485184,1405304680756,1412120576524
DF5405F59B35FE6B83DB3E6D0B86FD76717226D9,544,7,1404338681363,1404338689252,1412120576524
DF55C1A46714A60FC1C3264765244B6E6C1D8E0E,2000,24,1406992177720,1407191085067,1412120576524
DF58AB4C358D734B40DA473E4D6FA8B1CA89CDB8,5000,2,1405637200167,1405718158326,1412120576524
DF6178916AD0E0E923AC50DC2CDBED6E82F9E9B2,400,5,1406080083846,1406080108655,1412120576524
DF6AA4DFD65099529AE6E60E5C3B9181A9242765,2000,2,1405459293297,1405612023032,1412120576524
DF6DCB9DBADF6324BAD16EBF4F30DAA517530EDA,544,12,1405490970905,1405491687748,1412120576524
DF7ED4F2D82B36506A98A812E8F0C9135BB2161A,608,6,1405034629118,1405034804483,1412120576524
DF82FD4AF4442FD4E70AFC1D2BA9D2A9157D9074,400,1,1405825452250,1405825452250,1412120576524
DF87686671ECD16A80EA015A296F7A68E49FBE09,440,6,1405438684484,1405438856470,1412120576524
DF881885A0233FBAF78B214CA755D58E20CB98E3,544,16,1405003977799,1405004356146,1412120576524
DF8A0718E3D377FBCCBA77C3AA8627E0C043390F,400,1,1406234019680,1406234019680,1412120576524
DF8C6E3555B6770E8DA295011C33868A597F02A9,760,49,1405300270457,1406131555975,1412120576524
DF930DE135B216FF000895B34F96D1D4D9D27FAB,400,1,1406159216555,1406159216555,1412120576524
DF9F5A0BB1E6A462C50D58046185993FCB167831,680,10,1405944678795,1405944738917,1412120576524
DFBB9CE67917181B83801DDCB563D5D21E88D96C,5000,49,1404594948605,1405114559789,1412120576524
DFBE2E60049790A4D4395A5FFC904C22D3772336,2000,71,1405084660133,1409666756316,1412120576524
DFBE76BF124280A7181619E10275EA85F536A04D,760,11,1405461330884,1405653827776,1412120576524
DFC15F062F4D2D9DBC81FE3F96915C91B4F4BA92,440,8,1405558894949,1405558916424,1412120576524
DFDE13B70A693DA32D532479BD2DC27B356AC6BF,400,1,1405486296666,1405486296666,1412120576524
DFE7761390F30F89111D7AD369687C2FF4DFC22A,440,8,1405284447986,1405284497710,1412120576524
DFEA903661C1B1AC4937618C6942927C21097791,400,1,1405042852772,1405042852772,1412120576524
DFF248BE37E53A80D237AE00A8494ECFF60C47E1,680,6,1405216389558,1405216394777,1412120576524
DFFE54BB4B855774FAA8569FF05B6A6AB24698B9,400,6,1404380769906,1404380837003,1412120576524
E0001CD44CB81329C481BB4D68B80D9923279AAA,544,9,1405666684495,1405720564038,1412120576524
E00AF0E44BA61161F9719818326C1A471A4338B0,400,1,1406781337589,1406781337589,1412120576524
E00E406D5BEC3B096B378CC5F4ABEC85BD74393A,680,19,1406340602607,1411853487077,1412120576524
E013A69D997D055FE83C8A4959D8ECA32875DE23,2000,59,1405453848279,1406058333323,1412120576524
E01597FD5CBEEA81039E90845D4435968E52951A,680,7,1405717430509,1405717443837,1412120576524
E0180C22803BE570048CF8F275EEC3103974C679,680,12,1406494253828,1406494429537,1412120576524
E01E104CC5B03D1F6012173A69C00D02FA53413D,20000,66,1405797095459,1406641813157,1412120576524
E02427008DCF327D4885EF67C8014B8A0600FAF7,15000,53,1405973753612,1408328060933,1412120576524
E02F76EB46EF48C405762731254D89CDE00B44A4,400,1,1405668699397,1405668699397,1412120576524
E04479C4E38F8E2E6FCBA1A9E3BB754E7554A84A,70000,219,1404882780238,1407465677586,1412120576524
E048DB328570DCCFFD00DCC2246B9BC0C79C3D40,20000,87,1406315026309,1406338159662,1412120576524
E0543CDDDEE6BA66AD539629EAD6ECFEDC4A2868,440,7,1405912303042,1405912383898,1412120576524
E0585E55A392D9902F1D93C74BBC3D44830A20C6,544,7,1404867226836,1404867267983,1412120576524
E06602E47137A0A94E0C286E61FFCA28AAD80C21,608,19,1405273279768,1405305606123,1412120576524
E06FFE5E11B4B48A966B30D313D198F28A41EF57,488,5,1405476842614,1405476909003,1412120576524
E078BB6B550575746B1879D1DC079F389B05B812,680,6,1405530450371,1405530470351,1412120576524
E0884A548A566EA1356AFA87FFE236EC5762D58C,400,1,1405009961387,1405009961387,1412120576524
E08A84E04E0741980B5BA2E4C1D6E592849B25C3,488,9,1406167316839,1406197024147,1412120576524
E09840AAB65271E58EE5E95C7B2673BCF00F439E,544,14,1405148149377,1405148323995,1412120576524
E0994BA756A3D059A71C1C338D51C727BDFCC806,5162,65,1405671303402,1405687343618,1412120576524
E09A22CB8DD629BC15818B1A719808481074EAB5,760,18,1405102550602,1405307041230,1412120576524
E09C7137F3EA5257531AF4C235B99D8108B85E0F,400,5,1406535063962,1406535081368,1412120576524
E0A650902CC2DBD39B39A3DC4C61B6A9A10AD17C,544,11,1406016449106,1406016549051,1412120576524
E0A6F63560F32F7AE77386AC7AABF4A0F8BDBAED,5000,21,1405068517439,1405846523786,1412120576524
E0B3F72EB8EC23F5E7716F17CACF14C120755671,544,21,1405831947289,1405832990951,1412120576524
E0C130B234C04152B8DE59C27B1AE14EB5ECF411,440,8,1405368823902,1405368845866,1412120576524
E0D45F6512AD0FE592A9CAEB8DBFA40F5CF68A53,680,8,1405558627745,1405558809849,1412120576524
E0E0D99A8FDC408D11B75DC0F381055D8E11F3DF,760,16,1405050667570,1405369453786,1412120576524
E0E9F603C16586F0745308C8BA75C4B971A0ABC4,5000,10,1405315010875,1405315480537,1412120576524
E0F9E61AFA0FE1520F8AD4186562F56A26BA55DD,2000,36,1405388042513,1405396136373,1412120576524
E100D02FCE7C9CA3F11578407549818764086D53,400,2,1405317491329,1405317617369,1412120576524
E105C4F31325161C80F29AEDF74EBE7DC4F74F50,488,16,1406503547619,1406504284562,1412120576524
E10901581A3EC3EA0C306DFD6F2E28FCA2BDBB03,760,18,1404865368110,1404865794369,1412120576524
E11302172F9FE5539B4DED2231A005E507DD38D8,440,8,1406522665454,1406523108100,1412120576524
E117C740B23EBDC37D8C2430C2AF494E945A706F,760,18,1405135604718,1405136373069,1412120576524
E11D52D7C90052AA9F8A340649F18C1BF19C5A2E,2000,50,1406174849614,1406177420264,1412120576524
E1217D38AA2B1A5F441345B7BFCAA873A31D4B81,5000,4,1405387900567,1405388201831,1412120576524
E1235911B72865D74DE767E9CECF6FA6ABD8AABE,2000,20,1405152135650,1405220087101,1412120576524
E12B33E6A054E663E30356B1E252A6D4219A25E1,2000,53,1405382525004,1406381367615,1412120576524
E12F9449B2433C9E3BE60ED7B953E101E1E72691,400,5,1405382402730,1405382508032,1412120576524
E130D11CE573D925FDF8CBAE127A77FAF5DD0894,680,12,1405994616236,1408026572023,1412120576524
E1338441FD8A510788E3AC66F1951A3141268156,5000,17,1405444988175,1405658658028,1412120576524
E13D059DBDF6E836868B4472D4C9AAF436DFFACF,15000,58,1405779945221,1406621336283,1412120576524
E13EB6B139CC6D9ED1AEB3E9C637C091DE95BE15,488,9,1405875371183,1405875769239,1412120576524
E14482D07204DE1281C5DC7A26D5D6459EB2DAC2,760,33,1404872543287,1404874541073,1412120576524
E14D89012C110A836C9E2E6615B4D10A544AAE6B,400,1,1406709849647,1406709849647,1412120576524
E14E163FE882EBA135EB89D5FD5411994846B1D9,2000,60,1405127999746,1405526128623,1412120576524
E1520087114D00CE60A7C2AF8CB8FBC7A552168B,400,1,1405606298220,1405606298220,1412120576524
E15921A4D46488F7912C1C1A05E46877E25937E5,5000,22,1404363725959,1404573940367,1412120576524
E15EACA674365C21D84A8E85946B7AA603E0E34F,488,8,1405434661262,1405434688405,1412120576524
E1709586424027AC7906DFCEC866447578955C63,488,7,1406679476867,1406679489751,1412120576524
E17777CCC9D8836AF960085F79127C3000E265A6,5000,46,1404870542478,1404924768293,1412120576524
E178DDACD8BFEB3353BF380FB7D0082B0CA3B442,488,11,1405051493711,1405186284954,1412120576524
E185EBC5F4363B028B1E14298B719D85B4AA9EC6,544,10,1405934750052,1405934761227,1412120576524
E18F94D5D35CD2E25CD10DE7B38C5AEC433335E6,5000,9,1404436541681,1404436891676,1412120576524
E1901DE0C8B1D4AC615346941D6BA1E57163D1A8,36000,275,1404879859956,1412047276302,1412120576524
E19BCFA77BF388751E5F125C06042453514A53D2,2000,23,1405299966199,1405388654450,1412120576524
E19D963746D6ACCFD86F380C6744B6D7954848CA,15000,353,1405330579675,1410201161714,1412120576524
E19F878BCCF2ACAB19084738D314A720B6FEB755,488,7,1405479785631,1405480058432,1412120576524
E1A4AEC5F0BF1EEB7D31FCF3E8C8EC72C71936CA,5000,57,1406480457643,1407206193816,1412120576524
E1ADE2CE978880B365955B99077645A3ABE559F2,760,20,1405114264798,1405188685927,1412120576524
E1B7E707F58B966492F360C5222E3113C8513C6A,440,4,1406986830154,1406986830154,1412120576524
E1BD0E7DE43E688A720FF56342C5BB65D3C51C9E,5000,41,1405226798715,1405238696931,1412120576524
E1C2DFD165AF057422B50CE64ED2FC48F692BF2E,760,36,1406709703805,1406710046974,1412120576524
E1C30A01568D489CA79F6CE6693BEE88A5075225,544,13,1405054396956,1405054900199,1412120576524
E1D14FD2818A5C634F1CBD008254DB1BF998840E,680,8,1406345055250,1406345097090,1412120576524
E1D31BEEE6369ECC8FA9FB056BAC1CA3998A0AA9,760,7,1406476817919,1406476906733,1412120576524
E1D46A62C3DC66C9F0FC1D713EC13750F7459476,400,1,1405707453595,1405707453595,1412120576524
E1D6FAE7587D678AA6A59AB3D2261E3E8C2574EB,5000,26,1405103912313,1405244990880,1412120576524
E1DD218768E508118C2D071F92B452D0C713A768,760,23,1405486040234,1405627856942,1412120576524
E1E5EBE8614CD7859E9B8441E06197D7F42B3C3A,5000,14,1406302902319,1406330698655,1412120576524
E1E7CA0D46CBCAF94B334A4D8A45DDE1FA261413,5000,31,1405731404622,1406504553419,1412120576524
E1F11E168B469ED698BC2A80657F788906B0DD4F,608,14,1405531737201,1408311733589,1412120576524
E1F5C2BEFA82BB27776F31ABE6E7408AA0BBE90F,2000,43,1406322959372,1406706530983,1412120576524
E1F6EBB40A680A07362AB49D09811484AF975B45,488,10,1405905018042,1405970033050,1412120576524
E1FD00106B835D1D417E76AB7CBBF2E4176406AB,440,6,1405316646203,1405316659135,1412120576524
E20F187351141DE7477833D62D53081E5672926D,440,10,1406622679466,1406623702450,1412120576524
E21543D3F17D8F4E8EA8E2E0A37964CAB09BD354,2000,21,1405389713795,1405426498131,1412120576524
E21C60338A0F0C61112391BC34F77F8C889E0EE7,400,2,1405327595371,1405327595371,1412120576524
E22367FA29BC0F0DA6D6159BB4009A105ADE2A3E,2000,23,1405511464947,1405974720674,1412120576524
E229859A1C4ED75326D217AF31EEB101334DDBB3,760,14,1405123050723,1405268234227,1412120576524
E22F663DD59EED18C62660509356DAC2D00BD9EA,2000,37,1405219918044,1405361107770,1412120576524
E230308D55FB8296CA3B8071ED92E1D7670AB0BE,400,1,1406302859678,1406302859678,1412120576524
E23936B066636AD16908DD6B6D926EA98ED05BAD,680,6,1405911504665,1405911574615,1412120576524
E23A3B816C1CAB1EF1E50F30C7CEC61137BB7749,2000,25,1405045090175,1405095559716,1412120576524
E23CDAD42C8EFD088FDCBD3F431AD528833234EC,1050,25,1405337664981,1405386398239,1412120576524
E25EA2AE1AE6AB70AC6C1054B9640E0F2490DDF2,760,9,1405542177207,1405542580860,1412120576524
E26406CF01EE853C3CF11ED56E99FE3CEEF0284C,2000,47,1404954652568,1405437926792,1412120576524
E26A4A31794102DE5AED50E63E7B32906255127B,760,8,1406736893137,1406736979071,1412120576524
E26DAA96DCAEC9707B43C0B2DADF398FB467CD18,5000,10,1404921390310,1404921691673,1412120576524
E271C094D5F352814C39B2AD88764D84163C78BE,15000,96,1405173152951,1407151626124,1412120576524
E279B7A6A79C75C425832975B159DED531C3ABA9,400,1,1406558142196,1406558142196,1412120576524
E27CDB51BB6F77EB8C0850D92B73BFC763091638,400,1,1404293178864,1404293178864,1412120576524
E27E47FA1B6EE070910E3BDE63C352DDFF2839CB,488,4,1405246239863,1405246239863,1412120576524
E281D1AFA66A7D01177EF8902724194C7476CA0D,5000,54,1405537304902,1407243982969,1412120576524
E2A474BCFEBA94DAD25AEF90C8F22A5C1199974A,400,1,1406056270854,1406056270854,1412120576524
E2B1B81CBDE0D8478D5FA7A3F4E2B43D3B65F79F,5000,18,1405845405002,1405846630445,1412120576524
E2B3E4702011162B08FB744CDA4435BF2CFC70E9,680,6,1406211905478,1406211964242,1412120576524
E2C5F1EDEE3AF3E7614F6C5B4F4886188C68DD46,5000,52,1405344178667,1405533028186,1412120576524
E2C8852910424ABEEEDA353A9BD16ADD80607E17,760,11,1405917893907,1405918163177,1412120576524
E2E3E6F16468FD5AF3280B6E2FCB725017979361,760,13,1406306751441,1406307389619,1412120576524
E2E68AA74D6AEB452C300EE6D8D46E69A75A0E3C,2000,4,1404878112051,1404919273688,1412120576524
E2F1631EE42A4376BD10891D36E1D84B59E36602,400,3,1404955954199,1404955954199,1412120576524
E2F2956BC664B046B81B327F827B60E7D0B516F9,440,7,1404877717706,1404916015273,1412120576524
E2F4F2E0BF17FD87C7AC9736009DAE02E9A8DCFB,680,19,1405311807402,1405545253306,1412120576524
E2FE3DBB1075F28253182011B43D82769A023CF4,760,9,1405329311241,1405368207804,1412120576524
E3051B60903FBD606D60CF1B3E44C5272BFD3674,5000,23,1405261437267,1405262354237,1412120576524
E30526CB3D56EB8C86C3CB0BAC7E875E22EF8CD1,36000,153,1404423531049,1406954714371,1412120576524
E3078FE816C2A43E99821072BCC809CC4ED80019,488,8,1405949219604,1405949228908,1412120576524
E30AE2761D828963939F1C85BF4D41F78D56BF66,400,1,1406046029697,1406046029697,1412120576524
E311FC3000CA5A4EA6B62EE497667BBFA2DC1F4C,2000,70,1406223981332,1406381979063,1412120576524
E31A7A0D27B0C9BC3CD219DE92E664A199C8A0B8,488,9,1406126320053,1406126468749,1412120576524
E31F30D8AA7C0BA8FE0DD1200BE432380F5CE2E7,680,12,1405081777760,1405082070461,1412120576524
E31F403290C6957544160622F1DE64BF2FE93524,240000,822,1405402643053,1408658395885,1412120576524
E32CA04ED212A6EDD16BEE90260CC976DF017BF9,20000,74,1404405904667,1407008905891,1412120576524
E32E5D65737774E3DB3C440A04C1F04BE0DA6820,2000,34,1405229314988,1407437911365,1412120576524
E32FAFA26BE4B6E8717B0DAC5210D6EF02CCF403,5000,7,1405481369173,1406606864127,1412120576524
E333BE3B854B36E80C2415E28BB942FA55538462,5000,54,1405317902978,1406041138367,1412120576524
E33C2C0C10DB931AA22D277529AD26AA77CD1CA8,5000,13,1406754259363,1406755929308,1412120576524
E33EC935ADD0D9A641CC73667FB557F0E9DDCDB4,400,1,1405701883486,1405701883486,1412120576524
E346259FE6177C433403F1F6F1CC1223FFFCBF00,80000,173,1405044802334,1406409403332,1412120576524
E35401E52738F7F97F0D4273021C74147E27F995,760,10,1405367794379,1405368146350,1412120576524
E3553E8738460D9840B5130520EBA7269BAE7F18,5000,7,1405470431147,1405494171644,1412120576524
E358B066CE0A566CAFBDE858B619FDE0122693B8,15000,65,1405985425929,1406921539700,1412120576524
E36635B9CB4080418FC1D9FB2E813331C42C914C,1,1,1405502204376,1405502204376,1412120576524
E36F6AB0D43C74815D91CEFA96F7316445C93CFC,488,12,1406084528297,1406084909552,1412120576524
E378EEA410FF72D59E65D4612762F91B7B6723F0,36000,165,1404972317853,1407304967099,1412120576524
E38077401399CB94F08DF1EBBB1B6892E4EF4EFD,400,1,1405021184791,1405021184791,1412120576524
E3861E5628B279C60DA664DC4060C7FD37CFD824,400,1,1405427079553,1405427079553,1412120576524
E396FEF3CE43DCD5E0019880B4EB18C372B72011,680,15,1406399447626,1406417325097,1412120576524
E398BF86B80E5CEF32A3C8D9253F78B5D21C18CE,5000,88,1405524800453,1409440022419,1412120576524
E398C7B7FF634B7FFF6CA53DE74D01E9074CB7AD,760,13,1406698220595,1406698469147,1412120576524
E3993148DC63E258FC5A97BDCE4E98EA4AE49E62,400,1,1405013630395,1405013630395,1412120576524
E39CA3EAC81E6032C10921E178CFF8CD5B76DAD1,2000,36,1405614287635,1405662592646,1412120576524
E3A5ED18D7E9BEFF01E6AB328FF4A862AC8EEA56,2000,3,1404862025988,1404864177236,1412120576524
E3B1B655B7475A71C295634C1FAD06132ABC8BDC,5000,13,1405132904841,1405215283344,1412120576524
E3BB84D625A501AD600B185D3F507E9E3E3EBF4B,5000,60,1405147804701,1405390298162,1412120576524
E3C88D0AF626571C634EA2B4127F086B7E921E10,15000,64,1405398358564,1405580915631,1412120576524
E3CF717894830C031B1AECF4686329C7C7D1C5C0,15000,46,1405565830587,1405570874906,1412120576524
E3D5C2A280CA32C9C48E4C21441B7EE09A0DB0C8,5000,6,1404865866452,1405565579655,1412120576524
E3DC4A450F7DAA6A587DAC34A07036D49C3D77D9,544,15,1405654217502,1405710342830,1412120576524
E3DE6EA4574B484D6801223590EA1ABBACAF2599,15000,96,1404878184399,1406257406345,1412120576524
E3DEAD011D4DB98E839A81B896BBB51B415F70AD,2000,28,1405264508293,1405308195850,1412120576524
E3E55F3E5D6398C24B1EE16A3468AFD4BF4F6B23,680,6,1405442525444,1405442539117,1412120576524
E3F0A26880B89B95539CC89E7E2864DE13565D61,488,3,1408557999428,1408557999428,1412120576524
E3F1D136DA4A0F74DCDF206656551C5CB17862EB,400,1,1410879574013,1410879574013,1412120576524
E3F4F0C0345DCB8A5F1F1FCEDB78DB640F95628F,544,12,1404602412872,1404648966312,1412120576524
E400E042BD82FF973B677D09AD0C9C8ED5F46DE2,5000,43,1406411987886,1406509085502,1412120576524
E40A46D78E3E688B39C1F559DDF0175DC0043D98,440,2,1406608409921,1406608409921,1412120576524
E41BAF8716324BC4D2133F260C7257655129E90C,400,2,1405529416090,1405626126953,1412120576524
E42120964BA84BDE8BFD8A92FDF301E22DEAE5DE,400,5,1405341824902,1405341824902,1412120576524
E4213F43B874FDC70A48109B6F7242BD2E5AFDA6,5000,38,1406382928898,1406646872664,1412120576524
E43300F6D543F0971133DBF95E5CDB5BF397BF43,544,7,1405377867019,1405377887603,1412120576524
E4397D6A1C9237039E631154286D08608F0418C4,400,1,1406426322303,1406426322303,1412120576524
E443F3EC82A56DB79E984CEA0C8B2A12FEB65345,760,23,1405112698363,1405127800836,1412120576524
E45E1B247ED17910B8843C26AC1F7EB2E784EA6B,400,1,1405085538048,1405085538048,1412120576524
E45FBD0BD4B0035EB40EE401B6C12CF15E6E0240,5000,11,1406108497158,1406109211104,1412120576524
E46587026F7D23101273BBC79B8D02954931898C,5000,26,1404887384563,1404893976452,1412120576524
E47460E7D21C0E9E4C02EFFD3F1BE2F0DCEBE749,760,36,1405208429122,1405299864191,1412120576524
E484EB5580DB28840B4ADB4D1E81C0BC5D4F3C6D,5000,54,1405426240705,1411007497567,1412120576524
E48C6B1770F6EAA6794B14F1AC65FE73FCED6F58,680,16,1405052373583,1405276373495,1412120576524
E48D27E75F6A75D8C4CEBA0F97C6149366E63E7E,400,1,1405786520164,1405786520164,1412120576524
E49242623943B91AA6780D0DBE29B555C1036902,40000,175,1405304848906,1407395197176,1412120576524
E4934137FFC33AD139E4A81A669CE7D95717BBDA,760,17,1405467479427,1405467859710,1412120576524
E49567CD8352EF2DB3BCB751AE58D86A42767671,5000,18,1406057255074,1409808817305,1412120576524
E496F8F7EA5D6C2DDE313459FBF08EED5021E97A,2000,36,1405344978192,1406392179575,1412120576524
E4987E8FF667D58C029A7FFF0112497205E117DB,760,9,1406066174656,1406066638499,1412120576524
E49BCBE75F01581302593DBEACD4D9600A743B07,608,18,1404915372635,1404920630930,1412120576524
E49C869019B6FA02A68F7F5FD1EF9BB3B287147B,608,7,1405436225900,1405436271358,1412120576524
E4A45D2A2E93F2A24B19F8D28BBBF8576A9291F3,760,19,1406488370469,1408327806563,1412120576524
E4A7537B62D8BDE8B183F34C619452689F7D445D,760,32,1406164617649,1406337564092,1412120576524
E4AF562646D186D0827BA9CE109FCA8B5300A15A,488,12,1406676235477,1406676327611,1412120576524
E4B1D8914646577314E7792DA65B79A43B5F7F15,400,1,1405235396434,1405235396434,1412120576524
E4B460DBD3CD90800DA8ED582A3B12A50AE6DE9E,680,14,1406342556099,1406342822282,1412120576524
E4B64941EFA87E0BEDA23AEEDC9238489ED95098,400,5,1405419048904,1405419508692,1412120576524
E4BA0DDC2D32799E76A440AD68F2D337B1936981,608,10,1405127868658,1405488479890,1412120576524
E4CBC557EBEF4625870997DB412B40C73763A7A3,400,1,1405523112512,1405523112512,1412120576524
E4D6AC00F4D76AE68782D0A6947539B934CD14AC,400,1,1406143807645,1406143807645,1412120576524
E4D76BA08A079614317175F9D39565AFBE8C6A09,680,7,1405172470619,1405172493207,1412120576524
E4E1C0753A28014DC0A7E71A2F27CFBBC2933BE8,544,13,1405045523235,1405661426981,1412120576524
E4ECE574665FE393120CEB1876765019C952AD41,544,13,1404776164810,1404805796524,1412120576524
E4F0A2B5BDBE520D3224CCBCCB38695597CF001C,2000,38,1404967798792,1405445594043,1412120576524
E4F44D90E0CAD144D299174AFE9DEF4730F54A63,400,1,1405079145654,1405079145654,1412120576524
E4FA13C7F0986739309369077CB8FF16E5E079D6,5000,19,1405092958369,1405097676126,1412120576524
E4FE412FFB1EA334D246F6A88D26E4043FDF0C58,5000,4,1405138776293,1405174657427,1412120576524
E501C4D708B0FDC5A95DB28039AECE491FCA910A,5000,91,1406512071669,1406513322169,1412120576524
E50C94831DD05A699E66A5F8FBFD070D860F7136,5000,34,1405393216570,1406752293125,1412120576524
E510783E641FC83AE85665DD74CDED2D892C8751,2000,28,1405697876571,1405764729910,1412120576524
E5125B89B768041B8C6EC65C661C184506DE8B06,760,18,1405261122154,1405261810178,1412120576524
E51398DB065CF2AAD169AE5D8EC3C9A4D8A46F3C,760,7,1406492438686,1406492446653,1412120576524
E51AE03A5A3016D657B6126CCCC9681A50078C63,440,2,1404882376961,1404882376961,1412120576524
E527FD79DCEDE0FA3FCAA393ED588EFD74A461A2,680,18,1405790236337,1405906510380,1412120576524
E533CDCAB9B244D01A6A04B53821FA2A438D5BF3,400,1,1405385573169,1405385573169,1412120576524
E534A1670140B6BAE0A06E99BC29318AE9EBC403,400,1,1406410149466,1406410149466,1412120576524
E542AC54CF804CA27D902B8B7ADFA15CAC97B1CA,680,11,1405222611500,1405222889405,1412120576524
E54641A2BF1211190D2D5666B23E6C9251910AC1,440,8,1405908785296,1405908812601,1412120576524
E54F3DA7D7DA33EC687216565EC7EF6D11F63B58,544,6,1405615564670,1405615691811,1412120576524
E55112FD54A6BDDB7A1785AD9FEF9099EE804090,2000,22,1405631879810,1406154742818,1412120576524
E56A9971DC3E81A47DA99A155CECD4C264B53605,400,5,1405365103850,1405365140482,1412120576524
E56D8150E83925E0111CF558D587779ACD201D66,544,14,1406065579540,1406162885609,1412120576524
E56F1A112F655003BE4806C35F0FB38589E8630C,400,5,1405447379418,1405447379418,1412120576524
E5704295A52450D15ACF538768C58F760B854CCF,400,21,1405117673086,1405117782715,1412120576524
E5739FABFCA0FB52EFD44D2558E56AC0A768D2AD,400,1,1406470472763,1406470472763,1412120576524
E57BF86522511E87679E2A9676C61972D3498D6D,2000,19,1405295677233,1405903570534,1412120576524
E582249A5B7B5B38625223976174CF3546728AF4,544,7,1404964445041,1404964485805,1412120576524
E583AC475B447FFAFFFCAD3551C066822834C29F,440,3,1405483998350,1405620491682,1412120576524
E5883DBFE298ABB669207662DBEEF9FEBBFF55D1,2000,28,1405743803619,1405747270729,1412120576524
E5891FB1CB9FA97CF2EEAC6E06D39D7AF281BBB8,680,5,1405518765365,1405518781097,1412120576524
E58D7C5CE71710C135AB0CFCBB9CC61EEAA5AE9E,8000,45,1404995461450,1406526224520,1412120576524
E58DCF8BC5DB17A373348C382C8363B41F97ACD5,400,1,1405474730689,1405474730689,1412120576524
E592723DF58013CA43C4ED9BE18C59070BF6E224,440,6,1405039816968,1405039825140,1412120576524
E594BDDA714C602E7A391628ECD0BDDE543FB3BF,760,15,1406245424005,1406283361414,1412120576524
E59E2F7FCDAB7591E1E093777E85B2B71BA7111A,760,20,1404914257714,1404914817068,1412120576524
E5A36DB6178817D7873642DF5BC522DAF225ADC7,5000,12,1405961822429,1405962448593,1412120576524
E5A5AF4EF6B6643BC26D3113C6C9EC5E846A9C5D,760,8,1405913925431,1405913936973,1412120576524
E5C5B23714C55293E5C588A99EF987D84A0920E2,400,1,1405821604104,1405821604104,1412120576524
E5C7532BE4B3EF723F8449B9970A3A683E3E1AC6,760,17,1405566733632,1407153741964,1412120576524
E5CED9E3387605F0FB465F01C64877B2EB0FB263,20000,50,1405663970186,1405988252827,1412120576524
E5D30D8C1C93723AEB7FF325024B85802A1C2480,2000,14,1405358094473,1405376733901,1412120576524
E5D5638697ADBBB0C7CA425524309AAE57139D46,5000,17,1405713817401,1405993687645,1412120576524
E5DFDE0FA0774440B9603788C300865476E14F51,1470,24,1405475980330,1408771406757,1412120576524
E5EAA34A0CB888CEEF5D1704E4F0445895610FDB,760,21,1405346652283,1408034487667,1412120576524
E5ED0849D7524F12244A6FCB74A94637DF7D2145,608,15,1404978473506,1405013961510,1412120576524
E5F15CDF79DB343240D3EE69CE3D639D005340D5,15000,52,1405136480168,1405280130667,1412120576524
E5F405691DF514788E2C7526EAFFC575ED86E8CB,5000,41,1405558667059,1405597073361,1412120576524
E5FBEA914600B61F8C4BD9105DFB8AE725CD4DF3,400,1,1405039402393,1405039402393,1412120576524
E600E4E9B623DF07212A2402544AD4C425D6C5B1,5000,2,1406030440357,1406030755119,1412120576524
E604EF9E2158AA664ECC5D07CE362B7B0F5A9CEE,2000,51,1405491066604,1406825497497,1412120576524
E6120640E5D632FE480140B17707ABF2EDDC12A1,400,1,1405548272904,1405548272904,1412120576524
E61A9A9388B8FCB49E8124260FEDC572013E905E,5000,12,1405654083157,1405706943943,1412120576524
E6383597D4384177C316D77E03AAC09E9CB26991,440,6,1405066756269,1405066771889,1412120576524
E63E201DB9B0CFF91A626EBF24A36B5CF731A29D,488,14,1404342047679,1404342182678,1412120576524
E644CD7B1F0CB89B60E4CC1C1FD2736C0AA6F6B0,20000,165,1405557873080,1408322219322,1412120576524
E6458965AEACD9A60E2B44740F1C1BB3F384EE1A,608,12,1406249244022,1406249577451,1412120576524
E6540F53FB974D93F45F297CBF98961312C5FAE2,760,28,1405959734254,1406003664399,1412120576524
E658A0A38862A068B010FCEC65342300CB7C1B88,2000,23,1404877132972,1404963176862,1412120576524
E65A6DF9AFB7A573ED38CA3B51CB9C89B08A299C,15000,42,1405459336009,1406210785215,1412120576524
E66B7E11F3CE115769142EA0F84D2D28BEC915BF,680,21,1405975551983,1405975846828,1412120576524
E66C2FCE13FDC6DF7269C5F9F15B39C90ACCF7D1,5000,29,1405041573455,1405296039955,1412120576524
E66EED3AEAE953E05C5444D0C7B901CE8FF69B69,488,10,1405425438187,1405425568453,1412120576524
E6706F12BB5A26F18E71229054E78082BF90C5FA,15000,161,1405046639855,1412051847835,1412120576524
E67988EEECD85A0BF62AEAD0C1A3AD9AC5208E8E,760,36,1405223675247,1405225855505,1412120576524
E6872D5EDF79DF7E45D69D5E672F42D870F17766,760,15,1405397987364,1405967525394,1412120576524
E687603579D89F0D626EDCD8D797B7A16B8E7D71,440,8,1405747947990,1405803597660,1412120576524
E688300CBC8850D0A7B0A4961234750359215919,544,11,1405642981554,1405643018538,1412120576524
E68DA436E5E692837052BFAAB7A83203ED061ACE,680,6,1404952308588,1404952374303,1412120576524
E69375110A64493E713472AFBF2992D44B1A6A66,760,13,1404358513946,1404358844457,1412120576524
E69A545617B10867ADB78206780F0B207E453DD5,488,3,1406397187149,1406397187149,1412120576524
E69CD11AFCC130F98A206645998CFACDC0CF05CC,400,1,1406168875585,1406168875585,1412120576524
E6A3E7FDBF18AAE994129B8ADDC9182E5DE7FDFF,680,9,1404963299812,1404963527733,1412120576524
E6A744E9C649C15FC0CDFB06CE48B40902D300C6,400,1,1405216760945,1405216760945,1412120576524
E6AE634BCE3B15C619DE718E5EDEFF9D2868E022,40000,133,1404926017694,1409746784763,1412120576524
E6B07CAAF2B57E3F25B87CA019C32CC1F0FBB1B6,5000,25,1406327087194,1406711567106,1412120576524
E6B3AD6ADD2561D68342CD70B51C40FC5E68F8CE,5000,8,1406523284447,1406590768309,1412120576524
E6B4BC631BFCA0AF2E786AA9E53C77FCEBB41D20,400,1,1405142461991,1405142461991,1412120576524
E6B860E190B06907122EA52CA755904D1ACE0649,5000,21,1405567888009,1406692402759,1412120576524
E6B96D1DCCE332465E228EDE67A5635F2232F81F,608,11,1406138490948,1406139203203,1412120576524
E6C72719520B89FB899F80ADA339DAAFCFF855B3,400,1,1405060105384,1405060105384,1412120576524
E6C7B6C6C9A5B43548AA9D9FAD0853488F4F16B9,5000,3,1406960902472,1407523224771,1412120576524
E6CCF22765C2ED8F85F30F4CE7F7AE24304A4851,400,1,1405428661469,1405428661469,1412120576524
E6D0E6DBA229CE01C8C03036AADAF51DE9FDDE8D,2000,14,1405480084072,1406066314563,1412120576524
E6D3316BDA0288176B4656992F2996B000084D94,680,7,1406213176275,1406213219157,1412120576524
E6D8C2623B1C13DAA7BA574A5AE18A3963356157,1470,6,1406540747676,1406592448925,1412120576524
E6E24D3FF7BDA21E25C2BA45743FAF19768C5071,2000,37,1405581111134,1405656755736,1412120576524
E6E514BDA47DAE79CFED7C9D06AB0CFA0A1C7834,680,20,1405798150859,1406376621680,1412120576524
E6E7CC3D8B88990C7EF3C2492E8AB6DCEA8901AC,20000,104,1405389617083,1406182428033,1412120576524
E6E8AA203AA42582E7CAC09B9729595EB856DF54,5000,15,1405833444184,1408373982043,1412120576524
E6FAC9CE34C977D6E911FAD58EF1157C5D247CAF,608,8,1404296972778,1404297051323,1412120576524
E71769EB7F6CD9E5C5B4AA73B98C369677C533AC,544,10,1406165588510,1406165600405,1412120576524
E72A3C73773A0744C647C22F58621497CF38EB32,5000,62,1405387004950,1405568907985,1412120576524
E72D532DFF098AA677FED3E7A8A7A50781940F4F,400,5,1405399406984,1405399837479,1412120576524
E72E4818BBD05D207C204C4E7B3588B29A9DCF67,680,11,1405681392928,1405681776249,1412120576524
E73309A08D499B8E8C06586D44CF85DD86B00341,440,2,1405676814317,1405676814317,1412120576524
E738301328119DFE649DACED3291EFD8C21C91F8,2000,34,1405565834162,1405606211489,1412120576524
E739D9386C291F079CBBCE16FA4B46D387F85F66,400,1,1406277048343,1406277048343,1412120576524
E7423A3C6E8D6AD353E89DC51C9D059A18C012DC,5000,49,1405511571794,1405616291190,1412120576524
E74EB094D07A978FBE3DAF3AD311E510385D04C7,440,2,1406161690397,1406161690397,1412120576524
E74F60546F4D6E46D209A7EC627DEDC10B89C94C,15000,88,1404876482694,1405047727531,1412120576524
E7520E53F3042272F504BB313CB6E8B5F989C225,40000,489,1404402223312,1405373042080,1412120576524
E75DC8275E16D3B69529F8246DA901742C115F6E,2000,41,1405735756400,1405737128722,1412120576524
E75F7920A292EC71B786D4608FF5F22A26EC9FEC,5000,68,1405462057198,1405613993780,1412120576524
E7632FFD3E8FF0AB5FCB601A3454F60560CA614E,5000,30,1405993574267,1406135540665,1412120576524
E77041A7F87FD7CF8AEFBE2B5F5372A458AEF75E,400,1,1406169675571,1406169675571,1412120576524
E771F71FB4027570758678B86826A3153020DAAD,760,13,1406047343604,1406047796695,1412120576524
E77570BCEE4FFA04B0366B7FD726FBF29BF6CD07,440,11,1405749843684,1405750051523,1412120576524
E77A5086D5971928366AFAE7516D275535CB299D,608,6,1404957695387,1404957750495,1412120576524
E784069B1DA33787F52C5FAB5AC1CB4F0BE404BB,488,6,1405045077694,1405045101356,1412120576524
E78478386772AB98042BFC491F1F03C0F99CC9D8,440,2,1405395086015,1405395086015,1412120576524
E785D2121016F37CFE5A6359237D37331175A7E7,8000,19,1404955047414,1405037873536,1412120576524
E78607F3BE2B6BDE1076DD575652A59A0FA7BC73,5000,21,1405253429138,1405426700763,1412120576524
E794CA4BF38C91F356E8FDD34D887FA7E36BCAE8,400,1,1405050556966,1405050556966,1412120576524
E79B483BE28E23E50DD381E4960CA3ED59DD3427,440,7,1405356654162,1405357149614,1412120576524
E7A59C4C3828151A7712FAAD366866AA737C1E9B,5000,73,1405481032891,1406052045094,1412120576524
E7ABADC09A0B38AD35361706FB323BF9F06D1E66,5000,21,1405398018197,1405441347589,1412120576524
E7B12E94AB2AE876ED5A841EF602410EAE2F3310,2000,40,1405747683454,1405889742818,1412120576524
E7B2CE561083B1E1F85E33DDC6F7E78E45F30659,5000,11,1405853047048,1406033656049,1412120576524
E7B3F73F2679EB3BDD059CFCB21F97F30E2B3FF0,400,1,1406145635011,1406145635011,1412120576524
E7C3D277D0142CA8D46F11B46923E554576A2572,15000,76,1405340959840,1406747980158,1412120576524
E7D385141E8DE8DD9BD871D35EFD5CE7093FD205,488,8,1404933762943,1404933784367,1412120576524
E7E0C064705CBA9A6C86805086AEE0397E4293E7,488,9,1406136452443,1406136559537,1412120576524
E7E0F83498BE15D5B13AB3CE2032B6F66242AE5F,400,1,1405780496590,1405780496590,1412120576524
E7E3D7CBC7E5840F17E15AF8407CD309529F2EDF,2000,39,1404879831329,1405335566242,1412120576524
E7E9939A5FA71E12496FE941B10B29251E1810EE,400,1,1405414598767,1405414598767,1412120576524
E7EA10700349D2F360C146BC201325AB12FE555D,2000,50,1405612308898,1405718048106,1412120576524
E7EB57939764C4B7C55AF71AE0A41C67B8DA1B7E,680,9,1405234518121,1405234667428,1412120576524
E7ECE00D62832EDF61A5920550A2FC0DBA06BAB0,440,2,1405794194507,1405794194507,1412120576524
E7F6FF4B7BC6DA9F4AB14E2F435E7F8ECB400E0C,400,3,1405351437623,1405607962480,1412120576524
E7F711881E015F1717145E48977FEECB1B12A864,5000,28,1405665095726,1405700368660,1412120576524
E7FB43A0FE007CCDB53F9C04A1AC56E574838BC9,2000,25,1405265058835,1405452639776,1412120576524
E81031084FFC8501962FAA55994F20532392FCC7,400,1,1405026465300,1405026465300,1412120576524
E816573F2DBB82387B30078E81170EF208AAE2A1,5000,32,1405490970204,1405785152105,1412120576524
E81C0191E4D3CF5ED1A5FC05ED35B8091FA932C4,440,4,1405651720882,1405651720882,1412120576524
E81C2C836729C5588C5BAA23AC2BCD107A469036,20000,61,1405317204894,1406093116491,1412120576524
E81EBA51D6830D69A0F8001C787A4940104C81E8,400,1,1406028691561,1406028691561,1412120576524
E824031380B5235EC3CD91ACBC80E1F8468659FA,5000,17,1405386556363,1405423986039,1412120576524
E82EABE33423117480B494C2835F4D2DDC17C40C,680,17,1405299706877,1405300197870,1412120576524
E834803F9BDDA3D8D4F0742163AFAFADD9CEC97C,400,1,1405650591141,1405650591141,1412120576524
E83653AD1466925CC1F875581D4415936A2698C9,400,1,1405827188575,1405827188575,1412120576524
E83699244208ADE346C5150DB92F6110588C33C4,15000,73,1405483944598,1406820255900,1412120576524
E83FDE485027BF23696CF3B34C33A702C95FBB83,608,26,1405560589181,1405568030878,1412120576524
E841F99EC03F73C202AC892112AF607078F95526,400,2,1404808139383,1404969466978,1412120576524
E848CB71A68210534AB9AE0143B6EF9A8A9C287D,440,2,1406527378137,1406527378137,1412120576524
E84C0C3C44AF349016690755E768E05FB2D2354B,400,2,1406886591233,1406886617724,1412120576524
E8592B9746CC699F523A195DCA86E39D1DF29DD3,760,21,1405050443333,1405279556229,1412120576524
E85EE0E1005A6B53F1292A6C918BB35A514CFEF6,544,13,1404881470296,1404881855281,1412120576524
E8609A13B03C586959F8F52A26DA9E8BF1BEFEFB,488,7,1405342717225,1405342751531,1412120576524
E869382D8E030FD603EEE2A3F712B8B032E2E0F9,5000,36,1405140328637,1405472970035,1412120576524
E86EF056CCE1FCD8FDF04ECFD1FEB7BF844A75DA,2000,18,1405223046202,1405662883914,1412120576524
E87865F392391EC323EC142E781E141C8DA04AAF,440,8,1404844344280,1409017294580,1412120576524
E89AE4B96CC686F9B9524C4C3573EA2078760B2C,5000,30,1406657662572,1406741431123,1412120576524
E8A0ACCF8B0A045CACCF0F289F695B32D2DD6B9E,760,8,1406298777369,1406299027192,1412120576524
E8A290D940754310E4AB3E1F953EC0613810C3CA,544,6,1406483333993,1406483375547,1412120576524
E8A4515531C71ACAA1A3CE23E2823552F226E458,680,6,1404868052964,1404868064209,1412120576524
E8A8FC3D652508F8E814D18E77B718BE493B16AD,5000,68,1404956772661,1405048708262,1412120576524
E8A9AB2049692074343A7B78522D498167A5A52C,760,36,1405644315403,1407897501444,1412120576524
E8B59F042C59ABBA1E36D013D9D96B3E0BE3AB96,760,13,1405888279073,1406511980558,1412120576524
E8B9F7AF3E37A839D417D7E2371BFF06C764067B,400,1,1405844412460,1405844412460,1412120576524
E8BAC4794733DACED897582948A3E34820416D6A,400,6,1404914405976,1404915357451,1412120576524
E8C391EC0718E6E12F95CBFDF3683996E6655603,5000,8,1406456140597,1406456392849,1412120576524
E8CD7D4006033BA30986F53F9EE0322F06BB18A1,2000,37,1406015143236,1407205624139,1412120576524
E8D4CD95804DCF962018D964649C0925DF6D229D,400,2,1405643215655,1405643761193,1412120576524
E8D95E30A9E409F6E3E1088F7FEA3D94EEE8A7F8,680,14,1406172786021,1406173477206,1412120576524
E8EF0534D7A6324E1D197A61CC62E8B363315C73,400,1,1405455422649,1405455422649,1412120576524
E8F395AEB3FF21A20DACB70737D5EE1E959A8326,5000,2,1404968771237,1404969009953,1412120576524
E90A8FF3602F953E1D0B6E01A3830307C278AFD6,5000,30,1406352011923,1406519784817,1412120576524
E90B0A19D1D5137BC566EEDA550A311FC6393F3A,400,2,1406666513137,1406666663741,1412120576524
E90E8F5518328868F0D212376111EFDE8DE90545,5000,18,1406002121329,1406007133141,1412120576524
E90EA62AC1A6DA93771E0B68F3C2FF464F521A9D,680,15,1406398103999,1406398446576,1412120576524
E912FCAF07E4349DB134642C8D422E522405B0F6,544,26,1406154304523,1406797689978,1412120576524
E91586CCC1DE2B08A3F5774EA6A152D9BF1535B9,40000,119,1405133201981,1406518836594,1412120576524
E91E1D1E902DD5AAFDA8C7A2760D13E87E03187C,488,15,1405084779098,1405085283924,1412120576524
E92FB4C66F27DC6F827E4FA5BA0B39E4669126A7,2000,30,1405040822350,1409422199071,1412120576524
E93D9F846142D8A9C823D5DB7159F09EFBDF1FF6,400,1,1405569346426,1405569346426,1412120576524
E9459F8365151CF1ADB47B3EA8D2D9662C619638,5000,24,1404866231440,1405113840700,1412120576524
E94999D135EF393C7D8B1C2674E16FE5CA26E492,440,8,1406189419795,1406189474262,1412120576524
E94C66B3ECF736F73D68327412A258BD8BF52539,400,5,1405607081107,1405607081107,1412120576524
E94F66414C79CCCF4490D98EDE459AD75A323BA9,400,4,1406094149559,1406094149559,1412120576524
E954D2C12361D18771782FA2AF5386E6B697A467,2000,39,1405055232900,1407908303508,1412120576524
E969FDE9992BF274596689BFA674958913826249,400,1,1405024534042,1405024534042,1412120576524
E96B0A0BF8D95BD4255D53BC487F296A6B071088,2000,28,1405147434316,1405259517525,1412120576524
E9764E0C329581F39A71C1A280A387E08FA32DFF,544,4,1406674904035,1406674904035,1412120576524
E97AE01930B2E5A775FF605B305665C43ABB6709,544,14,1406221138779,1406223816379,1412120576524
E98384FD52065FEF046444EC7B17B4BC174E8534,400,1,1405813218753,1405813218753,1412120576524
E98716273164847EE1165B3C643EE2789DC8FF2B,15000,76,1405463621904,1407024775458,1412120576524
E98CF5B2D3508FDD0A808040BCE60B5B52F433CC,680,6,1405714063495,1405714068473,1412120576524
E99CE433994DBF6E58906817785D95F112A35CFC,15000,75,1405026398977,1405818430249,1412120576524
E9AC4F0E926E0DDA4487F163FEC6B8739C2A125A,400,1,1404272852225,1404272852225,1412120576524
E9AEB04D0E09AC6AA20D3E043A83F04806DD9395,760,12,1405869213215,1405869560333,1412120576524
E9B75A7E623154E24A0A57A892930C5C5C7D1562,400,1,1405628948468,1405628948468,1412120576524
E9BB4E06CAE458077D03988B9363E83037405A5F,5000,50,1405372902346,1406154563021,1412120576524
E9C5313A27FF2B47C3C5D58079EF26EAB295280E,400,1,1405148677880,1405148677880,1412120576524
E9C7C4A79B0AE2BA787348046635BAE1869EEEB0,440,10,1405913950062,1405914152972,1412120576524
E9C8E15D46D6C14BD50FF69016CFA76390EFAF0E,680,7,1405911269304,1405911297641,1412120576524
E9D43243D86A6B959FBAA25E76BAC757995BBA4E,488,4,1405548328967,1405548351299,1412120576524
E9D5A570FC203F9B21534E5F3FC583F30C09866F,760,21,1404956484796,1404958261535,1412120576524
E9E903F435F7E24C9FE0E548DA3FF94203E11851,760,21,1405804682512,1405889897707,1412120576524
E9F2D246DF600895A275B480A8108A72134C3457,608,6,1405479160047,1405814552988,1412120576524
E9F58C96CFCC3ADA0A95F674E48AEAD7E5C4369B,544,8,1405473507220,1405473978382,1412120576524
E9F7A2ED82A461A34639A3BD931078E488DBF8FA,400,1,1405221508660,1405221508660,1412120576524
E9FF43C80568C09EEEEBBF8C9AF4D83EB3BA78FD,680,9,1404963246704,1404963430816,1412120576524
EA06194B4F3E2B869198719227E3DA0DF1EA9B54,400,1,1405654648497,1405654648497,1412120576524
EA097F802A13052ABE487A2E4C416D9AD5683CFC,680,6,1405377066810,1405377098422,1412120576524
EA0C2B446E538A4F40DBE8E546901FBE66E3DD04,2000,39,1405476091790,1405751197553,1412120576524
EA0DCBEB5C624A8C04B32CECC5CA44656A2BDADB,20000,92,1405309676541,1406595662481,1412120576524
EA128484F0AA44C04DFD5BD92694DD2321020A12,760,31,1405225742350,1405225919428,1412120576524
EA1B7077E8C614D3B5E2DC3139CB32EB2E468721,5000,15,1404338513560,1404418772173,1412120576524
EA2A68B117F4FB164219ACB817F0ADCFA6E9FBA6,400,1,1406402542713,1406402542713,1412120576524
EA36BE0CAF5901B5C7B9974B7BE645DCB554D8F2,5000,27,1405271459108,1405290112675,1412120576524
EA3D104DAF10CCF25AB4F59C6B1CDB6D0DD15D79,760,20,1405563323731,1405655670335,1412120576524
EA5882CA5C2C39EECCAE6ED0563D9D6ACE58D22C,488,11,1405377570597,1405377709322,1412120576524
EA5ADEA53921CC9DF2F12CDFFE54AB40BEBEB070,608,9,1404716994056,1404717166048,1412120576524
EA67959244A4E3F6A9870F55FEAC8987971E6310,850,16,1405490447145,1405550807513,1412120576524
EA6A713964D429FE1F5211DE9C5022EA0D52C772,440,4,1406931179653,1406931179653,1412120576524
EA795D5971DF48B79457724C98544A1D14500E1B,36000,230,1405267312599,1406511209364,1412120576524
EA85E427DCDE3D303DF20C6B9B46FBBA0BBCC406,760,36,1406431406992,1406431804367,1412120576524
EA8C94A161440CF8ACA6021ACBC61109CEEC378E,488,10,1404946751922,1404946775245,1412120576524
EA8DA0DF47A144DC3C16244FD3B0F30BC9FC5C0F,608,12,1405805141443,1405805643392,1412120576524
EA94B5B48A3DEA12068D6C662D0F92CC6BB4C60C,400,3,1406521194196,1406521194196,1412120576524
EAA65028DB6D6543295E08AADB74A8062C5E965C,608,15,1406619528606,1406619803790,1412120576524
EAAB2C3941725A43B235F375D41AE2B0850B1EA6,2000,50,1405295167276,1410142023044,1412120576524
EAADD656D02A64FC89CB8687902E5499F8298E25,2000,14,1405388496470,1405466762063,1412120576524
EAB2C4E9E27BA982A378EEEDF2F92EA4D135BE36,2000,6,1405558734094,1407324553275,1412120576524
EABC5EB52DC672271473AF6FB71983E488E054FC,760,18,1405689518256,1405690218388,1412120576524
EAC18BDC23C55198DED9AEA7081C244F4CFA33EC,400,3,1405434164303,1405434509121,1412120576524
EACC0981F2D113397A1B53286EFD6CB78516D97B,440,10,1406612652332,1406612672866,1412120576524
EACE17D6110E1EB2ECD60D9C02855988509607E5,5000,5,1406431773428,1411749912585,1412120576524
EAD24A90E4F73106D279B3F4B37B9FE2DDDC1C43,20000,141,1404957836266,1407536578916,1412120576524
EAFE9D7C5449108EC89ADB93DC168B1B84692972,488,15,1406175445236,1406175693323,1412120576524
EB11747B5BBF6FE2D173D4273723FBE91CA4478A,2000,47,1407816809604,1407878356600,1412120576524
EB278804C6BC45C244CD6C3600EF336EEBD8BCDF,760,37,1404957319952,1404958203851,1412120576524
EB297C4BDF642C1594F18E2920CEC74D39EC5DD7,680,14,1405465024540,1405465284573,1412120576524
EB364345811D71E3EF84F585850FC85F4B995E7B,440,2,1406177914712,1406177914712,1412120576524
EB37914811A706BF13C7023B814D14E8DEA59932,2000,19,1405453284092,1405797532959,1412120576524
EB3DCD80751757849DD451A907AB36FC18D3CA94,400,1,1406176899266,1406176899266,1412120576524
EB43BDE4567F3BAFA3C6F6B0C0B68363A80A5C62,400,1,1406564924367,1406564924367,1412120576524
EB556729CB4642B5F9848D8080E59AE44321A100,2000,24,1405577344348,1405578315050,1412120576524
EB56482E42C5E48E6321B274FF8F13283666941B,544,7,1406213284477,1406213413429,1412120576524
EB591717848355CA47310605DF3A441B9BF1C337,760,24,1405645176794,1405646318620,1412120576524
EB5A11058DB1ECA4E68D292A77CEC6151737A2C9,400,1,1405039819196,1405039819196,1412120576524
EB63D4EE042599A3CFEC414B7235170D7536CA93,15000,95,1405107452977,1405457170375,1412120576524
EB63F20A5552F2F37ED15EC4ECA3A1FF9121234B,400,1,1405471886338,1405471886338,1412120576524
EB6A3C2928B71887D3801D41624CE3A5ADB4BD04,488,13,1405873675782,1405874109396,1412120576524
EB7427749A07E3540E51C23732309CC703F97A12,5000,23,1405561433848,1405616165083,1412120576524
EB7DC9E79309685601C6771BD3B2B39E79051B8F,2000,46,1405896438868,1405997654100,1412120576524
EB81929EEEEAB29E47FDC27570CE59C3D09E2ACC,544,17,1405469945987,1405477561014,1412120576524
EB875DCF6376943D56F6476381D288BA0D10B496,400,2,1405729852574,1405729852574,1412120576524
EB90C61667172CBBF9C136A7DA50D549D21D1DED,5000,15,1404462932428,1409027248520,1412120576524
EB9817E7DC40602686AB593CDF271536C3A6A30B,400,1,1404546096800,1404546096800,1412120576524
EB9D869B7EAEE10B99A43214D525BB824DF3E805,5000,49,1405368987832,1405611254322,1412120576524
EB9FE1A94B03A2728827A7C4BDB74064A32C816A,400,1,1405824802896,1405824802896,1412120576524
EBA132D4727815DC6D9900F8261A5ACF5B9D8144,5000,9,1406572024678,1406572333456,1412120576524
EBA658E4BD6BE0BD650DC197BEDF091B498FF80E,2000,3,1406337745936,1407794724406,1412120576524
EBA7401808D3582EFF8454ACA24904D80C9F857C,400,1,1405840231997,1405840231997,1412120576524
EBA944A24B885FB6CCDCB920B4E07F01AA0DC136,760,31,1404959419423,1404980616882,1412120576524
EBB1EF1D75F0B8749A318D13947A3156C7776A85,5000,20,1405317335700,1405587347898,1412120576524
EBB70D4951F568F9A663143800D414AA4A28687A,15000,51,1404876770971,1405743187753,1412120576524
EBBCA9BDA2F03F66D8A0A4DE761071F6AA8129D6,2000,18,1405743961738,1405803260754,1412120576524
EBC07713F698FC945F1B77562C321E3FE8B8D360,544,21,1406721128702,1406721753924,1412120576524
EBCEDF8425D88DA08908E525616E14357D701BDB,2000,52,1404305873031,1404385044075,1412120576524
EBD8F46032FC493AFDFA381A9A2BC928D62B32C7,5000,16,1404967710327,1404968985897,1412120576524
EBE0698B0F9D0F9E10CFB705EC9923EA805B9DF6,680,6,1406324437974,1406324520502,1412120576524
EBF8B61A0665EEEAE2720C91B8D79D9CD7E98748,5000,17,1405479278474,1407968376713,1412120576524
EC01FD34725699C3DA772F6468DDF30FE81F77D5,2200,39,1405348084332,1405468354161,1412120576524
EC0E0F2CC94F798CB54BD992D83B78E713B93F54,608,14,1405745790326,1405746023872,1412120576524
EC105DA09A71872B7DD602EB38C6FBF0A64CA2E7,2000,27,1405558170606,1405563714866,1412120576524
EC1BBB461055E6934773BFFF0D3C7B67FB7D8A54,760,16,1406660479381,1406660662307,1412120576524
EC231187BE1469D3816BB48A2331CEA3F2329084,5000,11,1405364928903,1405369808066,1412120576524
EC260FE9540D1FAD02CE6ED3001759DBA6000A2B,608,5,1405024107947,1405024107947,1412120576524
EC2BEBCA30862A0007FC6AC2004A1AA7BEBED647,544,13,1406250770230,1406255834720,1412120576524
EC2F5E649FD5FED02981EC0F3FAEF92D716DE993,400,1,1405082670300,1405082670300,1412120576524
EC36AC63B49B81705A27BED840F19EF30ADD6164,400,1,1405751549189,1405751549189,1412120576524
EC37C455C22A1B6A8605508D683B8C4730B37AB3,400,1,1405388707540,1405388707540,1412120576524
EC3CE3DE246ED18CF27DB7483A665192842979E4,680,6,1406408001614,1406408006170,1412120576524
EC43A3F48B71F7C44A3B0F8AB1F488881DA289B9,760,37,1405810279010,1405810520187,1412120576524
EC4AC9AE147C9FD280114CADBDD0D224B683CD5E,5000,9,1405112290215,1405112820371,1412120576524
EC55609D9113614F5DB23A374DA0A374A630C4F9,400,1,1406282463469,1406282463469,1412120576524
EC61DF5D409B6313FEC08A94DEA81D00C8827372,608,13,1405629755334,1405630053167,1412120576524
EC6AACB070AB80D0EFDACA410496B9D0C01E0A81,760,12,1404553127325,1404553499652,1412120576524
EC6BB1D53D045A7681B098082CACDF0BE9F3FCD6,2000,33,1405829429253,1406314809720,1412120576524
EC7F07692E49191090061811E62727EEA77E4882,400,1,1406697398220,1406697398220,1412120576524
EC7FFD987CD20A20F4BA9E02CBF14665FC33EA7D,400,4,1406169523989,1406169685600,1412120576524
EC886371E6EA0EB53B77DB0A5B9B1A3277C70567,680,9,1406176778165,1406176999409,1412120576524
EC88CF906A65592576F97217C739022C3CD93C09,544,9,1405227489002,1405250089157,1412120576524
EC9CF26871CF93DC3B617379CD672D2BAFC2FF72,608,11,1405060781828,1405061107933,1412120576524
ECA29DF2FEA23076BB975A5A310C4DA35C7E50FC,760,21,1405464991503,1406120528203,1412120576524
ECABD5BB0853E6944199558BE926631391FD73E2,2000,24,1406133749632,1406139546610,1412120576524
ECADB935753764E3B87644E729D5A935323A96E9,488,12,1405490889276,1405552376762,1412120576524
ECB40B7D8FD73FBA81661E6783297C9A8A7BA42D,440,8,1405237978433,1405237998835,1412120576524
ECB7899198227790FA9D8E55B91EDD8430C9328A,15000,85,1404488731667,1406007530098,1412120576524
ECBC42E6AA70A9D7E6021095A12328B134936BB4,8000,68,1405102498506,1405216548872,1412120576524
ECD2A51E80A447587DB6082D0D4FE6FD92853A97,400,2,1405882341584,1405908135644,1412120576524
ECE701D2E5D3B4393BC1F58B62A243166A06AB5E,608,23,1406431846080,1406525445630,1412120576524
ECECE51E62141679CAA8F738BF9B39E6CB2E7AE3,15000,76,1405413767748,1408926616882,1412120576524
ECECE583D9EDBC0BE3FFB6370DE093FF699B5B34,5000,43,1404279179647,1404329766328,1412120576524
ECF3BB97799ED90CF26A1CF6E79B8DCFD9675675,760,13,1405234780504,1405234938203,1412120576524
ECF3CC8C3A0D8BB42E6AA079792D12D887107309,760,10,1405378599528,1405387140492,1412120576524
ECF467EFC9ED9EA27C5360582418EA626C07877C,760,11,1405660776159,1405660803657,1412120576524
ECF6BC98E35F9E5AE081580924935A4171FC1ADB,5000,35,1405303345800,1405377247411,1412120576524
ED09C72F860641FC9DA8900421338630AB28C8C9,760,38,1404916987826,1405031896433,1412120576524
ED19557A5778EE8016AE714DDFE75224FA2F4824,400,1,1405856144152,1405856144152,1412120576524
ED1C863A1187EEDC4E4132B0E34C921C6ABF702C,440,5,1405294146041,1405294146041,1412120576524
ED31DEF4F63E7ABECF96E360485A89E9F5B5571D,544,9,1405227639774,1405227930567,1412120576524
ED32CED6F99CFE4F3214CDB7D41612E64F2A22B1,8024,61,1404814196454,1404814847668,1412120576524
ED4D1289776DE710E2FAF33EBDC7BDB53FD75DCC,400,1,1405313764961,1405313764961,1412120576524
ED4EB185989910731E22A7BDC09049A42C9A3663,15000,93,1404953530745,1405740827445,1412120576524
ED4F58544FF28CC8B859CB0C4E0D9B44BD2B4D13,5000,29,1405386772015,1405471601005,1412120576524
ED528B9582A6A338F97B0B0D3B799D0574420890,5000,33,1405303786410,1405490522625,1412120576524
ED57C1C7E59F023A79D4BCDC59708CF44D07F5C4,5000,45,1406029611656,1406202605016,1412120576524
ED5949CCBC16F3B1060BDE2140C81FF55E43093C,760,14,1405432741160,1405882507756,1412120576524
ED685B56E715061D97250AE86B01AE28DBC691D8,440,5,1405827805969,1405828032531,1412120576524
ED687E4F770AEB97F4671D8254F4F7C14EE2D50C,544,6,1411836246409,1411836253127,1412120576524
ED71A2E5DCD545EF7A5EC5F75FC5434C1E19DC93,760,8,1405677593079,1405677690466,1412120576524
ED74BD2AFCE82E5A1FDC408B885ECD705B066F51,760,25,1405049331404,1406342619401,1412120576524
ED79E5E9EAA12B3AA9B2D6A8217602C8D3D7ED9B,2000,25,1405518703527,1405569320975,1412120576524
ED7EB49A29A64C94576BA9882BCDAB355FF2C446,400,1,1406412094655,1406412094655,1412120576524
ED83564B7B5E02D3847740084D00D0A736D115D0,2200,39,1405042291061,1406766401654,1412120576524
ED84448907CFBBADAB374C2DFFC5512B135EE412,5000,47,1404952877051,1408053927612,1412120576524
ED8495C1BCDB6BFA78A93E2D2DE792B3EFAE98AF,400,2,1405313342073,1405313342073,1412120576524
ED9411FB1431F6A6290C45FA2D596CA4350D0AE5,400,2,1405794871815,1405794947012,1412120576524
ED9533C9C01B0C0D8A362DB5BBD02DDFC3D39F26,400,1,1405491631024,1405491631024,1412120576524
EDA9954921B81EEEE69DCAA100CBEBDB86F5CC27,760,17,1405694874285,1405695381850,1412120576524
EDB8317113C13B314FBAFA8D924F584FCBA9B16E,5000,40,1404962304576,1405376537583,1412120576524
EDBAE7EA1FA849F2FE062172D22517F14126B776,760,15,1406354789135,1406355423473,1412120576524
EDC33E125B822D0A569E78C0E1CE98A4B134545F,400,1,1405686054379,1405686054379,1412120576524
EDC38D3016917BE562611598B1E9C4717B70E792,440,3,1405388421999,1405455784641,1412120576524
EDC79C1F253AC8EA7D646B434F3BDF3B8F2090B2,608,19,1405587444853,1405587954999,1412120576524
EDCEA6CFD36D45445AE5F6234E32597BFC8EA737,400,1,1405452110567,1405452110567,1412120576524
EDD374A36F1FAA8F125577485B9A6C02F513F94F,2000,45,1405704312325,1405836242877,1412120576524
EDD40DD38C13D0C53A3126A7C74E6984C841ECFF,440,3,1405665908287,1405671869751,1412120576524
EDD5B2AC74FB78B830087CFC7E62B5361CF9037F,2000,47,1405959386702,1406214101291,1412120576524
EDD8955D36E4A4756D240701ADE5B6B37372465B,760,22,1406059876768,1406130023137,1412120576524
EDDB61FF35DEF7E4506BB933436A929BB8369AA2,440,7,1405493853803,1405493947325,1412120576524
EDF1FD51218A19D22414BDDF8953F593277210F3,440,13,1404439029753,1404439610066,1412120576524
EDFB869AD94DC3617A296819E1F04B918DB070D8,5000,2,1406063417969,1406079689402,1412120576524
EDFC8352A19117154A9AD2B8839CE5ABC35DC0EC,2000,11,1405540218028,1407695196491,1412120576524
EE0787A4FF2664738C9E5EE7ABC0C1F55A7A3B18,544,15,1405123452591,1405123538718,1412120576524
EE10658E89C64B948F53B1EB4445DD20BE55FCF6,440,6,1405481241107,1405481262719,1412120576524
EE123C7B524E885F26D904894C060219285C08CF,5000,2,1405190502704,1405190809334,1412120576524
EE13E03A9C93560BB06673596524917A0E4152A6,5000,6,1405257015307,1405345077175,1412120576524
EE1B5E72168FC975D3BE7375E19E4659224B0C09,400,1,1406213388361,1406213388361,1412120576524
EE1D9733195410C1C0630B2920E216358272BB44,760,23,1405317650475,1405318387452,1412120576524
EE1E25AA11137903B90A5F4D31A3492F546A8E33,400,4,1405270366649,1405385414704,1412120576524
EE1EABD239714F04D5B5FA5A1CFBE26C8419D3EE,400,3,1405999013830,1406172270003,1412120576524
EE290C2F70D1BF8D6D37381330E6B4AA35668624,400,1,1406063952469,1406063952469,1412120576524
EE2A26E016983AF63A8C74922D56E8C644ED79C1,400,5,1404954485786,1404954485786,1412120576524
EE2A2C1926392C1A9E82A2AD5D3D594CF06C34FE,5000,17,1405245198022,1405245879330,1412120576524
EE2A7071E46A6471E86268EE6B2F1BBAF17200C7,15000,69,1405147788680,1405915051306,1412120576524
EE2BCAA2EE31A6E5F78E9FA2098F0337A677018E,760,10,1405375363868,1405375588347,1412120576524
EE2DA9684173F0F21C1E105F2FB07E130C22112C,2000,17,1405544582358,1405967432030,1412120576524
EE3194DEE455B284A335D20019CA243EB4E3F7F3,15000,55,1404951330133,1405106521322,1412120576524
EE416F8D9C9E9EDDDD1FD2B1A95A1FEB4326EEC4,400,2,1405723749827,1405723749827,1412120576524
EE4DE36F3CC15510E6E7048C8F618DDDE88217B4,400,2,1405306259517,1405306323012,1412120576524
EE58CAC6D8F4C355653D194740AD737172DB32DE,760,18,1405751544665,1405751815941,1412120576524
EE5F44826F392862ED76507C9581B30F0076EE15,400,1,1405046640773,1405046640773,1412120576524
EE60A26378DE847966D9B9B4B5B2A1D54ECC0529,400,1,1404720763383,1404720763383,1412120576524
EE63FC8524A9F7C76B0B72D551C021DB5D38F8BE,488,5,1405457685034,1405470450131,1412120576524
EE64F3ED02EC5818295D51B7DE8A2244540B8108,5000,9,1406199551172,1406200364481,1412120576524
EE651F15A0A9BB1F4AFF6D7374A9B79AE2B6DF54,760,9,1405639808383,1405639954538,1412120576524
EE68861C18BBDFB0134EA09020CED84FB08FEC74,400,1,1406349718301,1406349718301,1412120576524
EE7B75CEF8E279BE8E5B39EE195B7FA797D6086D,2000,40,1404963941868,1405052594925,1412120576524
EE81EB9B8350458619B5346FFE887BCFEEF9FA95,2000,23,1406219060791,1406223927197,1412120576524
EE95FF2DA1312A13798AC003CBB6EC2B28A72554,760,17,1405372631022,1405379257972,1412120576524
EE9C816F726B55F73C5F650958BA11BF42B0951F,5000,21,1405309529549,1405310840091,1412120576524
EE9D1F034847F7C3F3CCE7A92A6E3A8C14A278C4,760,18,1404865317879,1404865592041,1412120576524
EEA3FBB22B626FDF232063F162F56530F45AF771,5000,68,1405221178288,1405453452057,1412120576524
EEAAACC51E254FDBE92659DDBD768BB04B9487E4,608,20,1405014839717,1405015310048,1412120576524
EEAE6BA22055844971D0CE6E28094F76C3E199A5,850,24,1405478583514,1406419196972,1412120576524
EEB342A929BEDFE9245D9B5D64AE0B82181B346F,2000,38,1405051545283,1405096036246,1412120576524
EEB4E19D59F41F54533793C7BE83D35A35DD3132,20000,30,1405354054371,1405368037509,1412120576524
EEB9A41D2B2FFC01977053CF9C08E3C8CB784EAC,5000,3,1404976365858,1405031027787,1412120576524
EEBACECC64FCEBB26ED783C1A559D4EBCCB4D7E6,400,1,1404976877956,1404976877956,1412120576524
EEBE05DD3EFD350C35C5C88A54D39E485A009227,440,3,1406095589979,1406095589979,1412120576524
EECAD11C3BEAF2AEA2198C812882359E30EE3FA5,2000,17,1405553491261,1406309807017,1412120576524
EEE25AE088E2969822841E0D9918D923FC2B4448,400,1,1404966173789,1404966173789,1412120576524
EEEA5401E8941CBCAD0C5DC24C432923BB3B4F76,488,9,1405451654881,1405451677358,1412120576524
EEEBF965A2A4E028EB1FB4DD14B3ECE8023A352B,400,2,1405977454973,1405977564991,1412120576524
EEEC92EBDD01CB0E31C5E834AC6122FE340BE3EB,2000,30,1405015228247,1405027651991,1412120576524
EEF476F400C94DE1EE66C8C37396DF8A5694268A,5000,47,1405221415992,1405399217925,1412120576524
EEF62562E56F8CA03B201CD94073FB09BEF76AB8,400,1,1406031984328,1406031984328,1412120576524
EEF791C29C0BBABA7A9B3AA0A5D5675BD31C267D,5000,17,1405835826928,1405837518036,1412120576524
EEFDF07B4B6BE41E6D1E8169B05595C1F75CAAA3,760,35,1406572338613,1406572424352,1412120576524
EF0076902080384304F1D19B254E4854C6F80C57,760,38,1406201102616,1406332010067,1412120576524
EF051E30A16C6F3ECF279FFE8DAF7A4959FA326E,488,9,1404987836947,1404988773873,1412120576524
EF119FA4D49122801B3E95DE2202D13C90F4A2C4,760,16,1406172307883,1406215391864,1412120576524
EF13EB6B812DC103419C0A96B99CF5EB0BCE254B,400,1,1404330132485,1404330132485,1412120576524
EF14EBB81520B3763FBB2FF4217F8C0420BEA5F5,400,1,1405491125395,1405491125395,1412120576524
EF17EED8B93DA3DB26D88FFFE18D0B218CF040D8,5000,3,1406421221724,1406423264371,1412120576524
EF1A75818771C9ACBCF27BC0C0B62D0522E20EC2,5000,65,1405055547667,1405455209534,1412120576524
EF1FA085B91CAECF8DB8988A14623596E5733F28,2000,22,1405621752622,1405624233848,1412120576524
EF30BAF06D24457455029DF50D70148B10F905E2,760,21,1404887688928,1405366979176,1412120576524
EF385CDADA4C40D17AF46CA7BD65B733C3B38AC9,400,1,1405775079623,1405775079623,1412120576524
EF3FEB3A1A349B9D1A37D7EB5A1B3A52732890CA,400,1,1405305568462,1405305568462,1412120576524
EF5281EE0F7950E420298EA2373E41A64FAA5633,5000,45,1405817575206,1405884369734,1412120576524
EF55AA8D9F5AFD8BA9F7A1FEC426A10D2CCB0D2F,680,6,1406127409213,1406127420174,1412120576524
EF688AA06F45A1FD129346B2E9429FA7578A97F0,400,2,1406147700365,1406148072879,1412120576524
EF70ACEE7751B274E461B5E3C78C3CF8AD64888E,2000,21,1405475575434,1405477603657,1412120576524
EF7B4F54AECA957182AE007655EA0CAAA1B83638,544,19,1405337336208,1405916114279,1412120576524
EF82E643400C84626EDBBCC284AE4944457FB618,2000,36,1405568943336,1405651108576,1412120576524
EF834B8DEA41A53BE2E83529475AD5A6CBF5AC32,760,16,1405027195787,1405055074723,1412120576524
EF91AEADBB5D68C6FAE6A10BEEBB63FF936FEC08,400,1,1404552078294,1404552078294,1412120576524
EF91CC808A3C47FA53E7FF408593791AE7139E8B,2000,58,1405718917186,1405890573745,1412120576524
EF921D974D1B9B60671B24B8A76141494204D030,5000,84,1405408046770,1405576847603,1412120576524
EF9728EC977ADE798F028BDA7BB7C6731AC4EE13,760,13,1405601016704,1406431919548,1412120576524
EFA9038CEC1C36E1C1EA65E83399EB9300B48D88,5000,16,1405987316375,1405992498869,1412120576524
EFA9F28C6A4EBA3C466F7E51608D62A6A40854BA,760,7,1406163159876,1406163559950,1412120576524
EFB51507D672D97E2A2900730C14D928289C9097,760,20,1405890275918,1405908872668,1412120576524
EFC412CFF28AA124EB493B59C468A613414F06C9,2000,24,1405359875005,1405360623628,1412120576524
EFCDCBC61763E9376624BFA998C2E7932AC3040E,8000,66,1404764918475,1405098357738,1412120576524
EFCFE2B54F70C53311106215D85D3276F015AB4C,488,10,1405813324805,1405813333076,1412120576524
EFCFF34AD8D2CEA87EC8ED9F843E617628060B01,400,1,1405448706426,1405448706426,1412120576524
EFD4C4A0502143A6F45971DD699D5D293301A055,5000,41,1405550492288,1406290164993,1412120576524
EFD98DB0DA47FA1BA2FE2D57C088FCB8CF7696FF,8000,12,1405222770003,1405377308234,1412120576524
EFE944CD4C104510ABE271D2A0EBC1FACEFD65CD,488,8,1405568683664,1405568695765,1412120576524
EFF2666DFC4A75FF17CEDB2D8A445336B8708748,760,10,1405483876211,1405961415179,1412120576524
EFF9BD2B003C4898290EDAEC7C3421CE0BDEFDF6,680,6,1405952951668,1405952963533,1412120576524
F00C38FB53CA1044DDB216A1F07E07B3B2E256E8,20000,119,1405574980455,1407869377778,1412120576524
F01ECB568464D90E514167DC52B0811B146C4DB1,760,41,1405272854076,1405273193382,1412120576524
F030BE036F8C26567F7158B725965440BDBC1257,400,1,1405367219816,1405367219816,1412120576524
F0325C8BAEDB5B18A7C02B1682FAB42AC19B3204,5000,25,1405560304441,1405561232235,1412120576524
F037D6BEAD32EC7DB1CEA95596EB77B6E16F89BE,400,1,1405042776325,1405042776325,1412120576524
F038983EAE1330738420D852AB003DF18449852D,5000,20,1405270409116,1410213486726,1412120576524
F044AEFFCC003BC4D6656A491C2B126335090DA2,40000,94,1405335723805,1406333520337,1412120576524
F04C96BB543E4FCB0A4ED24612FA3BCCD0CAA2B9,2000,16,1405046073615,1406145936128,1412120576524
F051AC50681E308DF3C8220FA039B134906DEC05,440,2,1404514271155,1404514271155,1412120576524
F054A9246B78631D6581772412E0E741C7A603C9,400,2,1406689926945,1406739349073,1412120576524
F058E4887C8ACD23951B364527BFF9AFCC747D3C,2000,36,1405158482325,1405159813408,1412120576524
F05C63FD056E3F51B46EB00FCD3643763544CB0A,8000,22,1404929778214,1406308295545,1412120576524
F05FFED110C34047C01909B5014D5312938C67BE,2000,43,1405348673091,1407585186528,1412120576524
F06C4253CA649847C71E915538925B4CC39B0256,400,2,1405385853447,1405386313035,1412120576524
F06D279272067EE8C354A8EBDC55FD04867C3235,760,8,1405398984382,1405399026666,1412120576524
F07C4AC0C6DE171FC2FBD0FC312E98076D8C6505,400,1,1405033191156,1405033191156,1412120576524
F0811D461B67FAC9A51A6AE4C5C10B215D5B7000,400,1,1404554971360,1404554971360,1412120576524
F082612376843D21ABFA66737D2C40D650D01B66,8000,73,1404957830376,1405351223308,1412120576524
F0866BFACAF6151BC135E0ED0FF8C7941A4FE986,7500,141,1405852017456,1406069606702,1412120576524
F08BCF89F945DA1033EB6FE994D25E761074B752,5000,11,1405093396961,1405093748901,1412120576524
F08EF25E170943937841383B92C7422DA63B66AB,5000,65,1405363921202,1405562623618,1412120576524
F08F0B832B72FC72172D5F43FA109536BF2432BC,488,11,1405532463982,1405532711987,1412120576524
F094604830B4B65C7AFADC9AF88A865861BAAF59,760,31,1405068501900,1405922388175,1412120576524
F098C1CCC82AC68470B4403A1C73EC93884944A6,544,8,1405085447028,1405085457614,1412120576524
F09FB99190399B705D1B127889916D8B2E81F60C,400,1,1404956278068,1404956278068,1412120576524
F0A3130577F0F5337B0B3218D613C3B63256984E,20000,106,1405317538562,1409231825806,1412120576524
F0A41578CCB01E714F41B13D8FE54650B668A9C4,760,13,1406253758400,1406311628819,1412120576524
F0A5BB74F257DD012C9A37D4BBAD1C2F0C8CDD3D,2000,48,1405355067249,1405462137225,1412120576524
F0A75A4A3D55CF90EA00239A23F35D3F516CEBA9,1050,22,1405837516826,1405988420286,1412120576524
F0ADAE1BE12A075051EEB83F634D6CB78AD01CD9,2000,44,1405558773941,1406688551358,1412120576524
F0BFB04F29CCDDBDD9516207B17A073D34D977D1,400,1,1405731695904,1405731695904,1412120576524
F0C6CB7CC8BF9822BCB8EACA5D4EB5BBF7C8B10F,760,11,1406288190426,1406288662305,1412120576524
F0D652DB74D179C366059A6195602C43400018E0,400,1,1406039935811,1406039935811,1412120576524
F0D7419FFCEE6E9DC022B34BAF7D83A97C5918D5,15000,66,1405558430481,1406480889020,1412120576524
F0DAA0779039B59107861B8C13AE19753554A433,15000,87,1406079251057,1408319960574,1412120576524
F0DF04BD4BE987C135A243242DA4385F67C22ED0,440,9,1405390498095,1405391026178,1412120576524
F0E382DCBB5C73308D227BB04A3D972BCEE8C606,5000,11,1405591179633,1405591449865,1412120576524
F0E3AEFB01A6AC39B4D81C8A6598F857486C1D46,2000,17,1405476235640,1405477555521,1412120576524
F0EB5D2FCB7D9D0B7847833BD3EC29A40142D271,488,13,1405285853197,1405286108975,1412120576524
F0F5C2E9742518539C0EF7ACF59CEA2D117F1766,400,1,1405233773691,1405233773691,1412120576524
F106524D2FD3491D9B5796651348CBADD4F7BC05,400,1,1404962299057,1404962299057,1412120576524
F113B61FD265A9D14BD65B457FBEAE96E9EC1FF5,5000,3,1405461546304,1405462518539,1412120576524
F11B38168FB0E4CCDCBFC81375CE40572C87E8A4,544,18,1405310915264,1405344587127,1412120576524
F127E8E8DFAC8C9FE0E5766C8B732CCD3FE4F406,440,10,1404593792517,1404593812386,1412120576524
F12EC7662E0F76CE3B16269AC5F88474AF5BF51F,2000,24,1405044932201,1407541281095,1412120576524
F14BE1E88F7902F82B3DBC9EDBB3B33CCA3AFC04,2000,38,1405309103453,1405869999260,1412120576524
F14C2622364DA0BDCF29C261282D29ABDF2476C9,400,1,1405262460717,1405262460717,1412120576524
F14EC82C49E124E756C97FC9B74E0AA99FB5CB97,2000,28,1406142809623,1406156139608,1412120576524
F15867BCEBA37B49FD603F9F47B77882F263BC6A,760,36,1405065709022,1405067078411,1412120576524
F15E0C9AAD41199292BCAA53039C43F73B925AD3,400,1,1405528128135,1405528128135,1412120576524
F171AC0DD919675B49CD83259BF89C831F2004C9,2000,24,1404967628244,1405397683276,1412120576524
F174875E7DA9D65AADD55D769DFEBDA11AC30AC9,8000,40,1405314572692,1405410968999,1412120576524
F1938A1ACA58D3B9F181A7AA63E9FFA8F0818C8B,760,16,1405757563506,1405835552083,1412120576524
F19446D465A3AC402667FC8755F927FFAA256307,5000,52,1405282888827,1405616791382,1412120576524
F199D6894393C45100069B04302514ACD6124E07,440,6,1405110042358,1405306159550,1412120576524
F19AD50C5869B079E4198866137AF2B1A90E4553,400,1,1404311223282,1404311223282,1412120576524
F19C46B4DE4A58F32BC9862C229DAB1866E408C4,680,23,1405484489442,1405533903896,1412120576524
F19CB7C3FC4CA70719A983F20336CF6D2DE9310B,2000,35,1405498676721,1407488170326,1412120576524
F1A935B5C421C9DFD96362D454708B7FEEE2998C,680,16,1404984992134,1405026219323,1412120576524
F1AD1FE46114EAEB6B35A10E846A68A808423FBD,760,16,1405401806995,1408118472485,1412120576524
F1B009B7C27F913CD4A96C68CCA7B665DDF18799,760,23,1405126656024,1405127757565,1412120576524
F1B534BB10B79228768E54A58B0E8D1C8F376346,544,10,1405965140077,1405965263036,1412120576524
F1B8673042DD7AF71AE89343BB95310F495F8445,544,14,1405502379973,1405761549066,1412120576524
F1B8BA947AD44C12E0027D69F068B85EA2273239,15000,121,1405408590704,1406411958923,1412120576524
F1B9E74CFB392343E4DAFCFF2715408388D0E6FB,760,33,1405397103367,1405409875756,1412120576524
F1C115DDFD67535A7B14F695E0BE89E2725583B7,8000,25,1405079576092,1405645237261,1412120576524
F1DAFF8CB835C816655CC8CAF6BB8DF068923A6A,400,1,1405425180276,1405425180276,1412120576524
F1DD532A4A488BD134CE830CFA2224FF67F26453,400,2,1406583012570,1406583012570,1412120576524
F1E29F83004287E0FF03904719FB50AF4843B2F9,2000,24,1406194795160,1406511047342,1412120576524
F1E3CF8D0E0F02A39D68AD9F9FFBCCE895D6A354,488,5,1405487566065,1405487598791,1412120576524
F1EB1A4131890F6F136E8C787BC52FDC2ABA2D66,5000,17,1405386558631,1405960750909,1412120576524
F1F60520E0EDC19BEFE2255AF0580C27DF1B5055,2000,38,1405921008431,1405987703428,1412120576524
F1F7995427CDFCE37282C2BFE5011040CDCAAE5A,5000,28,1406667908746,1406927444036,1412120576524
F1FB7C4D8F1AB442AC5D0B74FD11AC4D2B87D476,70000,153,1404935914181,1406443692137,1412120576524
F1FC7B7A79D25A34B6B2CD0362392A7F50439E2A,488,10,1406452959953,1406453290996,1412120576524
F1FFFFA06CCFFAD85E7FCE4E924B0FBDB9921765,760,28,1405986924110,1406000889108,1412120576524
F20406A448BD0007482D3B2F55656B59FEF51356,2000,58,1405208511101,1405529932838,1412120576524
F20C7038757DAD31AE68AAF0E1B00201B6BE42A5,2000,31,1405745979302,1406952491076,1412120576524
F20E9C436F00FB1632C2F238FB91AA87F0AC0F1A,2000,21,1405202288799,1405202729793,1412120576524
F22E3AC32889EAFB49D8E82C0F52FE4A48569A8B,440,8,1405068337419,1405068357757,1412120576524
F234CABFEDE68AF29EAEC8EF53CD579BFCC5AA04,15000,51,1405263572264,1405388853627,1412120576524
F236DD0082D11DCEAE9692D120C6CEE679624A42,440,2,1405369706670,1405369706670,1412120576524
F23F409ED931589F5F283FD276AC7D5FA3A7799E,488,9,1405217346394,1405217847102,1412120576524
F242B812CA6E4AFE7AABF6CAED70A0A0F37BE935,400,1,1405957727567,1405957727567,1412120576524
F242CEF2EE33EEF6893EC47B17DB6E102A516F58,2000,8,1404961688746,1404962411754,1412120576524
F24869916AC5DAFF391171F4C3DA5E1744DE94C0,488,13,1404974340018,1404974468226,1412120576524
F2521CF987648D5397D6C0EFB4786936E7E58A55,2000,58,1406132194174,1406722732800,1412120576524
F2587B25352D1478BB8A1E96D8EBA64997DD3527,760,14,1405120914614,1405993431977,1412120576524
F25E1FE3DEA6D47F1BF0F11151FC9BD3030C2CF3,760,30,1405878651688,1405879878166,1412120576524
F262C2048BF3658782C8AE809C03F92E23371B8C,544,5,1406080860637,1406332748485,1412120576524
F26394B16CF8400253C88FD79283E07D892A1693,488,7,1405223950432,1405261290731,1412120576524
F270AC3EF465D3D28985005E958E3B8E957FB099,760,22,1409894434132,1409895206742,1412120576524
F275514935477EAF38A9CDD2B213B1D9AA6A25C7,5000,9,1405732614953,1405802601190,1412120576524
F2895C968731A52014AF336E91A334FC98AD4A1C,544,16,1405013687976,1405013889687,1412120576524
F28EEFA3045DEFE5B9DFFAB55A6565914E9AC228,680,17,1406228840902,1406229262836,1412120576524
F29554A4728A59CDFECFEC729384AF4535471122,400,1,1404898628954,1404898628954,1412120576524
F295617F9903DFA6AA264BA2DCC0F0DB44D04ABE,400,2,1410019565056,1410019659802,1412120576524
F2AE2F2CA8EF99C9159441087E5797A31495EE23,2000,24,1404976129171,1404977118085,1412120576524
F2B41A8694F6D98FFA51473C8E34D22AC7824EDE,400,2,1405709202692,1405709340167,1412120576524
F2B70CB7050DBF949AD18120450A8C9846F92267,760,21,1405757289964,1405823590702,1412120576524
F2B84798D8854836EF7EA66F920FF8C54BF08EE4,950,47,1405501711304,1405930184450,1412120576524
F2C57E08D33550AC22C82746278FC18E7BA31EC5,440,4,1405360993318,1405520266433,1412120576524
F2C5CF1D7ACE61C2D13C08A65DD4D69819D817B3,400,1,1405495361433,1405495361433,1412120576524
F2C721294EC53CEFB7A728BE7EC71E2C26D0418E,8000,32,1405329180443,1406113049332,1412120576524
F2DD8B4EDE8524ABC9F25E29E8E4E926C23CB54F,400,5,1404951013007,1405395625937,1412120576524
F2E5B88B21B1D3E25BE8B1D440CABE122A3E4D9D,400,1,1405044604725,1405044604725,1412120576524
F2E9B7642B6DF59C2A226AACF92C4D91C4CF9FE1,2000,26,1406235513109,1406236938424,1412120576524
F2EBCE58505834C387AFB954771B2EE7CAA81BE1,400,1,1405146022815,1405146022815,1412120576524
F2EF120393E87A6CFF8C3FF39B3F75F239CB77D0,488,10,1404865372986,1404865477018,1412120576524
F30AFACCBFFB0F8E1C4E41AAACC600008E341C31,400,1,1405301218555,1405301218555,1412120576524
F312088F75BF1E342F9EC3E64393137746EB7F24,5000,41,1405645577024,1406067110455,1412120576524
F3137BACD069C944E49CA46DFA6F44FDF41D9388,5000,69,1405377680934,1405983382388,1412120576524
F3138B8D9C4B38179029FE009A929C1DEA666D9C,2000,17,1405411766907,1405521886552,1412120576524
F321AC96B266C63BFD5CD62CD1358A78F96F1602,2000,39,1406031789998,1406033468543,1412120576524
F321CDE99C48E22375201158A6863FAAF6B91D83,70000,222,1405526215926,1412021701563,1412120576524
F3292946DFC009D53BFD51D930ABC54F882EDE41,5000,60,1406064299648,1406682342403,1412120576524
F32B57DE6A2CAAECD55BC9F3B010CA1C83617A4C,5000,37,1405226296165,1405232459801,1412120576524
F32BB7861FBFF473230C6A2A7F24C3C18264794A,400,3,1406030322988,1406030937625,1412120576524
F32E7584EF624F58B6B3DCECFC2758A0D75ED08F,400,1,1405487710080,1405487710080,1412120576524
F32FCB2C08CC947F3DED84D85FE14823D01D8333,5000,21,1405457262046,1405820776915,1412120576524
F3324F2180C151430B15C0E1D354703D92474EA6,5000,12,1405132675620,1405247311237,1412120576524
F33749B155189DAE5D682B8D6EC04916DB2264C8,2000,44,1405558005145,1405813357581,1412120576524
F339FD7FBB29693A39607BCDF16614B8468BA345,2000,5,1405580895305,1405634749691,1412120576524
F33A5955FE1498AA8C5EDABDF83DE6E1DDB5C3BD,400,1,1405356776026,1405356776026,1412120576524
F33F0F44363715B83687ACDE3C542AD0381AFE49,400,1,1405672729488,1405672729488,1412120576524
F343A19F29997BF814149DB0E62A51124BF7DA60,680,7,1405626048998,1405626094636,1412120576524
F34DBFDA96D387205CD6515BBB250A302E0BB72F,5000,53,1404876776115,1405113224488,1412120576524
F357358C9CF27AD4965167FE8A8F8B29333A8202,5000,10,1405425631188,1406460973574,1412120576524
F357C5DD98F846359F6B6ACFB9252027CFE8AF68,400,4,1405475836614,1405475876772,1412120576524
F358D47C8BCF4CB0A19FBECDFAECB08CC08F8A13,2000,13,1406807827963,1408285684475,1412120576524
F359A2E5A6B9FF260C9F4448F7FC5D613E5D5DDE,2000,27,1405498184474,1405512510828,1412120576524
F35C745C0BAF5EF63C5303EC708B8D86C242D38B,400,1,1405054635012,1405054635012,1412120576524
F35CCA6773C26E1A7792A73811886CBFB8246E65,5000,4,1405437051928,1405439222501,1412120576524
F360073CD8A0327D98A01E9B3A95E48BAB6C7038,544,11,1405582670705,1405582944913,1412120576524
F36013C62A90D4CFB4D1AA10D4B0D4A268AAAEBA,544,12,1406326420210,1406326574242,1412120576524
F363E6A27D49E87AF2829EAC11B636BB801EC5B5,5000,8,1406657459875,1406946096189,1412120576524
F36512E9E8674E5C497F657FCF78DECDB525B0FE,400,1,1406521698001,1406521698001,1412120576524
F368A150B9F20FD7EF410BE98934704A885EF3B2,5000,34,1406753156051,1408611499875,1412120576524
F36AF63C9C692C4E67E2BA312E3973A9E0CF98E0,36000,125,1405418115460,1406515493939,1412120576524
F36EAE050ADB2394A027716772D22FF6F58DDDAA,544,19,1405365573662,1405708365241,1412120576524
F376F01C7A2DB3B8B7F658A6F5E0E43366EFA20D,2000,43,1405066497629,1405087856756,1412120576524
F37A0119BA8F0BC4418CDD2029647324061FF3A7,760,9,1405559682318,1405559889677,1412120576524
F37C470213850B89629A45C066F9A22941635BCF,488,13,1404952383535,1404952544663,1412120576524
F37D4119A4D882497481BD5FE03C15FDDB6A3853,2000,27,1405297334373,1405341307056,1412120576524
F381EDA9AC969C62F4E6D4EFEC7C270EC731E81E,5000,21,1405285047900,1405290259593,1412120576524
F384A8AACB9CA43A3FB88B04446F4F8710C0595B,20000,180,1406088820823,1406155578467,1412120576524
F3864B0A3AA762B84824D391919DC37C5A128691,440,9,1405311974319,1405312104593,1412120576524
F395D3B87F02A5FB23841A92291BCAC3806D63A2,5000,38,1405974877714,1406948473413,1412120576524
F39782BF13928A22A4ECDC234A3A1E3D920B71A5,440,8,1406573940329,1406573962784,1412120576524
F39908BB856130B131750A9827A12841308B9F06,440,8,1405088882095,1405089282420,1412120576524
F39B0002D1B420B7DF17B84B65D98D032E274244,488,9,1405240324473,1405270700228,1412120576524
F3A0DA850793426AC096355C9D3420CBBAAF4DCC,760,20,1406494230147,1406506199244,1412120576524
F3A15F3DC62184270B1A8275C23ECDF13339FB59,2160,63,1406103260778,1406182507391,1412120576524
F3A1F081639461A8241362C02543EB59DB0A216E,400,1,1407290685148,1407290685148,1412120576524
F3A7D3F2F990131BCF5858F571A027BF8BFCF306,2000,40,1405699576930,1405958035828,1412120576524
F3B9D0AF2B326E8300E5AC9BDDA9F2BFE71265D8,400,1,1405465729015,1405465729015,1412120576524
F3C2F466F90C03798E93B567569B80C2B7F0CA09,400,1,1406379610128,1406379610128,1412120576524
F3C52CF09B01B73E07D0F009CC70A41A7D5B4727,2000,32,1406334427397,1406584619404,1412120576524
F3CB3D4871C447BFC2A24CC066C8878C2D4383D1,680,6,1404860074431,1404860085728,1412120576524
F3CCD2B00D4D2630401BADFB9B6844DEF421A1EA,680,9,1404585357765,1404585502849,1412120576524
F3CF73259653C3172C696D50C207BB5C5DF4F0B1,2000,44,1406261658642,1406450448068,1412120576524
F3D24901AE29A20B263B334EC8AAA4E3F7BB9FCC,760,16,1404744023371,1404752777284,1412120576524
F3D5963DE23D0C0F5C747B68E27CA54F8615B80E,488,3,1406206018422,1406725828791,1412120576524
F3DE76DF5CBFAD625EAB73DB9412CD73CE581CE1,680,6,1407330521590,1407330589531,1412120576524
F3E41B1B0491E5B6D03D23B6A4D40719574B3C30,760,9,1405746030887,1405746101798,1412120576524
F3EE778E138CF3AB905A1CD99503B2C4807E5BB7,680,7,1405743717128,1405743728140,1412120576524
F3F1054176B8EF6AD08DD7755AD6776B9EB4EB7E,5000,5,1405475631356,1405476488462,1412120576524
F3FAB0E701241C1E18525DD033D301FA47C382BA,2000,10,1405475098617,1405663522870,1412120576524
F40554EED3C72A132E5F58DA8E7DC500CBD54074,400,1,1405413906295,1405413906295,1412120576524
F4178090437161FE01D97747E3B86227212843CB,2000,26,1405409679434,1405410827963,1412120576524
F41F7BAECE9CBB931356274BB785BC73DB5D510A,15000,95,1405539232331,1406160458955,1412120576524
F42083FDA432690823010331122EC7C22BB6F148,2000,73,1405892446653,1406573601223,1412120576524
F42605102646C055BB638FAFB6A342E07E0C6C2C,2000,46,1405280604457,1405378370867,1412120576524
F4282418609C1BB8C7A592B58AC1B5C5F30D1090,680,7,1405143468719,1405143486180,1412120576524
F44092FBDD5FBD2163D4794A3FC7B9E44D3AFE66,680,10,1405309079728,1405309379786,1412120576524
F4431B2D4150278007269E37BEFBF74859774968,760,16,1405485043235,1405488078002,1412120576524
F4482D8C8349427600D4E922E1510FEEEE5F3AF8,5000,10,1405961718910,1406410804211,1412120576524
F44852C8662E6A9F2D5F03AA46E33518031DF801,2000,38,1406007588253,1408926431889,1412120576524
F44F1370A6F3E550BC6A8F0994EC6BA3D5DFE79A,400,1,1404876662251,1404876662251,1412120576524
F450555D5DD06B071237884946886B2CF5119B99,544,6,1405476452265,1405513730350,1412120576524
F45652C69378B2BFBC8348B1788DE7F7C66AE0EF,680,8,1404967388869,1404967557738,1412120576524
F45EC00048620DBA62D58C233EABB5947C0F765C,5000,24,1405595407801,1405877597858,1412120576524
F460A243FFC8C4097D58EE81A876A478BA8E34B2,760,17,1406304140548,1406304818567,1412120576524
F461C332B4D9F86887513E97669159FE3938DD83,488,12,1405538636131,1405539038987,1412120576524
F469E57DC338AF4970133991D0FA689EEFB1BC1D,488,8,1405260043556,1405260066824,1412120576524
F46D4BB3B56C085C2B955B5B78CC5F994E4370AF,760,28,1406221213436,1406223584079,1412120576524
F47E7C9204C7BF22862225A5E93DE70EBC335DC4,400,2,1405813400435,1405815170566,1412120576524
F48275871AF73993B934CF9F3AB6FBEE01ABE6EE,488,10,1405222603531,1405222614925,1412120576524
F483E5888B46CDE4CA93E941EAEBCAE9CBAFE788,2000,19,1404919828089,1405005531726,1412120576524
F485C65A3AFD755772F62F506F1B912D853B081A,400,1,1405258594694,1405258594694,1412120576524
F48BF4CAA7B376030B19FF5FF463644471C6F065,400,3,1406307304466,1406395944014,1412120576524
F4920C1D382C3063832CF850198D49CAE31C0200,760,27,1405104940133,1405129004213,1412120576524
F495E71586A88830308C93DC97FDACAB56E284E8,760,18,1406391706775,1406392293902,1412120576524
F49866FE7A6D0DCFEAF1AFC48B59F3A0A8D953FA,40000,218,1404577833396,1408705377613,1412120576524
F499164DDCF0B3727454D4CF98680DB0DCC9F8A7,40000,145,1404981154376,1410251718697,1412120576524
F4A1F25BF5083681250904D0AC0E4D5913C4D0DC,2000,67,1404877576600,1405049920257,1412120576524
F4B31893B10B0497D49482D418AC4984F9228EE2,2000,17,1405487929718,1405489524171,1412120576524
F4BC93A2C0E9F6B062D195FA5B4B3329C79A33EE,400,1,1404882944703,1404882944703,1412120576524
F4C448B56E6A47F0CC2E5C8BA4C10128FF9ABCB8,400,5,1406577348470,1406585730412,1412120576524
F4C6891D90C76387B82D1F64793527AB92579EED,488,12,1405320580240,1405320778600,1412120576524
F4CE801D4BF7F0E39A4FFF19BC5BD2426F5608E5,760,8,1405643507305,1405643510240,1412120576524
F4DF697147BB2F5312245BFFE613EB9EA17DDA07,400,1,1406714200262,1406714200262,1412120576524
F4E237204F2E6F810F2F1163A47BE4BE3B9FA98A,5000,17,1405779825455,1405811928024,1412120576524
F4E3C527BC174968D237C88929728F264593D58F,2000,48,1405681814561,1405813705953,1412120576524
F4E51CF55B8DF529FB57CBF46C22BCD97EA47243,400,1,1406574313063,1406574313063,1412120576524
F4E5460304E1A093E4BE3F84145B409F445F6949,5000,10,1406673251823,1406776412817,1412120576524
F4EC69F1F2E69AA2DB975B616C55CCD8366115A1,36000,289,1404506931008,1405371968603,1412120576524
F4EEE151035FD3D40C30B3B58A077FBB39D263F0,2000,60,1406669338616,1406741639303,1412120576524
F4FF2C1F6BF3F4767C8870BA24E7CE0A4FD00705,760,12,1405163267495,1405163474864,1412120576524
F5007F987B73AC795F600FD8BB05092344D17687,400,1,1405689786922,1405689786922,1412120576524
F515005FBCF9F4D5DFAF4A85D383FF6755959D16,2000,67,1406430852458,1406518832644,1412120576524
F52E40F22054288E210BDD0CF90F9C6BB2FF1D4C,400,1,1405308687125,1405308687125,1412120576524
F533822E2ABF18A67274E545DC8429D33D335938,544,16,1404488328350,1404488600825,1412120576524
F534A9C6AA29817B3D8AB1BF392D7985814630DA,5000,19,1405134796512,1405519343739,1412120576524
F539022559DE1F4F5C1C5E1F225FB29AA3B9CC0B,8000,34,1404582281018,1405198937676,1412120576524
F54E4DD635A340DF31BD3BC83B190133E51D59C3,760,34,1405055204336,1405120231958,1412120576524
F54E599FD0263C76A823ADC15A9DD77F8933C513,400,1,1404965377301,1404965377301,1412120576524
F552CC598D0DDD4139D5C7557D638C37AE738FDD,20000,48,1405656897698,1406055163204,1412120576524
F569739DF44075F76D00E739CBCB89C6FFFDB0AB,544,13,1406702285645,1406702548169,1412120576524
F56CA0C375F9DF1B74539AD698820DECBCA8AC39,2000,12,1405523027190,1405546704628,1412120576524
F56F1D6A107B711404F487DA921F2F0CE8A44097,5000,3,1405362970614,1405363516153,1412120576524
F5706E37BDF22A072DB8CB1B496FBB6967E22C67,488,11,1405179678026,1405179769265,1412120576524
F578BD66D6F8FCFECC1943BBBD1BA3E9B2678B4F,760,18,1405624928396,1405769820124,1412120576524
F57B58D2A0C54A5BF6F39EE8146FB0249E66FBCE,760,23,1405332363401,1405333820308,1412120576524
F59B41A424976A4567F4B6E2BD868239676C7A61,15000,51,1405044712840,1405171414965,1412120576524
F59CD04ED602ECFEF49F1C6C1805C7BE3E856D42,2500,32,1404912138334,1405184250032,1412120576524
F5AD89783E2EA47DD3812FC890044ADE117BE4D6,950,22,1405477563360,1405565722087,1412120576524
F5AF1D5C7B925AD8886230951ECCF71505D194A4,5000,12,1406103984800,1406104344027,1412120576524
F5B0AB901DDCC96C1D088B199BAFF8957E757708,544,8,1405614129899,1405614149969,1412120576524
F5B21E50729C66FD8C438FC45F2DD71F68DE9D59,680,7,1406631527409,1406631612649,1412120576524
F5B62E4E2A55C9E294C5EAD87CC697ECE1F4E0E6,488,7,1405482988032,1405643651345,1412120576524
F5B77826F97364A30D0776DD66714205499E707E,2000,40,1404868994619,1404915728469,1412120576524
F5BDA0DC69989B160264BDA80D3542F5FAC5C22B,488,8,1404511301344,1404511316638,1412120576524
F5C53E3D2C9DCCA2B2502AE6CFE5E8DEF887C471,760,13,1406134022430,1406347369968,1412120576524
F5D37C9836C88430379E4CF7361102E96E20D45D,5000,21,1406225053936,1406339234220,1412120576524
F5D3A65E12A215E92FA3A8FCA1B9730E7C0F1340,608,3,1405504405993,1405504405993,1412120576524
F5D6E93349AC1F1DEA9BBF2DC7687F624D7AEACD,5000,39,1405577131974,1405617020117,1412120576524
F5EFFFC5BC74B078E67D9D64EEB53C2447971738,5000,3,1405564274164,1405695068957,1412120576524
F5F64EBB18B1D67D342E36C1492F511EA6C277AA,680,8,1405567048101,1405567203858,1412120576524
F601826C85D85948C32CFC83646977D6146E96CF,608,7,1405556304600,1405556316059,1412120576524
F60733E4661CA82A3671FB9E6F1740F27F9D7DC2,760,34,1405894909083,1405899368723,1412120576524
F61755AE8416A30BD333DEBA0492D79D30B12499,400,1,1405234084199,1405234084199,1412120576524
F633303433226977A3E4291618B809424F4F4BB5,400,1,1405011833954,1405011833954,1412120576524
F6365F68B477A771542CC9B13ABE850DA5BF951E,400,1,1405881564728,1405881564728,1412120576524
F6380DE81FF6DE99C631206F8592888319C82406,2000,41,1405408387217,1405428223449,1412120576524
F63C5C09FD33287806D974D15A39772A9D8829CF,5000,8,1405793003752,1405794290710,1412120576524
F643296B9F29695397B041BF34C3373162A99CBD,400,1,1405963089213,1405963089213,1412120576524
F64EA4C7B00FC58B89B64933AE7083C247BC4AC8,20000,145,1406153064183,1408905372452,1412120576524
F6574CA4A6A40BFE86687BCC20470DC7946EE3B8,760,8,1405556349538,1405556393602,1412120576524
F66094C62927DBDB64D5189B85E2E44198E30511,5000,52,1405558568586,1405783037471,1412120576524
F662BED7EC4BD2E02665CCCE17ADC4A451494C20,760,14,1405397440884,1405397738782,1412120576524
F66B5FF6416F7888462C426D2CBAEB101F32E970,488,12,1405019152327,1405131249620,1412120576524
F66C725DFDB3B9AB3BBB048DDB67CAC264DD47C0,488,11,1405244371588,1405244584520,1412120576524
F67BB2CAAB1201F710A188259E8A72D6E695E7FE,2000,22,1405634005542,1408260711903,1412120576524
F68450B7321B070E6211F5A4871CAC828B441740,5000,43,1405305141930,1405537198673,1412120576524
F69047617D8F4B497891686A37DE8B3A0D566E85,2000,37,1405486806813,1405825958870,1412120576524
F690BFB2986DCC1333FA1BA4B96E478810F900E8,760,25,1405507707241,1405508540415,1412120576524
F6912FD86B8AD78BD634A72B35ABD1F9642BB95A,2000,15,1405524385912,1405607084461,1412120576524
F6978F3F009849BD802C33D9D171279B4694961F,20000,77,1405720378586,1406651272047,1412120576524
F6996E50D27A68DAABBED2684791F0E751284F07,440,7,1405717525270,1405717682672,1412120576524
F69F1E12430893EA516F01AA983E5154DCA423D8,20000,32,1405565206096,1405823754299,1412120576524
F69FE45F4A8586A11B98AB3BB129E8B621C3D398,5000,20,1405304172500,1405381043600,1412120576524
F6ADDA89922DE63772290E2B272290E689B34554,5000,38,1404953021799,1405704718492,1412120576524
F6AEA8071B1520DC1194211EA095BABE7CD01573,15000,88,1405435754048,1406428200134,1412120576524
F6B59AA9BE5F5C6CF07A382693F7148F4F84CBE4,400,5,1405619841995,1405619885463,1412120576524
F6CE12CE929EF78297BAB8214765204093AB364B,760,23,1405483122632,1405563836903,1412120576524
F6CE457AB2E814F8C48DBAEFCB2836F1BC9EDB18,608,16,1405150321579,1405223565148,1412120576524
F6D24BD4065C00B938B6F22DAB9A1AB3E7179462,608,5,1404616516631,1404616524762,1412120576524
F6D6A20CA38A08BF162EED5EC712FE9467560406,2000,25,1406064003994,1406071152567,1412120576524
F6D8EC0F447AFA3344BD669C20C1E312E852CD2D,544,7,1405696430442,1405696449722,1412120576524
F6E1450AB0418F4FA45F43C7B9C612056B7B0583,2000,26,1405990726834,1406009583377,1412120576524
F6E3FD323C4A7DEE70723A5D9C6C2F35CEDCFBA0,400,1,1405413550818,1405413550818,1412120576524
F6F03A64E5023447D91C9A9A8B3A0E81991DCEB3,760,16,1405483835723,1405483994391,1412120576524
F6F651772D5DDDF33FC80548B5D9256DA5B6844C,440,8,1404887550315,1404887779312,1412120576524
F6F7DF63E1C0C47BB562A9AE2F0EDB570C4AF97B,400,2,1406377094470,1406708689326,1412120576524
F6FD1A534B7FC97E9BEB3125D136E3C35B53EACA,5000,18,1406353309729,1406354390218,1412120576524
F6FD4D8503C03F3EC9C631D6F877D843AB409E80,70000,188,1405302958345,1407203568090,1412120576524
F710B7D84813C213AC2098DFA293E0E3EF816A4A,760,8,1406194519672,1406250476321,1412120576524
F714959566FB8A7B2BE837CF039C42C0AC8A4BEE,2000,43,1405328394788,1405408618068,1412120576524
F7163D1130F0ADC28265510F43D663FC92EE1AA9,760,19,1406412817402,1406413566910,1412120576524
F716BEE1B8682F8B1C6D1180284100D651C97969,760,18,1405632281503,1405632562947,1412120576524
F7196A961F65E7FB6655AAD6A80472DC8D413807,2000,41,1405924559352,1406786694334,1412120576524
F71AA717E02B009E5B77E0CF928FB8BBA3E24E3F,544,17,1404921550913,1404964853352,1412120576524
F724F2340CACFF4476871788D16AAB79B94E0E20,40000,99,1404879603078,1407466323894,1412120576524
F72C91291ECD59DA44F2CEB20B876826EF2156B4,608,11,1406152012009,1406152234227,1412120576524
F72E030CE48DA57BA1D92BCE54D66745D2111840,760,12,1406247575579,1406247761033,1412120576524
F74ACA711321260DA7156BDFD0CC37856B2190C4,5000,17,1405024198632,1409528255594,1412120576524
F75279986D0812DC953432470565B958615C1423,5000,4,1406320628512,1406337421897,1412120576524
F75407EA60837A853DBF20078EE5BC64F22E090B,760,35,1404900678717,1404901307674,1412120576524
F75C3D3F8F8070B470169C9E3FBF1472AEFD0107,2000,16,1405456801335,1405544502837,1412120576524
F7689BF1DB67584EB3554481FF5B93148F4CA643,680,11,1405648958107,1405649017232,1412120576524
F76C07490C9D0A3CFC8F037DD181133F20ACF259,760,21,1405485629785,1405486192943,1412120576524
F77151975B450D7EE701958377CC5522CF66441F,680,7,1405224256374,1405224284872,1412120576524
F772576278223E82CF80504850340B6583F57F91,5000,4,1405759537788,1405759988694,1412120576524
F77C869A0D5F1ADB14D3449DA8F6D116ACC0868F,400,1,1404882257392,1404882257392,1412120576524
F77D87775B13B7F213968EB55B2970721B8E44A6,488,15,1405220098495,1405220402468,1412120576524
F780BBC9C4034CA4F0A5988B5EB03F83EEA18F67,400,1,1405099220638,1405099220638,1412120576524
F78B5D7B3B16BB4BD3B0557462C44F6588C6F432,400,1,1406234579991,1406234579991,1412120576524
F78DA224AB11EC2DD228006878FAA464075BDC80,544,4,1405026660552,1405026803793,1412120576524
F79980B19419299130A84E003B003BF9808FD8E2,400,2,1405141215640,1405142086032,1412120576524
F79B8B8AB78E6C127BC04787BA099F43C31FCE27,5000,69,1404297060492,1404361487615,1412120576524
F7A95FB5107EBE2C51C76E670E92A28810D003A5,760,29,1405569024978,1405661651998,1412120576524
F7ABF2C6CCC2F895B1B57EAEC53C65BD8F22383B,400,1,1404273929041,1404273929041,1412120576524
F7B08FE3417DB1FF32A3CF8D4002DC4BE7EB5C3F,5000,2,1405919942492,1406698461791,1412120576524
F7BC8868133B1052CA8A81026BCC0939BA9F49E5,2000,6,1405219043787,1405271926891,1412120576524
F7BD09E5E66F6C865952C4487DE774A5194AAF21,20000,44,1405094501881,1405206377375,1412120576524
F7D44DFB1E2CA03350320C5BAF6D4CEF236AFB5F,2000,9,1405366193035,1405396165016,1412120576524
F7D9BD651632A56B15B9D3399A19797FC609249F,5000,34,1405391165313,1406563370474,1412120576524
F7DD48C181A89FBEFA9AD96C26E211837DD1F854,760,15,1405759155348,1405759654898,1412120576524
F7DE6D381A409F0D3B90B3BFFC031AF6FB0C4DAD,2000,28,1405124171604,1405546584699,1412120576524
F7E49B2884F46A29A2301B1FAC570243C8305A49,40000,132,1405409590919,1408047402525,1412120576524
F7E52DDB200E0D3421F815BDFFD452A670910653,2000,35,1406145396410,1406415846107,1412120576524
F7E5C787EF3358F3F9EFDC304F71B63F3B1E9A1E,2000,28,1405603218827,1405709246705,1412120576524
F7EE73DAEBA073BC9CB05C49537D96E0CAD38FE8,608,12,1405213761311,1405610946602,1412120576524
F7F0291390055A489DBE199D2A860962CC0DBA92,608,11,1406394783164,1406395157405,1412120576524
F7F09183AB0D6D2D841062A3B95A3F9FBCD8D5BD,488,7,1406174654924,1406243482661,1412120576524
F7F334F89FC1BB512FE3D997E2D45224F6107C9D,70000,176,1405617321292,1409248186669,1412120576524
F7F4FAC500C717F683912224A5E32A7E6534533B,5000,6,1405115188429,1405171477421,1412120576524
F806E355B7B9BBC9DB7EF3F1E732F9086ADFEEDF,680,16,1406332267550,1406517548562,1412120576524
F81BE2DFC6D1FC27E171773818EE668C8D081D07,760,23,1405699798179,1405795159001,1412120576524
F8271E50808F1EE47E25A5482F9E87D271C09D4D,70000,125,1405697267570,1405896219176,1412120576524
F82758CFE8AA1577C98706E3D53E33080790F51C,5000,18,1405789736841,1406086368780,1412120576524
F82A3BC47E151540413D232DA7ED4A568754DAD1,760,13,1405298999284,1405372379023,1412120576524
F82DA519799DB48F9C065A8AA76BAB2593F147A8,440,6,1404680328679,1404680557283,1412120576524
F85AD991768B0DCC1B0F6DF082629DAE67F854A2,488,13,1405624351841,1405624729930,1412120576524
F86C38BB5B0C2A80C203D95206C4D4354B81ED67,680,6,1405137025131,1405137038113,1412120576524
F86F2E395AD4E8D273715BD752ACA3506E12676B,15000,112,1405014583800,1405612152541,1412120576524
F87B2EACE0648A3761DD81F126C8BC160CBF3184,2000,78,1404927087497,1405274886355,1412120576524
F8803CF135A40D09C8856A8791DFC4DFCB3621C9,440,2,1405219667865,1405219667865,1412120576524
F8829A4A58AB5D1DE54DCF7325F666CF1C46FC71,15000,82,1404828581786,1405350719707,1412120576524
F88706FB217E5E16993076DF34073C4E53FAF05E,8000,46,1404865232784,1405219072055,1412120576524
F88C51D4B372424ED7D18C808AAF2D36B8FADB4B,680,17,1405476342454,1405477434694,1412120576524
F89272FC2C83EDB0902EE6C3D44F8FCD3B1E57BD,5000,27,1404917002306,1405107227235,1412120576524
F8A787024D3BB809DAFEFDB0B0A2C5B41A5BF2FB,2000,19,1405305498317,1405436743956,1412120576524
F8A8E77F2B9F8A5D096188949221FC4D40F4282F,760,29,1404887249388,1404935908629,1412120576524
F8AB1955A4A9EDC9A76FDE971B9AC6D830E061D0,2000,2,1405391518223,1407612834030,1412120576524
F8B37B83CFB7B6F11EAB5371075B6D83A71F976B,440,2,1404442112106,1404442112106,1412120576524
F8B8D20CAE82585573CB69B57775C19B43A72C01,440,8,1405823714681,1405823729497,1412120576524
F8BA8AE93FB02CDB298099B4516BFF6048157470,760,10,1405987785574,1405987928411,1412120576524
F8BF9363350FA204A3FB0EA0F7EBE482F28CF4CB,5000,29,1405149093221,1405441013150,1412120576524
F8BF9FDD1D7184035F8EDEDF0720E2A1953F97A1,400,1,1405714046572,1405714046572,1412120576524
F8C10F46627724C37382F231B116A6A02DCB0AF5,2000,25,1405545428617,1409183718683,1412120576524
F8CE32BEEAA0BFEAE57E9F639FAB57BF630BB9A5,5000,23,1404939027077,1404940317681,1412120576524
F8CEDBE01D27C0C5EC9F2FF4C95D2B314E394FCE,2000,32,1405410276823,1405653129716,1412120576524
F8D5080939F10E758D4581C702E7BDE0788C3DFE,760,24,1405674316128,1406871002907,1412120576524
F8D7BB2E85BBB72A0AE2796134310A4EFFC92424,440,5,1404967312764,1404967312764,1412120576524
F8DBC6D89A6CE059CA7D42617F608922B427F3E7,488,8,1406265814734,1406265842782,1412120576524
F8E1EA4F5E5AE691CB6B8C936959AC72CF7E627D,608,4,1405486366452,1405486384882,1412120576524
F8E5B1C501DA22C52548412EAD9DE632DA835C01,5000,15,1405044451094,1406480744793,1412120576524
F8E95D83027F9D255783241EF8F84FE3047A0421,20000,104,1405129400145,1407690784229,1412120576524
F8E9BCA5ABD6F48A46B425F1CAD37974EA43E31D,5000,17,1405445083598,1405445832773,1412120576524
F8EEC4B0226E56CA3F2D4E741D784C89DC5800FE,2000,3,1406542254517,1406976073696,1412120576524
F8F1D256F04143434543D088FBC2B6EDDE1DA647,400,4,1405229357187,1405229357187,1412120576524
F8F43A4F9B978E4166BDA90F958CF265D88B2E72,608,5,1408914027893,1408914027893,1412120576524
F8FCEF2E53EA455491B606F2E4277B8B66C84879,680,7,1406262195004,1406262213402,1412120576524
F8FE223F161CE000EB5074358697D607D502762E,400,1,1411148894485,1411148894485,1412120576524
F9001CD95370C1552FDF6FD436BCB5A9E217753E,1350,19,1406669209388,1406670499705,1412120576524
F907D8A9E8DFB725B9752188B4275042EA34FF47,5000,21,1406205286311,1406229660262,1412120576524
F90E71A13217E7626CE14A4CD3BC375090CB521D,5000,18,1406063918888,1406065051950,1412120576524
F911B5BA18399E19D6C7B8E54A2AC50A91142F6E,760,33,1406135998976,1409640401831,1412120576524
F9127AD4C0CE422AF0D7BC1D1CD448948B071528,440,11,1405402135975,1405402529436,1412120576524
F9194D0C70CF50713EDFAA139A23160569BC9BA3,2000,31,1405314161576,1405561892142,1412120576524
F91B1F649E7C95E3B23417FF15998C74E8DC7D84,400,1,1405159865504,1405159865504,1412120576524
F91B2684357B6B06C75FFC7FBC874A691FC3B503,488,4,1405975540451,1405975802537,1412120576524
F94011D026E51E72E3A3929C929CEC52385234D9,760,19,1405050357064,1405050800648,1412120576524
F959A5FC68B3F124A5D2EABD96B286EE63E1B005,2000,66,1404956393549,1408276846571,1412120576524
F9638D9D54FE3B28927C00F3CE9B5AE5483B7B28,400,1,1406070930558,1406070930558,1412120576524
F96AF4EFF0622E73A6526D287B399C946833FF29,2000,49,1405305855066,1406246931459,1412120576524
F96C877A500DEEBE668B76FF57D873B297B655B1,5000,49,1405111876337,1406081139810,1412120576524
F988010F2E02DFD501BFD7E002F648EB2E8EC486,400,2,1406301649783,1406639564521,1412120576524
F99A3A44F2BE6EFF59ECF8AD5ABC79B7A0D2F0F4,5000,4,1405849192925,1406160085931,1412120576524
F99F2FA345949E85F5BA03644A66A8CC5B2F3B5F,760,28,1405286692626,1405287131014,1412120576524
F9A01E27CDF601A9007984D6BEA22F8FCD1C5E70,5162,48,1405294589115,1406420125489,1412120576524
F9A5F8A9587970A3D5C95DF534CC48B883DC7B70,2000,25,1405442642097,1405443283667,1412120576524
F9A8220D4CF58C44CFEE4BB71714104DC917FFF4,400,1,1405664569218,1405664569218,1412120576524
F9ABF936923B808C7CD674DFE384E102E19A113D,2000,2,1406724784180,1408031670373,1412120576524
F9B63F25A7DC9562152C5AC7FEB18FC477620A17,760,12,1407121721105,1407744206245,1412120576524
F9BC5E51B28EFFEB42C96082D77CC9EA345D6C76,400,2,1405258032122,1406015837952,1412120576524
F9C38259B6BDF1484A5704E979B79B2C95290B0D,5000,2,1406752882663,1406831750131,1412120576524
F9DC5A2B80AF40245CD91F9D758F385EA1BB5689,760,35,1406523262575,1406696818326,1412120576524
F9DF85567A6B64974817C5ACCBC22D4E7910F011,488,15,1407086252721,1411096746324,1412120576524
F9EC34C762583C4E6BE89E2BCCC7717AC5D4FE27,5000,34,1405800071728,1407210425520,1412120576524
F9F44D01869208A25F2883F120A69AAE9631C93C,2000,27,1405556920570,1405569805890,1412120576524
F9F6388C474569034E32422942380C26FE114888,760,13,1405226259938,1405226473787,1412120576524
F9F641A0A7D34B0070CFB874C47574B9AE4BF906,760,25,1405193249662,1405212167150,1412120576524
F9FA1618171A5F484FC3FC9A5DEFFBD4C0250AEC,2000,39,1405468541809,1410741102215,1412120576524
FA119979E1CBED9CBA51D98EC2C90A14BA9976F8,544,3,1405490050506,1405490099422,1412120576524
FA1430629AEA731A2CD7AEFE5161A2B2682D9941,488,16,1405433033833,1405433694989,1412120576524
FA16F2BB3485CA88E2AA2C2D160243EEBDA92559,608,10,1406572714519,1406572796524,1412120576524
FA2821D63D0CC9BA3D4BA027046734CC58671F46,544,14,1405480097857,1405712827783,1412120576524
FA3ABCABF75D5076010523EBF9B21B884C88EA98,500,15,1405546295119,1405547208750,1412120576524
FA4B1D5DF614215FFC96C6E02FB927DC3CA462C6,5000,8,1405349567775,1405350171471,1412120576524
FA4B392902B903E709C09D0C3B697AAC1F5F0836,5000,10,1405800300762,1405800601314,1412120576524
FA4CF5BBD3F921D7B787CF388FA2D6CBC94FC0AB,5000,16,1406056972599,1410219431941,1412120576524
FA4DC463D117443BCAFC34A52795558574D6CBAA,440,2,1405694265859,1405694265859,1412120576524
FA5D1B43DA680D94BAEDDA16B5B252809F80AB70,400,3,1405790590464,1405790590464,1412120576524
FA5E0166D5980ED43A599B88E51733ABFDE0B151,608,23,1406084381096,1406144583038,1412120576524
FA8701E0C310699F916E7112920BD31E52B983C6,8000,18,1405037677250,1405038554866,1412120576524
FA8B0E924EDA788D3DF20974D83FD6FCAE76EAEF,5000,35,1405139584343,1408930721695,1412120576524
FA914063D7EAB55ED9D1599BD6C339F326E8E9BD,400,1,1405583778978,1405583778978,1412120576524
FA986BC00E6C6CB0B4746BB61FF63214ED98B7D2,2000,35,1405941444945,1406007602273,1412120576524
FA9A328904360EB13650C47621FAAC83D67197A3,400,2,1406448963358,1406941542744,1412120576524
FA9F6539CAE20B5EDAE72B25CDEA2DDFCB68D313,5000,5,1406114856394,1406527546567,1412120576524
FAA237A795033882EE0CE36555C427BA8CB7B4BF,2000,40,1406611969688,1406837136157,1412120576524
FAA44890AD1DBBD5CDA41F69174B1AA88D5F669D,2000,20,1405690144676,1406114183310,1412120576524
FAAB3C8662D9B9CF70F2063A16FA4D8C5AF682FF,400,1,1404957772138,1404957772138,1412120576524
FAAD7922883891DDFE12078B320CB41B5AE9BB2F,400,1,1405345998198,1405345998198,1412120576524
FAB092AD2C2949528A2D823145C97764A23779BC,5000,72,1405399312831,1405543905688,1412120576524
FAB143FB8206274BD7B404E174AC03AB76112057,440,9,1405688479536,1405688619150,1412120576524
FAB1C3FF2A94C4C9769018243A0153C8B8E78CDD,5000,34,1405486577887,1405576072739,1412120576524
FAB4F1F76B957224A0750B5D7E8595A06B6D4942,15000,67,1405646674988,1406427568362,1412120576524
FAC575CB52669DFA9416934AC0870970703CE562,5000,16,1405743739036,1405750889674,1412120576524
FAC68CC32B141F09157A6EA657645932848D8550,544,10,1405406222250,1405438391449,1412120576524
FAC7EDABDF474C68FC34EED0AB50F611FE53F173,2000,45,1405829081398,1405910135211,1412120576524
FAD2ADD04AA26727C64F76094468D8054DC489C4,5000,19,1404967857900,1405910397881,1412120576524
FAD71371C406BBC46DBE7AA5D79E53B0CF1D3756,400,1,1404975579941,1404975579941,1412120576524
FAEA2167A5930EBB71E250FF8261DA54AC6593D3,2000,6,1405224921575,1405812388773,1412120576524
FAED24BBCE1DD6DDCFCC9556E48DAD914F48D98C,760,8,1405469860661,1405470202639,1412120576524
FAF047CDFA79B82AA2BEB82EA47A0193683F0A1B,400,2,1405302281749,1405302281749,1412120576524
FAFF84CB574E05BB8258810B0947D14A5159F08A,680,11,1405101857453,1405102191730,1412120576524
FB0889CC0F098A2A56A6E2777891E6ECDAA0E49F,2000,61,1405568800722,1406832342178,1412120576524
FB0D03F9A7454E5FD3E7E496EB288E51F97FE5AF,2000,46,1404920966370,1405106038150,1412120576524
FB15126101454BC22745AEF84D737CDC6F9147D2,488,8,1405794074311,1405794091932,1412120576524
FB16E7B2DAE805A3542B2E6FF621686A80AF7823,40000,255,1404856902830,1411944614077,1412120576524
FB20FEB728311AB4C8FD8AE23E25C1468D8F6661,488,12,1405556219246,1405628853063,1412120576524
FB2A4E54B9875E824FCEA4CCF1817C8E575F7EA8,5000,27,1405266997290,1405529859929,1412120576524
FB31C64BE5C1091E3192B05E1E738A5B7FF69789,544,11,1405968422668,1405968550355,1412120576524
FB3A98E63957D4718E56B703A66758FA60D1CD09,5000,9,1406358708041,1406359327097,1412120576524
FB409C6D20870C94BAACD24894E6B708CDEBD4DF,440,8,1405308572461,1405634884696,1412120576524
FB4413F378B9A6EC1CCE705B9D377C30EC33AB19,5000,14,1404956222987,1405099617536,1412120576524
FB4AB2FF8F16FCD925563237C914C7925B0222DA,760,19,1404951642472,1405005723297,1412120576524
FB4AC90979723CB4241A6A173629AEB6FA690841,2000,26,1406179554539,1406181165406,1412120576524
FB4F9DE052737EEE44EE057B5AE2E8D405B798ED,440,7,1405352277735,1405352784637,1412120576524
FB52A8D75C3F84BAA712B6DED613BCD56E41FD8D,488,11,1406584590639,1406584933153,1412120576524
FB5463ADE2EEDB3A845A792E19413CA01B626A46,20000,74,1405813367377,1407785604432,1412120576524
FB598655C4709B29CA52525768911D8EE6E93F0C,2000,49,1405555089818,1405933759856,1412120576524
FB5D1330710918F3E8EA8653FC4E9FDFAB3EC259,400,1,1406402355432,1406402355432,1412120576524
FB5EF6E4143FD07A8823F88F1ADC384ECCB08268,2000,31,1405368919200,1405755821155,1412120576524
FB62F38EE071EF22CB8CB48B43EC0D8D5033F670,680,14,1404965230951,1404966025321,1412120576524
FB63EA798C59F42BD9DE369C3B4CEA088527CEAC,9500,69,1405503918316,1408374143581,1412120576524
FB6F5026079886351C71E64AE9A2EBAFC6D060B6,760,20,1405466312536,1405469336230,1412120576524
FB70A913B550A20E7A2066681FE6A3CFF634EFFC,680,7,1405040655061,1405040698526,1412120576524
FB80E67B16F1BCB05C9CCA7AD33097772611D3BE,760,11,1405168884341,1405303648432,1412120576524
FB84AF851567F37BA5701FA8EB02653986C0B3DC,760,19,1405557593346,1405558769984,1412120576524
FB893C530701F7CF0A15D4076C13C196187A10E7,400,1,1406292258969,1406292258969,1412120576524
FB8C976AD9F466F76F83D01C47F7171626082FD7,440,8,1404996564973,1405076366012,1412120576524
FB90618DE0C2FA54809832E728E596B713A94E64,5000,21,1405302450669,1405388569390,1412120576524
FB945D3E7B8D9F4192E75F02FE817902B537251C,15000,31,1405170665793,1405178156043,1412120576524
FB9C69B2FFA142DF78594CE4B20F713C8FA77D0B,20000,120,1405385424196,1406697151383,1412120576524
FBA81E9B8C140D9FE95EEBE92ABB9CB49261CDAD,400,2,1406073830512,1406074027855,1412120576524
FBAABBC07DACD8335E58EFC5384140F6A9DFD2F5,5000,38,1406687891705,1407594124167,1412120576524
FBAB6FE540A93B16EAA610FB6AB73FC496BF1956,5000,29,1406000817718,1406427490165,1412120576524
FBB16EE9BF999F83D79274C832FF02DBAF65ED5B,488,9,1405768148994,1405768279047,1412120576524
FBB82CD30FB2B12BF4CD6944ABBB7946EFD6257B,680,7,1405725363212,1405725372282,1412120576524
FBBAF06229BC845E746EC6D0D9A85949DBB122FC,2000,27,1405303186807,1406463092735,1412120576524
FBBE9FD799F707C7EE12AED1A285F1129C9D1CEF,608,7,1405435175372,1405477374853,1412120576524
FBCD927394D2F6764624E8F84AC62E1A246FD0AD,8000,58,1405037125527,1405253556656,1412120576524
FBDF65C9453934C3E0AC5325F7C6A477933E59B9,400,1,1405040118082,1405040118082,1412120576524
FBE0112F9F6D57CD17BE3F1FD04AD13B23C67366,544,13,1404974628144,1405030635177,1412120576524
FBE20EAD4BE1A3CE83A8DB69D20B97558FCAA804,400,1,1405052715649,1405052715649,1412120576524
FBEBE1103FC4DECC3BEA658A147FC8144D4AFE63,400,1,1408557051977,1408557051977,1412120576524
FBEE720E3DF978D3D8F1756E1A8050F34F5DDAA6,680,8,1405606252167,1405685621951,1412120576524
FBF34FB9F8CED0F07E2E53A0C2108501793CD7E9,488,6,1405475435814,1405475529606,1412120576524
FBFA37BFE524ADAD8CB996303BF4AE51A5F4994A,5000,8,1406682613734,1406682950143,1412120576524
FBFBC1EEEF52A0CBB4447E44B3AE9634F9AD4DF2,760,12,1405877753618,1405878136717,1412120576524
FC112EE8D652F1D3FDE05219D583077882FA9335,36000,99,1405368770101,1405645378616,1412120576524
FC2B4E60F6830FEAFE569FEF2C2D9152C127405B,400,1,1406035494715,1406035494715,1412120576524
FC3D898AC2B25A75112555EA395019CD936469AC,400,2,1405046826903,1405046826903,1412120576524
FC4171110717A3627E313B0E4789D5A3E7F5E690,400,2,1406152656408,1406152694075,1412120576524
FC5710C5D04ADEFECA613E463A27F231A2549A5A,400,1,1404912044580,1404912044580,1412120576524
FC65E45E479E88FF9BBD1B42B08CDBB35FB98663,400,1,1406496388608,1406496388608,1412120576524
FC689C6D75DD9D47BF1DD7D3F7028A5382D4732E,5000,21,1404954405095,1404995152379,1412120576524
FC6D68867374162A615170B13BEEAF3B053BA5B7,5000,66,1405560212799,1406703140475,1412120576524
FC6FDE6858F6DAE88E0D0862B646345F82BFD97C,400,1,1405451787833,1405451787833,1412120576524
FC75DA266F1A42A5E7B59B0681A8CEC9E5745610,36000,135,1405031407180,1409949307698,1412120576524
FC7AAE5C1AF30C2A8EF9B310050C507D2189B180,5000,9,1405329907996,1405425027967,1412120576524
FC8165540465CD37A60F87394A569AF8D059D373,400,2,1406239758484,1406239758484,1412120576524
FC8B30F04B26ADCAC56DCAB541C5A2E554660B5A,608,13,1406557731208,1406557979013,1412120576524
FC9045F84C32697B74987F2F1E51B25D0D5D0256,680,6,1406050414809,1406050446652,1412120576524
FC9FA676C37834C20CB4319917D5E136D6628F69,400,4,1405323823791,1406459679154,1412120576524
FC9FBD78D24368D7D3720F7F9C1E15AAE39F3032,488,15,1406017366220,1406125241182,1412120576524
FCCA448AFE6325087455DD93AB3A0703D26BF286,5000,24,1405435112018,1405790112849,1412120576524
FCCC075351F1178923679F352F928472AAEF61DB,15000,28,1404844678116,1405116466274,1412120576524
FCCE2CB86A9E1007956738E41EC3E43CF315B60C,680,13,1405343138405,1405343326839,1412120576524
FCCE959B670E08DB0973F85066D9CAB1BF9BF400,2000,29,1406329545331,1406330302038,1412120576524
FCD201D7E89E4C6AC9627438EA1F2E8869EEC4F9,760,29,1405885813783,1407053202787,1412120576524
FCD41D019E3219E04AF0A2E5D01AFBC012EDC479,760,24,1404961310081,1405126757049,1412120576524
FCF09767A938115902014B11BA6A088DCB20C5F8,5000,3,1406286327352,1406286695339,1412120576524
FCF16BA8A4A8D56296368E139196DD2014C5F4AA,2000,60,1405386979277,1405563470596,1412120576524
FCF79EBE70619B0B7CE67793586596C438457E4D,5000,52,1404937933182,1404938315871,1412120576524
FD08F8476C570232F3E56087B77B69EB94CC6669,400,1,1405652988546,1405652988546,1412120576524
FD12C0C1DC7CC34EA5FCAAB512313D09C6A7AFDB,5000,29,1404876568429,1404921748374,1412120576524
FD24C3E62B98249E4B3DD0090B966966836D31F2,2000,34,1405134222445,1405907436482,1412120576524
FD28735BA4DBBB9CF5124D06B0261590287C4130,608,11,1406396424514,1406512193660,1412120576524
FD2B8C0DE31BA0CF64588071FB651FBBE76E89BF,400,5,1405221747076,1405221747076,1412120576524
FD2C605B72332E944CF84D44A2597ED656122EC8,608,19,1405137256031,1405978868121,1412120576524
FD3E40F0658BB16D55976C3A457DE3B8607C6F7A,440,5,1405639314888,1405639314888,1412120576524
FD475E881995E745F764B28085FC705BEE3BE3AD,400,1,1410186160762,1410186160762,1412120576524
FD49D8B69BF45A1783D2ED1DA0B98C260C5AF978,544,7,1405651485257,1405651498981,1412120576524
FD54D79754497A7777697726DB72EBC0D9D6568A,488,16,1404736003223,1404762815767,1412120576524
FD5C7DC270A26EB96E09CCF8EFB7E583EC3EAC71,544,18,1405911485508,1406325937236,1412120576524
FD605625B6E808621FE5064FD1A9BB66FBDAC910,488,7,1405234060851,1405234104864,1412120576524
FD6C71FA9418D3BB6C65375F5434866FAF35C8E0,400,1,1404887797029,1404887797029,1412120576524
FD6E31104C6BB5E8BA19660F3528A4D1354AA25D,680,13,1404729268901,1405800936570,1412120576524
FD774D78A52F5DB0A864DFB0DF1237DF29B1ABC1,400,1,1405657412580,1405657412580,1412120576524
FD8FD7BE74206C280750C3949534D34E584B51CC,608,7,1405219838803,1405219855852,1412120576524
FDA4BFE725636F529EFCBCDBD53879BD121E3F2C,400,4,1404878460750,1404878877155,1412120576524
FDA5F58A5679FFB8252A1E0CD57D947189F58B42,400,2,1406437717533,1406438056952,1412120576524
FDA6BD5585B3091405F5828D820069DE10067E0E,2000,20,1406659956702,1406839891603,1412120576524
FDB3834D5273427F0DF6F7EEE04506BE500E7114,544,8,1405634447861,1405634456543,1412120576524
FDB7C901AEA0CFA6663491EA4E677A016A7A9F0F,680,6,1404685813372,1404685818483,1412120576524
FDB882FE564BAACD4BF48B35744A9E262122470F,400,1,1405737110288,1405737110288,1412120576524
FDC10508DED329D978FCA7C3656419530132BC71,400,1,1405192429340,1405192429340,1412120576524
FDC614F9E34AB6D4CF9AB49187798B3DB54CBBB0,760,22,1405486979299,1408157729246,1412120576524
FDCC0F4E556274EC1B66441F81E49AC429A1F773,400,1,1405230013436,1405230013436,1412120576524
FDD03517B4081E987F08B8487E7E56E0489C7A6E,2000,71,1405057338939,1405134492930,1412120576524
FDD318E6CEB326C48B248D813B9964DEA31408DB,544,11,1404369985148,1404370104212,1412120576524
FDD58161F27DEBAE0C999A789577C476AFCF246F,440,3,1405296724359,1407114662696,1412120576524
FDDA5312DC3F2CE7F79C4B43C899E001A958A470,8000,25,1404996296464,1404998003840,1412120576524
FDDA7DFDD00C1DC01393EC18AD098831B7C21785,5000,29,1405473629357,1405904619555,1412120576524
FDDE54180187C43912E231234E12097861517BAA,440,3,1405460908456,1405460908456,1412120576524
FDDE5843EF47F755505BB03940A324287772252C,5000,26,1405983145901,1407182122484,1412120576524
FDE8CB45062E27A0029A03FEE183B9D84329B755,440,14,1405433682088,1405433907073,1412120576524
FDEF37EBED721F7E189A0F4CA2CEB8FD8E0E0618,15000,57,1404963491703,1406655337919,1412120576524
FDF188E254AF057F9478D984453852C08DC6985C,400,1,1405286441004,1405286441004,1412120576524
FDF6D690C297856EA7B10E2F940CE5E16DE8D824,440,8,1406447401645,1409926942789,1412120576524
FDFC2AFECF4223749D5A4B9372D5568EAB66D2BA,5000,15,1405390526292,1405446867873,1412120576524
FDFC62D0D524232B7F65C711CA787D7F63D04314,608,13,1404368940493,1404369145765,1412120576524
FE0681EBB7FDE5915C41EA5D7246CBDF093780B2,2000,50,1404954373217,1404995393891,1412120576524
FE06BEF4FC25F8896C8EADE867CFF1337DE6FAC1,8000,44,1405016200233,1405189530972,1412120576524
FE099CFA21494947AF795C13C8A8DB2288C8012A,608,14,1404956228191,1404956673179,1412120576524
FE1B1EDB67BD243146772E753E18C2AD172E7F1E,400,1,1406148236989,1406148236989,1412120576524
FE1B3EF72F1CFE1E239135A2423FAFF61F921590,760,14,1405801256772,1405807666065,1412120576524
FE1BE0CA829E43F619690D5C82DA5AC53E0FB900,5000,2,1405711521614,1405726183093,1412120576524
FE1F3776B2452150C69917D6D5AD03C1A89A4FE1,760,34,1405021329922,1405024181824,1412120576524
FE27CB9C4CFA94C0D00F04D66B5DE7BB0FF97FD7,5000,8,1406512700511,1406552704691,1412120576524
FE32B3F104BAA4732BCCB1B126EFF17134EBF44C,2000,24,1405249788243,1405276562271,1412120576524
FE35F0D01BBCC4D5533AD2B43E5C4B31F2ED8C39,760,37,1406015079291,1406015261339,1412120576524
FE38B6F06EFDE473009B2ACF8A70FD86D7F093D1,760,37,1405399074835,1405461687855,1412120576524
FE3A623443D2BA99FE08ACCC411FB49BC0F18C2B,400,1,1405216431796,1405216431796,1412120576524
FE410C54F3D6D79BACB65462A38874663EDB2D48,20000,128,1404869779186,1405600031149,1412120576524
FE4293D2B82EB00B82353A7C4A72A2C909E75C9D,680,6,1404372354726,1404372375490,1412120576524
FE6374346A4FDFDA947ECD0B5CD021134FB8DB51,5000,20,1405140768348,1405141415719,1412120576524
FE6DE43C56E9F98921A1DDB56898D226E5A17367,5000,68,1406649481625,1406788488243,1412120576524
FE7C0C39E961E2DAB24C915413E0AF6D8BC4A73F,400,1,1404989110468,1404989110468,1412120576524
FE80C5EF2C3B104BFCAA21C872A0E190D6FDEB52,2160,31,1405303972488,1405305747724,1412120576524
FE8191F651563EDEF5E5E970122DD619452E1E5C,680,6,1406230557738,1406230572730,1412120576524
FE83B6BECDB416B50A7C24AFD01C71CD43F3C2AD,2000,32,1405737051716,1405785587261,1412120576524
FE89D2C5140E3163EAA175127946279463FC817A,760,32,1406096455974,1406493428118,1412120576524
FE8D5113D5ECCE5D0CE91CE3FA6684112527913C,680,18,1405699928639,1405700554465,1412120576524
FE8D710455BB689D14F94CE6A9566C65D2529194,400,1,1405799317875,1405799317875,1412120576524
FE9204AB0309CF82715F7913D23749E8B006A18D,760,30,1405759989716,1405859386308,1412120576524
FE995CE691ACBC8E0D8621AFCE7BB899E26393D0,760,12,1405633081054,1405704273112,1412120576524
FEA447B85E52B73C0DAF793898BE07F18401EA6C,2000,31,1405230189193,1405369072594,1412120576524
FEA47EAC5987D82988E82000E7ADE2156D85F9C5,400,1,1405709404916,1405709404916,1412120576524
FEABD971E1D85C5502A2263C81B4761B9C41533F,440,11,1405386823666,1405387243285,1412120576524
FEB80E69E61D2500808BB80DAE06943B4F33258F,2000,17,1406162152802,1406253129041,1412120576524
FEBDA009175347EBF4008FC00A73C1679C160460,440,5,1405308806685,1405308806685,1412120576524
FEBE4168044F79ABA05D44A9A63DDF68F38D3744,5000,5,1405488270254,1405488712686,1412120576524
FEC23A4E2D74076DFE8AF2EFC0AD27FBD659780A,5000,11,1405807182005,1406007369950,1412120576524
FEFBD05E0C5F010B7FB0F23ADF48D6442BD05D65,440,9,1405085498079,1405085538835,1412120576524
FEFE50CA4A8A1EAD7EDF725A55F0B2BB3ABAC7BC,8000,186,1404867218448,1405055715420,1412120576524
FEFFB8C159633C052238EC3DE206F0F25C1D015D,760,8,1404278239651,1404315652054,1412120576524
FF05502D849262FA5A7FF417BFC8FA5DE75E7804,2000,56,1405303320989,1405650060792,1412120576524
FF0A6864D1F934CE949B5557F6284641B301D486,5000,9,1404963406017,1405300688854,1412120576524
FF1C429481AA5CCC55295EBFF0CC0F7097DFD40A,400,1,1405007774960,1405007774960,1412120576524
FF2093EE4A5978645EA717972696A121A3FCDCB9,400,5,1405898466543,1405898466543,1412120576524
FF307B5802A349F1BE2C6DA6F781DA32A96A1D85,488,8,1405300944768,1405300959031,1412120576524
FF32E39CD7DF80968D137D44B49DF4013A05263C,488,8,1407055669930,1407055697132,1412120576524
FF385E535B1E74B4473B73DEC3EA9AEE1456791D,680,6,1404447185930,1404447209783,1412120576524
FF3E79F00ACB8B019BBBA6AF2B2B63B8EA1DA0F8,608,15,1405866181674,1405899244099,1412120576524
FF4152D19C61C8F8D624D0D312CEEBE31C7831B8,400,1,1405452154673,1405452154673,1412120576524
FF554EEE17E3128549808CB868B4204C28AD5EFB,5000,92,1405715508744,1406068706310,1412120576524
FF572E25CA932B1192F0D6C258EE5C4025E853A3,608,11,1404994676980,1404994968440,1412120576524
FF58FFEAF6A31EDFAC2AC4EB4752193B3894D5B3,5000,55,1404873595506,1405174972665,1412120576524
FF633DE87C35AFD237223D1135848B8FE7E35C5A,130000,335,1405225445153,1409862824632,1412120576524
FF63F09135AF9E4C575984993468DC9941618A12,680,10,1406183220274,1406183322211,1412120576524
FF64744F0E8EB4C5445662E9142DF8E7AA332936,2000,29,1404962655048,1404974084668,1412120576524
FF69D4299D8A9406359A9014822B635EBF8945CB,544,10,1405606059755,1405606386285,1412120576524
FF6A9218CD87371FFBC108AC2CAE8F012882F438,488,12,1405932902673,1405933060655,1412120576524
FF6BCA2F91AAB04E88C50B35ADEC621448F5DF6E,440,3,1405445544464,1405448119939,1412120576524
FF726EF76E4F56D4E0B91A3075AEC8C57AD13AEB,680,16,1405386374096,1405388282555,1412120576524
FF817D56DB0C5490493FBA60C36682D762435F07,760,8,1404879968521,1404977117894,1412120576524
FF8E604F5E69BAD1AA694F2C9A86F1100A7A53A9,760,33,1405549932909,1405550151277,1412120576524
FF959398F78D87BA3BFAF01E6165BD6854F3BAD2,5000,40,1405422960797,1407865183509,1412120576524
FF98B66FF00D92A1C92D8D2BD30B4C02C5DB1B75,544,11,1406386313243,1406386446919,1412120576524
FF9B36BFEFCF07B9EB87A7F4EF714F23913042C7,440,2,1405524559666,1405524559666,1412120576524
FFAE9AFBC0BA99A054D1D2CA85F71BB04CAF99E0,760,53,1405435309492,1405446610487,1412120576524
FFB99ED4F44DC3363CC2168523882519D2160C08,488,16,1406241766471,1406243099383,1412120576524
FFC3CD9239CFA3461ECFDAB1CAEA15D15B6C2F26,2000,31,1405454507849,1405590995314,1412120576524
FFC4540BFAE394D7B1EFEA70F5F3DE126B3A9FE1,680,7,1405733349516,1405733359803,1412120576524
FFC4A07285CB5FC83562FAEACE1B5BA325B2A5D0,2000,33,1404956642693,1404959566541,1412120576524
FFC64A62C3B21E8F702E9CDF3F1C443F920C904B,40000,109,1404890425100,1406762928278,1412120576524
FFCAF2FEAD43EFA5057D6FB23E5759E06E166422,20000,18,1405230422904,1405234205832,1412120576524
FFCD196B7EC9EE44ACE954D9EA08C4BCCA02493D,15000,66,1405433556613,1406617253604,1412120576524
FFD24F2F7D14A51AE9232D9C3ED4F4BD474E258E,760,29,1404475173545,1404989242583,1412120576524
FFD9FF9F120D0E3EED50435196D67EA909C1258E,400,1,1406149714197,1406149714197,1412120576524
FFDFCC0389A222D9DDCB50521C717CBED9B5183E,2000,38,1405303121895,1406258127035,1412120576524
FFE1110741B618F42A64E96CAA50F07F1DCFB781,5000,44,1405312143734,1406517141103,1412120576524
FFE63253BA9C6EC17621E06BEF88D039B81B22E1,20000,324,1405268349113,1405814809835,1412120576524
FFE8820867D603600D8BE7B46F9F4769C12CC94D,440,7,1406601581559,1406601663727,1412120576524
FFEFD0D670FE9B2855C13D18FA1962C3FD6D4F31,400,5,1406353267906,1406353288280,1412120576524
FFF06444D743438DD7F63AEF898CB1DB4CB46E98,760,26,1405501877593,1405503333806,1412120576524
FFF1A89EF301318EB3E380537DCB0A339B255BB7,5000,22,1405399516684,1405470356273,1412120576524
FFF738F606B27AC63ED30BD929948526F9BA2300,488,7,1405235118998,1405235139314,1412120576524
FFF7EB7586B1ABBCFF333C675B8A764C27912D4D,5000,31,1405196807918,1405878863075,1412120576524
FFFC99336BDF05987D39815502ED7099885DF8BC,400,1,1406337086410,1406337086410,1412120576524
